{
    "f1_macro": 0.0,
    "f1_micro": 0.0,
    "cost_summary": {
        "total_input_tokens": 16000,
        "total_output_tokens": 1536,
        "total_tokens": 17536,
        "input_cost_usd": 0.032,
        "output_cost_usd": 0.009216000000000002,
        "total_cost_usd": 0.041215999999999996
    }
}