{
    "f1_macro": 0.58,
    "f1_micro": 0.52,
    "cost_summary": {
        "total_input_tokens": 177638,
        "total_output_tokens": 3247,
        "total_tokens": 180885,
        "input_cost_usd": 0.04440949999999999,
        "output_cost_usd": 0.006494000000000001,
        "total_cost_usd": 0.0509035
    }
}