{
    "f1_micro": 0.949367088607595,
    "f1_macro": 0.8949180327868852,
    "micro_precision": 0.9456264775413712,
    "micro_recall": 0.9531374106433678,
    "total_instances": 61,
    "total_tp": 2400,
    "total_fp": 138,
    "total_fn": 118,
    "cost_summary": {
        "total_input_tokens": 90463,
        "total_output_tokens": 61025,
        "total_tokens": 151488,
        "input_cost_usd": 0.027138900000000035,
        "output_cost_usd": 0.15256250000000005,
        "total_cost_usd": 0.1797014
    }
}