{
    "fuzzy": 0.22247920376553235,
    "cost_summary": {
        "total_input_tokens": 19734,
        "total_output_tokens": 3724,
        "total_tokens": 23458,
        "input_cost_usd": 0.001973400000000001,
        "output_cost_usd": 0.0011172,
        "total_cost_usd": 0.0030905999999999998
    }
}