{
    "f1": 0.563,
    "precision": 0.58,
    "recall": 0.555,
    "mean_iou": 0.54,
    "true_positives": 60,
    "false_positives": 61,
    "false_negatives": 66,
    "num_pages": 46,
    "cost_summary": {
        "total_input_tokens": 50968,
        "total_output_tokens": 2546,
        "total_tokens": 53514,
        "input_cost_usd": 0.06370999999999995,
        "output_cost_usd": 0.025459999999999997,
        "total_cost_usd": 0.08917000000000001
    }
}