{
    "f1_micro": 0.3649337410805301,
    "f1_macro": 0.4106666666666667,
    "micro_precision": 0.36907216494845363,
    "micro_recall": 0.36088709677419356,
    "total_instances": 15,
    "total_tp": 358,
    "total_fp": 612,
    "total_fn": 634,
    "cost_summary": {
        "total_input_tokens": 11625,
        "total_output_tokens": 51113,
        "total_tokens": 62738,
        "input_cost_usd": 0.014531,
        "output_cost_usd": 0.51113,
        "total_cost_usd": 0.525661,
        "pricing_date": "2025-10-28",
        "input_price_per_million": 1.25,
        "output_price_per_million": 10.0
    }
}