{
    "f1_micro": 0.3605150214592274,
    "f1_macro": 0.328,
    "micro_precision": 0.3853211009174312,
    "micro_recall": 0.3387096774193548,
    "total_instances": 15,
    "total_tp": 336,
    "total_fp": 536,
    "total_fn": 656,
    "cost_summary": {
        "total_input_tokens": 18780,
        "total_output_tokens": 7657,
        "total_tokens": 26437,
        "input_cost_usd": 0.037559999999999996,
        "output_cost_usd": 0.061256,
        "total_cost_usd": 0.098816
    }
}