{
    "f1_macro": 0.0,
    "f1_micro": 0.0,
    "cost_summary": {
        "total_input_tokens": 33345,
        "total_output_tokens": 2526,
        "total_tokens": 35871,
        "input_cost_usd": 0.01667249999999999,
        "output_cost_usd": 0.003789000000000002,
        "total_cost_usd": 0.020461500000000018
    }
}