{
    "fuzzy": 83.60596779445989,
    "n": 50,
    "cost_summary": {
        "total_input_tokens": 40325,
        "total_output_tokens": 33348,
        "total_tokens": 73673,
        "input_cost_usd": 0.01613,
        "output_cost_usd": 0.06669599999999999,
        "total_cost_usd": 0.08282599999999998
    }
}