{
    "fuzzy": 0.695549459710199,
    "cost_summary": {
        "total_input_tokens": 79380,
        "total_output_tokens": 4361,
        "total_tokens": 83741,
        "input_cost_usd": 0.031752000000000016,
        "output_cost_usd": 0.008722,
        "total_cost_usd": 0.040474
    }
}