{
    "f1_macro": 0.6,
    "f1_micro": 0.56,
    "cost_summary": {
        "total_input_tokens": 79548,
        "total_output_tokens": 2938,
        "total_tokens": 82486,
        "input_cost_usd": 0.15909599999999996,
        "output_cost_usd": 0.035255999999999996,
        "total_cost_usd": 0.194352
    }
}