{
    "f1_micro": 0.17371335944887212,
    "f1_macro": 0.17704918032786887,
    "micro_precision": 0.10521148654176553,
    "micro_recall": 0.4978706929926442,
    "total_instances": 61,
    "total_tp": 1286,
    "total_fp": 10937,
    "total_fn": 1297,
    "cost_summary": {
        "total_input_tokens": 114497,
        "total_output_tokens": 214505,
        "total_tokens": 329002,
        "input_cost_usd": 0.05724850000000002,
        "output_cost_usd": 0.32175750000000003,
        "total_cost_usd": 0.3790059999999999
    }
}