{
    "f1_micro": 0.31578947368421056,
    "f1_macro": 0.304,
    "micro_precision": 0.3140578265204387,
    "micro_recall": 0.3175403225806452,
    "total_instances": 15,
    "total_tp": 315,
    "total_fp": 688,
    "total_fn": 677,
    "cost_summary": {
        "total_input_tokens": 45575,
        "total_output_tokens": 21255,
        "total_tokens": 66830,
        "input_cost_usd": 0.09115,
        "output_cost_usd": 0.12753,
        "total_cost_usd": 0.21868,
        "pricing_date": "2025-10-28",
        "input_price_per_million": 2.0,
        "output_price_per_million": 6.0
    }
}