{
    "f1_macro": 0.46,
    "f1_micro": 0.42,
    "cost_summary": {
        "total_input_tokens": 157304,
        "total_output_tokens": 3119,
        "total_tokens": 160423,
        "input_cost_usd": 0.031460800000000004,
        "output_cost_usd": 0.0006238000000000001,
        "total_cost_usd": 0.03208459999999999
    }
}