{
    "f1_micro": 0.9112130054189245,
    "f1_macro": 0.8904918032786885,
    "micro_precision": 0.9587719298245614,
    "micro_recall": 0.8681493248610008,
    "total_instances": 61,
    "total_tp": 2186,
    "total_fp": 94,
    "total_fn": 332,
    "cost_summary": {
        "total_input_tokens": 245626,
        "total_output_tokens": 45669,
        "total_tokens": 291295,
        "input_cost_usd": 1.2281300000000004,
        "output_cost_usd": 1.1417250000000003,
        "total_cost_usd": 2.3698550000000003
    }
}