{
    "fuzzy": 91.76069704154828,
    "n": 50,
    "cost_summary": {
        "total_input_tokens": 40325,
        "total_output_tokens": 29915,
        "total_tokens": 70240,
        "input_cost_usd": 0.0040325,
        "output_cost_usd": 0.008974500000000003,
        "total_cost_usd": 0.013007000000000001
    }
}