{
    "fuzzy": 0.314,
    "cer": 0.698,
    "cost_summary": {
        "total_input_tokens": 12111,
        "total_output_tokens": 9130,
        "total_tokens": 21241,
        "input_cost_usd": 0.0012111000000000001,
        "output_cost_usd": 0.002739,
        "total_cost_usd": 0.0039501
    }
}