{
    "f1_macro": 0.52,
    "f1_micro": 0.52,
    "cost_summary": {
        "total_input_tokens": 44436,
        "total_output_tokens": 3735,
        "total_tokens": 48171,
        "input_cost_usd": 0.013330799999999995,
        "output_cost_usd": 0.009337500000000002,
        "total_cost_usd": 0.0226683
    }
}