{
    "f1_micro": 0.08550434201736808,
    "f1_macro": 0.045737704918032786,
    "micro_precision": 0.051397365884998394,
    "micro_recall": 0.2541699761715647,
    "total_instances": 61,
    "total_tp": 640,
    "total_fp": 11812,
    "total_fn": 1878,
    "cost_summary": {
        "total_input_tokens": 110410,
        "total_output_tokens": 239159,
        "total_tokens": 349569,
        "input_cost_usd": 0.02208200000000001,
        "output_cost_usd": 0.04783179999999998,
        "total_cost_usd": 0.06991380000000003
    }
}