{
    "fuzzy": 0.627,
    "cer": 0.377,
    "cost_summary": {
        "total_input_tokens": 17189,
        "total_output_tokens": 23497,
        "total_tokens": 40686,
        "input_cost_usd": 0.0017189000000000002,
        "output_cost_usd": 0.00352455,
        "total_cost_usd": 0.00524345
    }
}