{
    "fuzzy": 75.91079426592802,
    "n": 50,
    "cost_summary": {
        "total_input_tokens": 32126,
        "total_output_tokens": 26898,
        "total_tokens": 59024,
        "input_cost_usd": 0.004818899999999999,
        "output_cost_usd": 0.016138800000000002,
        "total_cost_usd": 0.0209577
    }
}