{
    "f1_macro": 0.64,
    "f1_micro": 0.59,
    "cost_summary": {
        "total_input_tokens": 79548,
        "total_output_tokens": 1860,
        "total_tokens": 81408,
        "input_cost_usd": 0.03977399999999999,
        "output_cost_usd": 0.005580000000000002,
        "total_cost_usd": 0.04535400000000002
    }
}