{
    "f1_macro": 0.54,
    "f1_micro": 0.51,
    "cost_summary": {
        "total_input_tokens": 38386,
        "total_output_tokens": 973,
        "total_tokens": 39359,
        "input_cost_usd": 0.019192999999999998,
        "output_cost_usd": 0.0014594999999999999,
        "total_cost_usd": 0.0206525
    }
}