{
    "f1_macro": 0.6,
    "f1_micro": 0.55,
    "cost_summary": {
        "total_input_tokens": 30028,
        "total_output_tokens": 765,
        "total_tokens": 30793,
        "input_cost_usd": 0.015014000000000001,
        "output_cost_usd": 0.0011474999999999999,
        "total_cost_usd": 0.0161615
    }
}