{
    "fuzzy": 96.54712453546026,
    "n": 50,
    "cost_summary": {
        "total_input_tokens": 74146,
        "total_output_tokens": 46300,
        "total_tokens": 120446,
        "input_cost_usd": 0.22243799999999994,
        "output_cost_usd": 0.6945000000000001,
        "total_cost_usd": 0.9169379999999999
    }
}