{
    "fuzzy": 0.346,
    "cer": 0.703,
    "cost_summary": {
        "total_input_tokens": 12111,
        "total_output_tokens": 6230,
        "total_tokens": 18341,
        "input_cost_usd": 0.0048444000000000004,
        "output_cost_usd": 0.012459999999999999,
        "total_cost_usd": 0.017304399999999998
    }
}