{
    "f1": 0.0,
    "precision": 0.0,
    "recall": 0.0,
    "mean_iou": 0.0,
    "true_positives": 0,
    "false_positives": 1842,
    "false_negatives": 126,
    "num_pages": 46,
    "cost_summary": {
        "total_input_tokens": 5080,
        "total_output_tokens": 47515,
        "total_tokens": 52595,
        "input_cost_usd": 0.010159999999999997,
        "output_cost_usd": 0.23757500000000004,
        "total_cost_usd": 0.24773499999999993
    }
}