{
    "f1_micro": 0.44983034415899176,
    "f1_macro": 0.45733333333333337,
    "micro_precision": 0.4332399626517274,
    "micro_recall": 0.46774193548387094,
    "total_instances": 15,
    "total_tp": 464,
    "total_fp": 607,
    "total_fn": 528,
    "cost_summary": {
        "total_input_tokens": 35814,
        "total_output_tokens": 13777,
        "total_tokens": 49591,
        "input_cost_usd": 0.17906999999999998,
        "output_cost_usd": 0.344425,
        "total_cost_usd": 0.5234949999999999
    }
}