{
    "f1_micro": 0.967384858667721,
    "f1_macro": 0.9080327868852459,
    "micro_precision": 0.9630066902794175,
    "micro_recall": 0.971803018268467,
    "total_instances": 61,
    "total_tp": 2447,
    "total_fp": 94,
    "total_fn": 71,
    "cost_summary": {
        "total_input_tokens": 143605,
        "total_output_tokens": 60244,
        "total_tokens": 203849,
        "input_cost_usd": 0.035901249999999996,
        "output_cost_usd": 0.09036599999999997,
        "total_cost_usd": 0.12626725
    }
}