{
    "f1_macro": 0.58,
    "f1_micro": 0.58,
    "cost_summary": {
        "total_input_tokens": 280558,
        "total_output_tokens": 5290,
        "total_tokens": 285848,
        "input_cost_usd": 0.16833480000000003,
        "output_cost_usd": 0.01904400000000001,
        "total_cost_usd": 0.18737879999999998
    }
}