{
    "f1_micro": 0.535250207354161,
    "f1_macro": 0.5162295081967213,
    "micro_precision": 0.41051738761662426,
    "micro_recall": 0.7688641779189833,
    "total_instances": 61,
    "total_tp": 1936,
    "total_fp": 2780,
    "total_fn": 582,
    "cost_summary": {
        "total_input_tokens": 246675,
        "total_output_tokens": 95241,
        "total_tokens": 341916,
        "input_cost_usd": 0.03700125,
        "output_cost_usd": 0.014286149999999997,
        "total_cost_usd": 0.0512874
    }
}