{
    "fuzzy": 0.568,
    "cer": 0.478,
    "cost_summary": {
        "total_input_tokens": 33852,
        "total_output_tokens": 2678,
        "total_tokens": 36530,
        "input_cost_usd": 0.0027081599999999994,
        "output_cost_usd": 0.0008033999999999999,
        "total_cost_usd": 0.0035115600000000004
    }
}