{
    "f1_micro": 0.24346076458752516,
    "f1_macro": 0.256,
    "micro_precision": 0.2429718875502008,
    "micro_recall": 0.2439516129032258,
    "total_instances": 15,
    "total_tp": 242,
    "total_fp": 754,
    "total_fn": 750,
    "cost_summary": {
        "total_input_tokens": 11612,
        "total_output_tokens": 13486,
        "total_tokens": 25098,
        "input_cost_usd": 0.002322,
        "output_cost_usd": 0.00944,
        "total_cost_usd": 0.011763,
        "pricing_date": "2025-10-28",
        "input_price_per_million": 0.2,
        "output_price_per_million": 0.7
    }
}