{
    "fuzzy": 92.55572694999124,
    "n": 50,
    "cost_summary": {
        "total_input_tokens": 33812,
        "total_output_tokens": 57077,
        "total_tokens": 90889,
        "input_cost_usd": 0.0033812000000000004,
        "output_cost_usd": 0.022830800000000002,
        "total_cost_usd": 0.026212000000000003
    }
}