{
    "f1_macro": 0.0,
    "f1_micro": 0.0,
    "cost_summary": {
        "total_input_tokens": 36480,
        "total_output_tokens": 3208,
        "total_tokens": 39688,
        "input_cost_usd": 0.07296000000000011,
        "output_cost_usd": 0.019247999999999987,
        "total_cost_usd": 0.0922080000000001
    }
}