{
    "f1_macro": 0.44,
    "f1_micro": 0.52,
    "cost_summary": {
        "total_input_tokens": 1301450,
        "total_output_tokens": 1717,
        "total_tokens": 1303167,
        "input_cost_usd": 0.19521750000000004,
        "output_cost_usd": 0.0010302000000000002,
        "total_cost_usd": 0.1962477
    }
}