{
    "f1_macro": 0.58,
    "f1_micro": 0.54,
    "cost_summary": {
        "total_input_tokens": 127000,
        "total_output_tokens": 1848,
        "total_tokens": 128848,
        "input_cost_usd": 0.22225000000000006,
        "output_cost_usd": 0.025872,
        "total_cost_usd": 0.24812199999999995
    }
}