{
    "f1_micro": 0.3367139959432049,
    "f1_macro": 0.31666666666666665,
    "micro_precision": 0.33877551020408164,
    "micro_recall": 0.3346774193548387,
    "total_instances": 15,
    "total_tp": 332,
    "total_fp": 648,
    "total_fn": 660,
    "cost_summary": {
        "total_input_tokens": 9780,
        "total_output_tokens": 20319,
        "total_tokens": 30099,
        "input_cost_usd": 0.000978,
        "output_cost_usd": 0.008128,
        "total_cost_usd": 0.009106,
        "pricing_date": "2025-10-28",
        "input_price_per_million": 0.1,
        "output_price_per_million": 0.4
    }
}