{
    "f1_micro": 0.41399082568807344,
    "f1_macro": 0.36333333333333334,
    "micro_precision": 0.4800531914893617,
    "micro_recall": 0.3639112903225806,
    "total_instances": 15,
    "total_tp": 361,
    "total_fp": 391,
    "total_fn": 631,
    "cost_summary": {
        "total_input_tokens": 27786,
        "total_output_tokens": 9904,
        "total_tokens": 37690,
        "input_cost_usd": 0.0111144,
        "output_cost_usd": 0.019808,
        "total_cost_usd": 0.030922400000000003
    }
}