{
    "f1_macro": 0.39,
    "f1_micro": 0.48,
    "cost_summary": {
        "total_input_tokens": 13930,
        "total_output_tokens": 338,
        "total_tokens": 14268,
        "input_cost_usd": 0.006965,
        "output_cost_usd": 0.0005070000000000001,
        "total_cost_usd": 0.0074719999999999995
    }
}