{
    "f1_macro": 0.43,
    "f1_micro": 0.47,
    "cost_summary": {
        "total_input_tokens": 88864,
        "total_output_tokens": 1838,
        "total_tokens": 90702,
        "input_cost_usd": 0.04443199999999998,
        "output_cost_usd": 0.0027569999999999995,
        "total_cost_usd": 0.04718899999999999
    }
}