{
    "f1_micro": 0.40079562406762803,
    "f1_macro": 0.39133333333333337,
    "micro_precision": 0.39548577036310106,
    "micro_recall": 0.40625,
    "total_instances": 15,
    "total_tp": 403,
    "total_fp": 616,
    "total_fn": 589,
    "cost_summary": {
        "total_input_tokens": 16723,
        "total_output_tokens": 16175,
        "total_tokens": 32898,
        "input_cost_usd": 0.025084499999999996,
        "output_cost_usd": 0.145575,
        "total_cost_usd": 0.17065950000000002
    }
}