{
    "fuzzy": 11.741041883827341,
    "n": 50,
    "cost_summary": {
        "total_input_tokens": 5110,
        "total_output_tokens": 4132,
        "total_tokens": 9242,
        "input_cost_usd": 0.010220000000000002,
        "output_cost_usd": 0.020659999999999998,
        "total_cost_usd": 0.03088
    }
}