{
    "f1": 0.199,
    "precision": 0.21,
    "recall": 0.195,
    "mean_iou": 0.171,
    "true_positives": 16,
    "false_positives": 101,
    "false_negatives": 110,
    "num_pages": 46,
    "cost_summary": {
        "total_input_tokens": 118956,
        "total_output_tokens": 1759,
        "total_tokens": 120715,
        "input_cost_usd": 0.04758239999999998,
        "output_cost_usd": 0.002814399999999999,
        "total_cost_usd": 0.050396800000000005
    }
}