{
    "f1_micro": 0.23182711198428294,
    "f1_macro": 0.23333333333333334,
    "micro_precision": 0.33084112149532713,
    "micro_recall": 0.17842741935483872,
    "total_instances": 15,
    "total_tp": 177,
    "total_fp": 358,
    "total_fn": 815,
    "cost_summary": {
        "total_input_tokens": 36269,
        "total_output_tokens": 7692,
        "total_tokens": 43961,
        "input_cost_usd": 0.0,
        "output_cost_usd": 0.0,
        "total_cost_usd": 0.0007004
    }
}