{
    "f1_micro": 0.8524525316455696,
    "f1_macro": 0.8463498098859316,
    "micro_precision": 0.8159787959106399,
    "micro_recall": 0.8923395445134575,
    "total_instances": 263,
    "total_tp": 2155,
    "total_fp": 486,
    "total_fn": 260,
    "cost_summary": {
        "total_input_tokens": 706230,
        "total_output_tokens": 57399,
        "total_tokens": 763629,
        "input_cost_usd": 3.5311500000000016,
        "output_cost_usd": 1.434975000000001,
        "total_cost_usd": 4.966125000000003
    }
}