{
    "fuzzy": 0.978,
    "cer": 0.027,
    "cost_summary": {
        "total_input_tokens": 14665,
        "total_output_tokens": 11591,
        "total_tokens": 26256,
        "input_cost_usd": 0.043995000000000006,
        "output_cost_usd": 0.17386500000000002,
        "total_cost_usd": 0.21786
    }
}