{
    "f1_micro": 0.4230355220667384,
    "f1_macro": 0.39066666666666666,
    "micro_precision": 0.45381062355658197,
    "micro_recall": 0.3961693548387097,
    "total_instances": 15,
    "total_tp": 393,
    "total_fp": 473,
    "total_fn": 599,
    "cost_summary": {
        "total_input_tokens": 559830,
        "total_output_tokens": 11432,
        "total_tokens": 571262,
        "input_cost_usd": 0.0839745,
        "output_cost_usd": 0.0068592,
        "total_cost_usd": 0.09083369999999999
    }
}