{
    "fuzzy": 91.1247658864478,
    "n": 50,
    "cost_summary": {
        "total_input_tokens": 33664,
        "total_output_tokens": 176691,
        "total_tokens": 210355,
        "input_cost_usd": 0.008416000000000002,
        "output_cost_usd": 0.353382,
        "total_cost_usd": 0.3617980000000002
    }
}