{
    "f1_micro": 0.5178841309823677,
    "f1_macro": 0.5086666666666667,
    "micro_precision": 0.5176233635448136,
    "micro_recall": 0.5181451612903226,
    "total_instances": 15,
    "total_tp": 514,
    "total_fp": 479,
    "total_fn": 478,
    "cost_summary": {
        "total_input_tokens": 9855,
        "total_output_tokens": 13821,
        "total_tokens": 23676,
        "input_cost_usd": 0.0029565,
        "output_cost_usd": 0.0345525,
        "total_cost_usd": 0.037509
    }
}