{
    "f1_micro": 0.5114854517611025,
    "f1_macro": 0.49933333333333335,
    "micro_precision": 0.5180972078593589,
    "micro_recall": 0.5050403225806451,
    "total_instances": 15,
    "total_tp": 501,
    "total_fp": 466,
    "total_fn": 491,
    "cost_summary": {
        "total_input_tokens": 20925,
        "total_output_tokens": 8746,
        "total_tokens": 29671,
        "input_cost_usd": 0.026156249999999995,
        "output_cost_usd": 0.08746,
        "total_cost_usd": 0.11361625
    }
}