{
    "fuzzy": 92.19732746888457,
    "n": 50,
    "cost_summary": {
        "total_input_tokens": 31538,
        "total_output_tokens": 29227,
        "total_tokens": 60765,
        "input_cost_usd": 0.0394225,
        "output_cost_usd": 0.2922699999999999,
        "total_cost_usd": 0.3316924999999999
    }
}