{
    "fuzzy": 0.7849366269736178,
    "cost_summary": {
        "total_input_tokens": 21578,
        "total_output_tokens": 4639,
        "total_tokens": 26217,
        "input_cost_usd": 0.0377615,
        "output_cost_usd": 0.064946,
        "total_cost_usd": 0.1027075
    }
}