{
    "fuzzy": 0.6719216419153977,
    "cost_summary": {
        "total_input_tokens": 15016,
        "total_output_tokens": 8908,
        "total_tokens": 23924,
        "input_cost_usd": 0.0015016,
        "output_cost_usd": 0.0026724,
        "total_cost_usd": 0.004174000000000001
    }
}