{
    "f1_micro": 0.22789984670413901,
    "f1_macro": 0.20733333333333331,
    "micro_precision": 0.23108808290155441,
    "micro_recall": 0.2247983870967742,
    "total_instances": 15,
    "total_tp": 223,
    "total_fp": 742,
    "total_fn": 769,
    "cost_summary": {
        "total_input_tokens": 5305,
        "total_output_tokens": 19816,
        "total_tokens": 25121,
        "input_cost_usd": 0.00042439999999999996,
        "output_cost_usd": 0.006935599999999999,
        "total_cost_usd": 0.007359999999999999
    }
}