{
    "f1_micro": 0.8423396073669297,
    "f1_macro": 0.8355513307984791,
    "micro_precision": 0.8238321456848773,
    "micro_recall": 0.8616977225672878,
    "total_instances": 263,
    "total_tp": 2081,
    "total_fp": 445,
    "total_fn": 334,
    "cost_summary": {
        "total_input_tokens": 524234,
        "total_output_tokens": 43488,
        "total_tokens": 567722,
        "input_cost_usd": 0.10484680000000018,
        "output_cost_usd": 0.008697600000000002,
        "total_cost_usd": 0.1135444
    }
}