{
    "f1_macro": 0.15,
    "f1_micro": 0.18,
    "cost_summary": {
        "total_input_tokens": 22315,
        "total_output_tokens": 1364,
        "total_tokens": 23679,
        "input_cost_usd": 0.04462999999999999,
        "output_cost_usd": 0.008184000000000002,
        "total_cost_usd": 0.05281399999999998
    }
}