{
    "f1_micro": 0.26910994764397905,
    "f1_macro": 0.306,
    "micro_precision": 0.27995642701525053,
    "micro_recall": 0.2590725806451613,
    "total_instances": 15,
    "total_tp": 257,
    "total_fp": 661,
    "total_fn": 735,
    "cost_summary": {
        "total_input_tokens": 12110,
        "total_output_tokens": 12227,
        "total_tokens": 24337,
        "input_cost_usd": 0.024219999999999995,
        "output_cost_usd": 0.073362,
        "total_cost_usd": 0.097582
    }
}