{
    "f1": 0.181,
    "precision": 0.188,
    "recall": 0.184,
    "mean_iou": 0.174,
    "true_positives": 11,
    "false_positives": 83,
    "false_negatives": 115,
    "num_pages": 46,
    "cost_summary": {
        "total_input_tokens": 78560,
        "total_output_tokens": 3257,
        "total_tokens": 81817,
        "input_cost_usd": 0.03927999999999999,
        "output_cost_usd": 0.0048855,
        "total_cost_usd": 0.04416550000000002
    }
}