{
    "fuzzy": 0.77,
    "cer": 0.235,
    "cost_summary": {
        "total_input_tokens": 8090,
        "total_output_tokens": 10134,
        "total_tokens": 18224,
        "input_cost_usd": 0.012135,
        "output_cost_usd": 0.09120600000000001,
        "total_cost_usd": 0.10334100000000002
    }
}