{
    "f1_micro": 0.5630585898709036,
    "f1_macro": 0.558,
    "micro_precision": 0.5547945205479452,
    "micro_recall": 0.5715725806451613,
    "total_instances": 15,
    "total_tp": 567,
    "total_fp": 455,
    "total_fn": 425,
    "cost_summary": {
        "total_input_tokens": 46801,
        "total_output_tokens": 49516,
        "total_tokens": 96317,
        "input_cost_usd": 0.012168259999999998,
        "output_cost_usd": 0.07724496,
        "total_cost_usd": 0.08941322
    }
}