{
    "f1_macro": 0.59,
    "f1_micro": 0.54,
    "cost_summary": {
        "total_input_tokens": 189262,
        "total_output_tokens": 144112,
        "total_tokens": 333374,
        "input_cost_usd": 0.07381218000000002,
        "output_cost_usd": 0.33722208,
        "total_cost_usd": 0.4110342599999999
    }
}