{
    "f1_micro": 0.5425641025641027,
    "f1_macro": 0.526,
    "micro_precision": 0.5521920668058455,
    "micro_recall": 0.5332661290322581,
    "total_instances": 15,
    "total_tp": 529,
    "total_fp": 429,
    "total_fn": 463,
    "cost_summary": {
        "total_input_tokens": 21900,
        "total_output_tokens": 31600,
        "total_tokens": 53500,
        "input_cost_usd": 0.04379999999999999,
        "output_cost_usd": 0.2528,
        "total_cost_usd": 0.29660000000000003
    }
}