{
    "f1_micro": 0.8360075015628257,
    "f1_macro": 0.8299619771863118,
    "micro_precision": 0.8414429530201343,
    "micro_recall": 0.8306418219461698,
    "total_instances": 263,
    "total_tp": 2006,
    "total_fp": 378,
    "total_fn": 409,
    "cost_summary": {
        "total_input_tokens": 433687,
        "total_output_tokens": 190890,
        "total_tokens": 624577,
        "input_cost_usd": 0.8673740000000041,
        "output_cost_usd": 1.5271199999999996,
        "total_cost_usd": 2.394494
    }
}