{
    "fuzzy": 0.8197219132996738,
    "cost_summary": {
        "total_input_tokens": 137847,
        "total_output_tokens": 2911,
        "total_tokens": 140758,
        "input_cost_usd": 0.013784700000000004,
        "output_cost_usd": 0.0011644,
        "total_cost_usd": 0.014949100000000002
    }
}