{
    "fuzzy": 0.9057745105811548,
    "cost_summary": {
        "total_input_tokens": 156595,
        "total_output_tokens": 8177,
        "total_tokens": 164772,
        "input_cost_usd": 0.7829749999999998,
        "output_cost_usd": 0.20442499999999997,
        "total_cost_usd": 0.9873999999999999
    }
}