{
    "f1_macro": 0.6259090140368678,
    "f1_micro": 0.5968586387434555
}