{
    "fuzzy": 0.6728442198680346,
    "cost_summary": {
        "total_input_tokens": 15449,
        "total_output_tokens": 9988,
        "total_tokens": 25437,
        "input_cost_usd": 0.0061796,
        "output_cost_usd": 0.015980800000000003,
        "total_cost_usd": 0.0221604
    }
}