{
    "f1_micro": 0.7984255230992335,
    "f1_macro": 0.7916349809885931,
    "micro_precision": 0.798922056384743,
    "micro_recall": 0.7979296066252588,
    "total_instances": 263,
    "total_tp": 1927,
    "total_fp": 485,
    "total_fn": 488,
    "cost_summary": {
        "total_input_tokens": 432393,
        "total_output_tokens": 40576,
        "total_tokens": 472969,
        "input_cost_usd": 0.034591,
        "output_cost_usd": 0.020288,
        "total_cost_usd": 0.054879,
        "pricing_date": "2025-10-20",
        "input_price_per_million": 0.08,
        "output_price_per_million": 0.5
    }
}