{
    "f1_macro": 0.43,
    "f1_micro": 0.48,
    "cost_summary": {
        "total_input_tokens": 85215,
        "total_output_tokens": 2624,
        "total_tokens": 87839,
        "input_cost_usd": 0.08521499999999997,
        "output_cost_usd": 0.013119999999999998,
        "total_cost_usd": 0.09833500000000002
    }
}