{
    "f1": 0.022,
    "precision": 0.022,
    "recall": 0.022,
    "mean_iou": 0.011,
    "true_positives": 1,
    "false_positives": 121,
    "false_negatives": 125,
    "num_pages": 46,
    "cost_summary": {
        "total_input_tokens": 132670,
        "total_output_tokens": 26560,
        "total_tokens": 159230,
        "input_cost_usd": 0.021558875000000005,
        "output_cost_usd": 0.034527999999999996,
        "total_cost_usd": 0.056086875
    }
}