{
    "f1_macro": 0.72,
    "f1_micro": 0.83,
    "cost_summary": {
        "total_input_tokens": 46620,
        "total_output_tokens": 1406,
        "total_tokens": 48026,
        "input_cost_usd": 0.09323999999999999,
        "output_cost_usd": 0.016871999999999998,
        "total_cost_usd": 0.11011200000000003
    }
}