{
    "f1_macro": 0.87,
    "f1_micro": 0.92,
    "cost_summary": {
        "total_input_tokens": 46620,
        "total_output_tokens": 1627,
        "total_tokens": 48247,
        "input_cost_usd": 0.06992999999999999,
        "output_cost_usd": 0.014642999999999998,
        "total_cost_usd": 0.08457300000000001
    }
}