{
    "f1_micro": 0.28205128205128205,
    "f1_macro": 0.2613333333333333,
    "micro_precision": 0.27606177606177607,
    "micro_recall": 0.28830645161290325,
    "total_instances": 15,
    "total_tp": 286,
    "total_fp": 750,
    "total_fn": 706,
    "cost_summary": {
        "total_input_tokens": 39915,
        "total_output_tokens": 15501,
        "total_tokens": 55416,
        "input_cost_usd": 0.0059872499999999995,
        "output_cost_usd": 0.00232515,
        "total_cost_usd": 0.0083124
    }
}