{
    "f1_micro": 0.8441452468380253,
    "f1_macro": 0.8353992395437263,
    "micro_precision": 0.8319260152794532,
    "micro_recall": 0.856728778467909,
    "total_instances": 263,
    "total_tp": 2069,
    "total_fp": 418,
    "total_fn": 346,
    "cost_summary": {
        "total_input_tokens": 705967,
        "total_output_tokens": 53094,
        "total_tokens": 759061,
        "input_cost_usd": 0.7059670000000016,
        "output_cost_usd": 0.2654700000000001,
        "total_cost_usd": 0.9714370000000003
    }
}