{
    "f1_micro": 0.0008244023083264633,
    "f1_macro": 0.0003802281368821293,
    "micro_precision": 0.09090909090909091,
    "micro_recall": 0.00041407867494824016,
    "total_instances": 263,
    "total_tp": 1,
    "total_fp": 10,
    "total_fn": 2414,
    "cost_summary": {
        "total_input_tokens": 314548,
        "total_output_tokens": 158789,
        "total_tokens": 473337,
        "input_cost_usd": 0.15727399999999955,
        "output_cost_usd": 0.07939450000000006,
        "total_cost_usd": 0.2366685000000007
    }
}