{
    "f1_macro": 0.54,
    "f1_micro": 0.54,
    "cost_summary": {
        "total_input_tokens": 261701,
        "total_output_tokens": 3117,
        "total_tokens": 264818,
        "input_cost_usd": 0.10468039999999999,
        "output_cost_usd": 0.0049872000000000015,
        "total_cost_usd": 0.10966760000000005
    }
}