{
    "f1_macro": 0.3405701754385965,
    "f1_micro": 0.30493273542600896
}