{
    "fuzzy": 0.0,
    "cost_summary": {
        "total_input_tokens": 16174,
        "total_output_tokens": 9289,
        "total_tokens": 25463,
        "input_cost_usd": 0.048521999999999996,
        "output_cost_usd": 0.13933500000000001,
        "total_cost_usd": 0.187857
    }
}