{
    "fuzzy": 0.03589735444150553,
    "cost_summary": {
        "total_input_tokens": 4946,
        "total_output_tokens": 2168,
        "total_tokens": 7114,
        "input_cost_usd": 0.0004946000000000001,
        "output_cost_usd": 0.0006504,
        "total_cost_usd": 0.0011450000000000002
    }
}