{
    "f1_macro": 0.5,
    "f1_micro": 0.57,
    "cost_summary": {
        "total_input_tokens": 102920,
        "total_output_tokens": 2546,
        "total_tokens": 105466,
        "input_cost_usd": 0.010291999999999999,
        "output_cost_usd": 0.0010184,
        "total_cost_usd": 0.0113104
    }
}