{
    "f1_macro": 0.55,
    "f1_micro": 0.65,
    "cost_summary": {
        "total_input_tokens": 17430,
        "total_output_tokens": 2272,
        "total_tokens": 19702,
        "input_cost_usd": 0.0217875,
        "output_cost_usd": 0.02272,
        "total_cost_usd": 0.044507500000000005
    }
}