{
    "fuzzy": 92.68166031632165,
    "n": 50,
    "cost_summary": {
        "total_input_tokens": 59496,
        "total_output_tokens": 34606,
        "total_tokens": 94102,
        "input_cost_usd": 0.89244,
        "output_cost_usd": 2.595450000000001,
        "total_cost_usd": 3.48789
    }
}