{
    "f1_micro": 0.2067099567099567,
    "f1_macro": 0.23333333333333334,
    "micro_precision": 0.22313084112149534,
    "micro_recall": 0.19254032258064516,
    "total_instances": 15,
    "total_tp": 191,
    "total_fp": 665,
    "total_fn": 801,
    "cost_summary": {
        "total_input_tokens": 51470,
        "total_output_tokens": 14974,
        "total_tokens": 66444,
        "input_cost_usd": 0.10294,
        "output_cost_usd": 0.089844,
        "total_cost_usd": 0.192784,
        "pricing_date": "2025-10-28",
        "input_price_per_million": 2.0,
        "output_price_per_million": 6.0
    }
}