{
    "f1_macro": 0.52,
    "f1_micro": 0.61,
    "cost_summary": {
        "total_input_tokens": 85240,
        "total_output_tokens": 2370,
        "total_tokens": 87610,
        "input_cost_usd": 0.2557200000000001,
        "output_cost_usd": 0.035550000000000005,
        "total_cost_usd": 0.29127
    }
}