{
    "f1_macro": 0.46,
    "f1_micro": 0.42,
    "cost_summary": {
        "total_input_tokens": 128622,
        "total_output_tokens": 3573,
        "total_tokens": 132195,
        "input_cost_usd": 1.9293299999999993,
        "output_cost_usd": 0.26797499999999996,
        "total_cost_usd": 2.197305
    }
}