{
    "f1_micro": 0.8891950403463884,
    "f1_macro": 0.8578688524590163,
    "micro_precision": 0.8813889972688256,
    "micro_recall": 0.8971405877680699,
    "total_instances": 61,
    "total_tp": 2259,
    "total_fp": 304,
    "total_fn": 259,
    "cost_summary": {
        "total_input_tokens": 211334,
        "total_output_tokens": 50609,
        "total_tokens": 261943,
        "input_cost_usd": 0.0,
        "output_cost_usd": 0.0,
        "total_cost_usd": 0.00984585
    }
}