{
    "f1_macro": 0.0,
    "f1_micro": 0.0,
    "cost_summary": {
        "total_input_tokens": 14625,
        "total_output_tokens": 1020,
        "total_tokens": 15645,
        "input_cost_usd": 0.029250000000000016,
        "output_cost_usd": 0.005099999999999999,
        "total_cost_usd": 0.03435
    }
}