{
    "f1_macro": 0.0,
    "f1_micro": 0.0,
    "cost_summary": {
        "total_input_tokens": 18720,
        "total_output_tokens": 1436,
        "total_tokens": 20156,
        "input_cost_usd": 0.001871999999999999,
        "output_cost_usd": 0.0004308000000000001,
        "total_cost_usd": 0.0023028
    }
}