{
    "f1_micro": 0.30955120828538557,
    "f1_macro": 0.21866666666666665,
    "micro_precision": 0.3605898123324397,
    "micro_recall": 0.2711693548387097,
    "total_instances": 15,
    "total_tp": 269,
    "total_fp": 477,
    "total_fn": 723,
    "cost_summary": {
        "total_input_tokens": 23265,
        "total_output_tokens": 10981,
        "total_tokens": 34246,
        "input_cost_usd": 0.0116325,
        "output_cost_usd": 0.016471499999999997,
        "total_cost_usd": 0.028104000000000004
    }
}