{
    "fuzzy": 94.49015291652756,
    "n": 50,
    "cost_summary": {
        "total_input_tokens": 33621,
        "total_output_tokens": 147219,
        "total_tokens": 180840,
        "input_cost_usd": 0.06724200000000001,
        "output_cost_usd": 1.1777520000000001,
        "total_cost_usd": 1.2449940000000002
    }
}