{
    "fuzzy": 0.864193303774361,
    "cost_summary": {
        "total_input_tokens": 103227,
        "total_output_tokens": 3427,
        "total_tokens": 106654,
        "input_cost_usd": 0.25806750000000006,
        "output_cost_usd": 0.051405,
        "total_cost_usd": 0.30947250000000015
    }
}