{
    "fuzzy": 86.41974492140481,
    "n": 50,
    "cost_summary": {
        "total_input_tokens": 44830,
        "total_output_tokens": 46399,
        "total_tokens": 91229,
        "input_cost_usd": 0.08965999999999999,
        "output_cost_usd": 0.2783939999999999,
        "total_cost_usd": 0.368054
    }
}