{
    "f1_macro": 0.49,
    "f1_micro": 0.56,
    "cost_summary": {
        "total_input_tokens": 17430,
        "total_output_tokens": 2268,
        "total_tokens": 19698,
        "input_cost_usd": 0.005228999999999998,
        "output_cost_usd": 0.0056700000000000006,
        "total_cost_usd": 0.010898999999999999
    }
}