{
    "fuzzy": 0.6737757855956106,
    "cost_summary": {
        "total_input_tokens": 16174,
        "total_output_tokens": 10102,
        "total_tokens": 26276,
        "input_cost_usd": 0.016174,
        "output_cost_usd": 0.05051,
        "total_cost_usd": 0.06668400000000001
    }
}