{
    "f1_micro": 0.4212658227848101,
    "f1_macro": 0.414,
    "micro_precision": 0.4231943031536114,
    "micro_recall": 0.41935483870967744,
    "total_instances": 15,
    "total_tp": 416,
    "total_fp": 567,
    "total_fn": 576,
    "cost_summary": {
        "total_input_tokens": 38829,
        "total_output_tokens": 17154,
        "total_tokens": 55983,
        "input_cost_usd": 0.077658,
        "output_cost_usd": 0.20584799999999998,
        "total_cost_usd": 0.283506
    }
}