{
    "fuzzy": 0.14141414141414144,
    "cost_summary": {
        "total_input_tokens": 19734,
        "total_output_tokens": 2061,
        "total_tokens": 21795,
        "input_cost_usd": 0.007893600000000004,
        "output_cost_usd": 0.004121999999999999,
        "total_cost_usd": 0.012015600000000003
    }
}