{
    "f1_micro": 0.9632210607820364,
    "f1_macro": 0.9099999999999999,
    "micro_precision": 0.9632210607820364,
    "micro_recall": 0.9632210607820364,
    "total_instances": 61,
    "total_tp": 2488,
    "total_fp": 95,
    "total_fn": 95,
    "cost_summary": {
        "total_input_tokens": 243335,
        "total_output_tokens": 39571,
        "total_tokens": 282906,
        "input_cost_usd": 0.0,
        "output_cost_usd": 0.0,
        "total_cost_usd": 0.0
    }
}