{
    "f1_micro": 0.51460221550856,
    "f1_macro": 0.5153333333333333,
    "micro_precision": 0.5140845070422535,
    "micro_recall": 0.5151209677419355,
    "total_instances": 15,
    "total_tp": 511,
    "total_fp": 483,
    "total_fn": 481,
    "cost_summary": {
        "total_input_tokens": 9855,
        "total_output_tokens": 13160,
        "total_tokens": 23015,
        "input_cost_usd": 0.0029565,
        "output_cost_usd": 0.0329,
        "total_cost_usd": 0.0358565
    }
}