{
    "f1": 0.021,
    "precision": 0.016,
    "recall": 0.043,
    "mean_iou": 0.062,
    "true_positives": 7,
    "false_positives": 450,
    "false_negatives": 119,
    "num_pages": 46,
    "cost_summary": {
        "total_input_tokens": 11684,
        "total_output_tokens": 14578,
        "total_tokens": 26262,
        "input_cost_usd": 0.005842000000000004,
        "output_cost_usd": 0.021866999999999994,
        "total_cost_usd": 0.02770899999999999
    }
}