{
    "f1_micro": 0.8483988650182408,
    "f1_macro": 0.8444106463878327,
    "micro_precision": 0.8392141138732959,
    "micro_recall": 0.8577868852459016,
    "total_instances": 263,
    "total_tp": 2093,
    "total_fp": 401,
    "total_fn": 347
}