{
    "f1_micro": 0.8858638743455498,
    "f1_macro": 0.879657794676806,
    "micro_precision": 0.8961864406779662,
    "micro_recall": 0.8757763975155279,
    "total_instances": 263,
    "total_tp": 2115,
    "total_fp": 245,
    "total_fn": 300
}