{
    "f1_micro": 0.8585222502099078,
    "f1_macro": 0.8528136882129277,
    "micro_precision": 0.8665254237288136,
    "micro_recall": 0.8506655574043261,
    "total_instances": 263,
    "total_tp": 2045,
    "total_fp": 315,
    "total_fn": 359
}