{
    "f1_micro": 0.8762303664921467,
    "f1_macro": 0.8704182509505703,
    "micro_precision": 0.8864406779661017,
    "micro_recall": 0.8662525879917184,
    "total_instances": 263,
    "total_tp": 2092,
    "total_fp": 268,
    "total_fn": 323
}