{
    "f1_micro": 0.8453643516934656,
    "f1_macro": 0.8400380228136882,
    "micro_precision": 0.8275284661754856,
    "micro_recall": 0.8639860139860139,
    "total_instances": 263,
    "total_tp": 2471,
    "total_fp": 515,
    "total_fn": 389
}