{
    "f1_micro": 0.8308675184936113,
    "f1_macro": 0.824638783269962,
    "micro_precision": 0.800453514739229,
    "micro_recall": 0.8636840265641385,
    "total_instances": 263,
    "total_tp": 2471,
    "total_fp": 616,
    "total_fn": 390
}