{
    "f1_micro": 0.870110855469567,
    "f1_macro": 0.8645627376425855,
    "micro_precision": 0.8813559322033898,
    "micro_recall": 0.859149111937216,
    "total_instances": 263,
    "total_tp": 2080,
    "total_fp": 280,
    "total_fn": 341
}