{
    "fuzzy": 0.9264930749602683,
    "cost_summary": {
        "total_input_tokens": 17457,
        "total_output_tokens": 5038,
        "total_tokens": 22495,
        "input_cost_usd": 0.0052371000000000015,
        "output_cost_usd": 0.012595,
        "total_cost_usd": 0.017832100000000004
    }
}