{
    "fuzzy": 0.9164171069910743,
    "cost_summary": {
        "total_input_tokens": 27126,
        "total_output_tokens": 4412,
        "total_tokens": 31538,
        "input_cost_usd": 0.054251999999999995,
        "output_cost_usd": 0.026472000000000002,
        "total_cost_usd": 0.08072400000000002
    }
}