{
    "f1_micro": 0.3176593521421108,
    "f1_macro": 0.33666666666666667,
    "micro_precision": 0.3297180043383948,
    "micro_recall": 0.3064516129032258,
    "total_instances": 15,
    "total_tp": 304,
    "total_fp": 618,
    "total_fn": 688,
    "cost_summary": {
        "total_input_tokens": 57254,
        "total_output_tokens": 7532,
        "total_tokens": 64786,
        "input_cost_usd": 0.0057254,
        "output_cost_usd": 0.0030128,
        "total_cost_usd": 0.008738200000000002
    }
}