{
    "fuzzy": 0.54,
    "cer": 0.476,
    "cost_summary": {
        "total_input_tokens": 12111,
        "total_output_tokens": 14098,
        "total_tokens": 26209,
        "input_cost_usd": 0.0024222000000000002,
        "output_cost_usd": 0.0028196,
        "total_cost_usd": 0.0052418000000000005
    }
}