{
    "fuzzy": 0.9175195329570381,
    "cost_summary": {
        "total_input_tokens": 18778,
        "total_output_tokens": 5564,
        "total_tokens": 24342,
        "input_cost_usd": 0.0015022400000000006,
        "output_cost_usd": 0.0019474,
        "total_cost_usd": 0.0034496400000000003
    }
}