{
    "fuzzy": 0.9483485920953617,
    "cost_summary": {
        "total_input_tokens": 96250,
        "total_output_tokens": 3067,
        "total_tokens": 99317,
        "input_cost_usd": 0.03850000000000001,
        "output_cost_usd": 0.004907199999999999,
        "total_cost_usd": 0.0434072
    }
}