{
    "f1_macro": 0.17,
    "f1_micro": 0.19,
    "cost_summary": {
        "total_input_tokens": 22315,
        "total_output_tokens": 1331,
        "total_tokens": 23646,
        "input_cost_usd": 0.04462999999999999,
        "output_cost_usd": 0.007986,
        "total_cost_usd": 0.05261599999999998
    }
}