{
    "f1_micro": 0.45556690500510727,
    "f1_macro": 0.44933333333333336,
    "micro_precision": 0.4616977225672878,
    "micro_recall": 0.4495967741935484,
    "total_instances": 15,
    "total_tp": 446,
    "total_fp": 520,
    "total_fn": 546,
    "cost_summary": {
        "total_input_tokens": 41747,
        "total_output_tokens": 47306,
        "total_tokens": 89053,
        "input_cost_usd": 0.016281330000000004,
        "output_cost_usd": 0.11069604,
        "total_cost_usd": 0.12697737
    }
}