{
    "f1_micro": 0.784255946116607,
    "f1_macro": 0.8044262295081968,
    "micro_precision": 0.8343036274070756,
    "micro_recall": 0.7398729150119142,
    "total_instances": 61,
    "total_tp": 1863,
    "total_fp": 370,
    "total_fn": 655,
    "cost_summary": {
        "total_input_tokens": 141459.0,
        "total_output_tokens": 55307.0,
        "total_tokens": 196766.0,
        "input_cost_usd": 0.3536475000000004,
        "output_cost_usd": 0.55307,
        "total_cost_usd": 0.9067175000000001
    }
}