{
    "fuzzy": 0.024,
    "cer": 1.0,
    "cost_summary": {
        "total_input_tokens": 9036,
        "total_output_tokens": 1153,
        "total_tokens": 10189,
        "input_cost_usd": 0.0018072000000000003,
        "output_cost_usd": 0.00023060000000000002,
        "total_cost_usd": 0.0020377999999999998
    }
}