{
    "f1": 0.683,
    "precision": 0.692,
    "recall": 0.683,
    "mean_iou": 0.666,
    "true_positives": 73,
    "false_positives": 52,
    "false_negatives": 53,
    "num_pages": 46,
    "cost_summary": {
        "total_input_tokens": 52302,
        "total_output_tokens": 5381,
        "total_tokens": 57683,
        "input_cost_usd": 0.07845299999999995,
        "output_cost_usd": 0.04842900000000001,
        "total_cost_usd": 0.12688199999999994
    }
}