{
    "fuzzy": 0.502,
    "cer": 0.517,
    "cost_summary": {
        "total_input_tokens": 9905,
        "total_output_tokens": 45208,
        "total_tokens": 55113,
        "input_cost_usd": 0.0017829,
        "output_cost_usd": 0.0949368,
        "total_cost_usd": 0.09671969999999999
    }
}