{
    "f1": 0.0,
    "precision": 0.0,
    "recall": 0.0,
    "mean_iou": 0.0,
    "true_positives": 0,
    "false_positives": 121,
    "false_negatives": 126,
    "num_pages": 46,
    "cost_summary": {
        "total_input_tokens": 128846,
        "total_output_tokens": 5710,
        "total_tokens": 134556,
        "input_cost_usd": 0.008374990000000007,
        "output_cost_usd": 0.0014846000000000004,
        "total_cost_usd": 0.009859590000000003
    }
}