{
    "f1_macro": 0.59,
    "f1_micro": 0.54,
    "cost_summary": {
        "total_input_tokens": 79548,
        "total_output_tokens": 2592,
        "total_tokens": 82140,
        "input_cost_usd": 0.019886999999999995,
        "output_cost_usd": 0.003888000000000001,
        "total_cost_usd": 0.023774999999999998
    }
}