{
    "f1_micro": 0.9185586336179963,
    "f1_macro": 0.8634426229508197,
    "micro_precision": 0.9658344283837057,
    "micro_recall": 0.8756949960285941,
    "total_instances": 61,
    "total_tp": 2205,
    "total_fp": 78,
    "total_fn": 313,
    "cost_summary": {
        "total_input_tokens": 270759,
        "total_output_tokens": 189894,
        "total_tokens": 460653,
        "input_cost_usd": 0.10559600999999996,
        "output_cost_usd": 0.44435196,
        "total_cost_usd": 0.5499479700000001
    }
}