{
    "f1_micro": 0.8708191468055277,
    "f1_macro": 0.8603041825095057,
    "micro_precision": 0.843289371605896,
    "micro_recall": 0.9002070393374741,
    "total_instances": 263,
    "total_tp": 2174,
    "total_fp": 404,
    "total_fn": 241,
    "cost_summary": {
        "total_input_tokens": 406240,
        "total_output_tokens": 49594,
        "total_tokens": 455834,
        "input_cost_usd": 0.6093599999999991,
        "output_cost_usd": 0.4463459999999999,
        "total_cost_usd": 1.0557059999999996
    }
}