{
    "f1_micro": 0.4304411051866215,
    "f1_macro": 0.43533333333333335,
    "micro_precision": 0.41456582633053224,
    "micro_recall": 0.4475806451612903,
    "total_instances": 15,
    "total_tp": 444,
    "total_fp": 627,
    "total_fn": 548,
    "cost_summary": {
        "total_input_tokens": 65843,
        "total_output_tokens": 18707,
        "total_tokens": 84550,
        "input_cost_usd": 0.65843,
        "output_cost_usd": 0.9353500000000001,
        "total_cost_usd": 1.59378
    }
}