{
    "f1_micro": 0.43509492047203696,
    "f1_macro": 0.41933333333333334,
    "micro_precision": 0.4430512016718913,
    "micro_recall": 0.4274193548387097,
    "total_instances": 15,
    "total_tp": 424,
    "total_fp": 533,
    "total_fn": 568,
    "cost_summary": {
        "total_input_tokens": 12300,
        "total_output_tokens": 31289,
        "total_tokens": 43589,
        "input_cost_usd": 0.0246,
        "output_cost_usd": 0.250312,
        "total_cost_usd": 0.274912,
        "pricing_date": "2025-10-28",
        "input_price_per_million": 2.0,
        "output_price_per_million": 8.0
    }
}