{
    "f1": 0.0,
    "precision": 0.0,
    "recall": 0.0,
    "mean_iou": 0.0,
    "true_positives": 0,
    "false_positives": 330,
    "false_negatives": 126,
    "num_pages": 46,
    "cost_summary": {
        "total_input_tokens": 11684,
        "total_output_tokens": 10512,
        "total_tokens": 22196,
        "input_cost_usd": 0.004673600000000001,
        "output_cost_usd": 0.02102399999999999,
        "total_cost_usd": 0.025697599999999994
    }
}