{
    "f1_macro": 0.59,
    "f1_micro": 0.54,
    "cost_summary": {
        "total_input_tokens": 178330,
        "total_output_tokens": 3502,
        "total_tokens": 181832,
        "input_cost_usd": 0.03477435,
        "output_cost_usd": 0.005463120000000001,
        "total_cost_usd": 0.040237470000000004
    }
}