{
    "f1": 0.12,
    "precision": 0.13,
    "recall": 0.116,
    "mean_iou": 0.105,
    "true_positives": 15,
    "false_positives": 106,
    "false_negatives": 111,
    "num_pages": 46,
    "cost_summary": {
        "total_input_tokens": 56981,
        "total_output_tokens": 211105,
        "total_tokens": 268086,
        "input_cost_usd": 0.011396199999999993,
        "output_cost_usd": 0.24277074999999995,
        "total_cost_usd": 0.25416694999999995
    }
}