{
    "f1_micro": 0.8463780183180684,
    "f1_macro": 0.8419771863117871,
    "micro_precision": 0.8509836751778987,
    "micro_recall": 0.8418219461697722,
    "total_instances": 263,
    "total_tp": 2033,
    "total_fp": 356,
    "total_fn": 382,
    "cost_summary": {
        "total_input_tokens": 457826,
        "total_output_tokens": 361027,
        "total_tokens": 818853,
        "input_cost_usd": 0.9156520000000037,
        "output_cost_usd": 2.8882160000000012,
        "total_cost_usd": 3.8038680000000014
    }
}