{
    "f1_micro": 0.8281059063136457,
    "f1_macro": 0.8195817490494297,
    "micro_precision": 0.8148296593186373,
    "micro_recall": 0.8418219461697722,
    "total_instances": 263,
    "total_tp": 2033,
    "total_fp": 462,
    "total_fn": 382,
    "cost_summary": {
        "total_input_tokens": 634168,
        "total_output_tokens": 54910,
        "total_tokens": 689078,
        "input_cost_usd": 9.51251999999998,
        "output_cost_usd": 4.1182500000000015,
        "total_cost_usd": 13.630769999999995
    }
}