{
    "f1_micro": 0.05103969754253308,
    "f1_macro": 0.034666666666666665,
    "micro_precision": 0.4090909090909091,
    "micro_recall": 0.02721774193548387,
    "total_instances": 15,
    "total_tp": 27,
    "total_fp": 39,
    "total_fn": 965,
    "cost_summary": {
        "total_input_tokens": 27657,
        "total_output_tokens": 21842,
        "total_tokens": 49499,
        "input_cost_usd": 0.004978,
        "output_cost_usd": 0.045868,
        "total_cost_usd": 0.050846,
        "pricing_date": "2025-10-28",
        "input_price_per_million": 0.18,
        "output_price_per_million": 2.1
    }
}