{
    "fuzzy": 0.46099613896627245,
    "cost_summary": {
        "total_input_tokens": 15257,
        "total_output_tokens": 36178,
        "total_tokens": 51435,
        "input_cost_usd": 0.0015257,
        "output_cost_usd": 0.0054267,
        "total_cost_usd": 0.0069524
    }
}