{
    "f1_micro": 0.0,
    "f1_macro": 0.0,
    "micro_precision": 0.0,
    "micro_recall": 0.0,
    "total_instances": 15,
    "total_tp": 0,
    "total_fp": 15,
    "total_fn": 992,
    "cost_summary": {
        "total_input_tokens": 8220,
        "total_output_tokens": 255,
        "total_tokens": 8475,
        "input_cost_usd": 0.0016440000000000007,
        "output_cost_usd": 5.100000000000001e-05,
        "total_cost_usd": 0.0016950000000000003
    }
}