{
    "f1_macro": 0.6,
    "f1_micro": 0.54,
    "cost_summary": {
        "total_input_tokens": 178438,
        "total_output_tokens": 2935,
        "total_tokens": 181373,
        "input_cost_usd": 0.011598470000000005,
        "output_cost_usd": 0.0007631000000000001,
        "total_cost_usd": 0.01236157
    }
}