{
    "f1_macro": 0.51,
    "f1_micro": 0.48,
    "cost_summary": {
        "total_input_tokens": 27006,
        "total_output_tokens": 2225,
        "total_tokens": 29231,
        "input_cost_usd": 0.008101799999999998,
        "output_cost_usd": 0.0055625,
        "total_cost_usd": 0.013664299999999996
    }
}