{
    "f1_macro": 0.6,
    "f1_micro": 0.54,
    "cost_summary": {
        "total_input_tokens": 178150,
        "total_output_tokens": 97125,
        "total_tokens": 275275,
        "input_cost_usd": 0.05789874999999997,
        "output_cost_usd": 0.18939375000000003,
        "total_cost_usd": 0.24729250000000003
    }
}