{
    "fuzzy": 0.7832048176329506,
    "cost_summary": {
        "total_input_tokens": 51793,
        "total_output_tokens": 4425,
        "total_tokens": 56218,
        "input_cost_usd": 0.1294825,
        "output_cost_usd": 0.066375,
        "total_cost_usd": 0.1958575
    }
}