{
    "fuzzy": 0.6423226571131899,
    "cost_summary": {
        "total_input_tokens": 15016,
        "total_output_tokens": 8404,
        "total_tokens": 23420,
        "input_cost_usd": 0.030032,
        "output_cost_usd": 0.050424,
        "total_cost_usd": 0.080456
    }
}