{
    "f1": 0.754,
    "precision": 0.772,
    "recall": 0.745,
    "mean_iou": 0.677,
    "true_positives": 81,
    "false_positives": 41,
    "false_negatives": 45,
    "num_pages": 46,
    "cost_summary": {
        "total_input_tokens": 53958,
        "total_output_tokens": 31919,
        "total_tokens": 85877,
        "input_cost_usd": 0.10791600000000003,
        "output_cost_usd": 0.2553519999999999,
        "total_cost_usd": 0.3632679999999999
    }
}