{
    "f1_micro": 0.27167630057803466,
    "f1_macro": 0.2613333333333333,
    "micro_precision": 0.31842818428184283,
    "micro_recall": 0.2368951612903226,
    "total_instances": 15,
    "total_tp": 235,
    "total_fp": 503,
    "total_fn": 757,
    "cost_summary": {
        "total_input_tokens": 18030,
        "total_output_tokens": 66338,
        "total_tokens": 84368,
        "input_cost_usd": 0.000902,
        "output_cost_usd": 0.026535,
        "total_cost_usd": 0.027437,
        "pricing_date": "2025-10-28",
        "input_price_per_million": 0.05,
        "output_price_per_million": 0.4
    }
}