{
    "fuzzy": 97.47208639456456,
    "n": 50,
    "cost_summary": {
        "total_input_tokens": 74096,
        "total_output_tokens": 36757,
        "total_tokens": 110853,
        "input_cost_usd": 0.22228799999999996,
        "output_cost_usd": 0.5513549999999998,
        "total_cost_usd": 0.773643
    }
}