{
    "f1_macro": 0.45,
    "f1_micro": 0.46,
    "cost_summary": {
        "total_input_tokens": 199238,
        "total_output_tokens": 3422,
        "total_tokens": 202660,
        "input_cost_usd": 0.29885699999999993,
        "output_cost_usd": 0.025665,
        "total_cost_usd": 0.32452199999999987
    }
}