{
    "f1": 0.143,
    "precision": 0.154,
    "recall": 0.138,
    "mean_iou": 0.163,
    "true_positives": 12,
    "false_positives": 86,
    "false_negatives": 114,
    "num_pages": 46,
    "cost_summary": {
        "total_input_tokens": 90835,
        "total_output_tokens": 3514,
        "total_tokens": 94349,
        "input_cost_usd": 0.036333999999999984,
        "output_cost_usd": 0.007027999999999999,
        "total_cost_usd": 0.043362
    }
}