{
    "f1_micro": 0.4924471299093656,
    "f1_macro": 0.4986666666666667,
    "micro_precision": 0.4919517102615694,
    "micro_recall": 0.49294354838709675,
    "total_instances": 15,
    "total_tp": 489,
    "total_fp": 505,
    "total_fn": 503,
    "cost_summary": {
        "total_input_tokens": 73943,
        "total_output_tokens": 17276,
        "total_tokens": 91219,
        "input_cost_usd": 0.147886,
        "output_cost_usd": 0.17276000000000002,
        "total_cost_usd": 0.320646
    }
}