{
    "fuzzy": 0.522,
    "cer": 0.494,
    "cost_summary": {
        "total_input_tokens": 12111,
        "total_output_tokens": 6848,
        "total_tokens": 18959,
        "input_cost_usd": 0.0048444000000000004,
        "output_cost_usd": 0.013696,
        "total_cost_usd": 0.0185404
    }
}