{
    "fuzzy": 0.94,
    "cer": 0.074,
    "cost_summary": {
        "total_input_tokens": 12878,
        "total_output_tokens": 7842,
        "total_tokens": 20720,
        "input_cost_usd": 0.032195,
        "output_cost_usd": 0.11763,
        "total_cost_usd": 0.14982499999999999
    }
}