{
    "f1_micro": 0.9677419354838711,
    "f1_macro": 0.909016393442623,
    "micro_precision": 0.9644970414201184,
    "micro_recall": 0.9710087370929309,
    "total_instances": 61,
    "total_tp": 2445,
    "total_fp": 90,
    "total_fn": 73,
    "cost_summary": {
        "total_input_tokens": 300707,
        "total_output_tokens": 36749,
        "total_tokens": 337456,
        "input_cost_usd": 0.7517675000000005,
        "output_cost_usd": 0.5512349999999999,
        "total_cost_usd": 1.3030025
    }
}