{
    "f1_macro": 0.5952984948418739,
    "f1_micro": 0.5654450261780105
}