{
    "fuzzy": 0.177,
    "cer": 0.886,
    "cost_summary": {
        "total_input_tokens": 10044,
        "total_output_tokens": 2238,
        "total_tokens": 12282,
        "input_cost_usd": 0.020087999999999995,
        "output_cost_usd": 0.013427999999999999,
        "total_cost_usd": 0.033516000000000004
    }
}