{
    "fuzzy": 0.783,
    "cer": 0.221,
    "cost_summary": {
        "total_input_tokens": 19128,
        "total_output_tokens": 2721,
        "total_tokens": 21849,
        "input_cost_usd": 0.004782,
        "output_cost_usd": 0.004081499999999999,
        "total_cost_usd": 0.008863499999999998
    }
}