{
    "fuzzy": 79.92509850148342,
    "n": 50,
    "cost_summary": {
        "total_input_tokens": 38626,
        "total_output_tokens": 323028,
        "total_tokens": 361654,
        "input_cost_usd": 0.015450400000000006,
        "output_cost_usd": 0.5168448,
        "total_cost_usd": 0.5322952000000001
    }
}