{
    "fuzzy": 0.8601635692971965,
    "cost_summary": {
        "total_input_tokens": 75238,
        "total_output_tokens": 35998,
        "total_tokens": 111236,
        "input_cost_usd": 0.0188095,
        "output_cost_usd": 0.07199599999999999,
        "total_cost_usd": 0.09080550000000001
    }
}