{
    "f1_macro": 0.57,
    "f1_micro": 0.55,
    "cost_summary": {
        "total_input_tokens": 49988,
        "total_output_tokens": 1093,
        "total_tokens": 51081,
        "input_cost_usd": 0.004998800000000001,
        "output_cost_usd": 0.00032789999999999995,
        "total_cost_usd": 0.005326699999999999
    }
}