{
    "fuzzy": 0.8287466620876823,
    "cost_summary": {
        "total_input_tokens": 93247,
        "total_output_tokens": 6445,
        "total_tokens": 99692,
        "input_cost_usd": 0.09324700000000001,
        "output_cost_usd": 0.032225,
        "total_cost_usd": 0.125472
    }
}