{
    "fuzzy": 0.0,
    "cer": 1.0,
    "cost_summary": {
        "total_input_tokens": 4475,
        "total_output_tokens": 1285,
        "total_tokens": 5760,
        "input_cost_usd": 0.00895,
        "output_cost_usd": 0.007709999999999999,
        "total_cost_usd": 0.016659999999999998
    }
}