{
    "f1_micro": 0.7900311526479751,
    "f1_macro": 0.7836882129277567,
    "micro_precision": 0.7925,
    "micro_recall": 0.7875776397515528,
    "total_instances": 263,
    "total_tp": 1902,
    "total_fp": 498,
    "total_fn": 513,
    "cost_summary": {
        "total_input_tokens": 364781,
        "total_output_tokens": 666836,
        "total_tokens": 1031617,
        "input_cost_usd": 0.455976,
        "output_cost_usd": 6.66836,
        "total_cost_usd": 7.124336,
        "pricing_date": "2025-10-01",
        "input_price_per_million": 1.25,
        "output_price_per_million": 10.0
    }
}