{
    "f1_micro": 0.8701973001038422,
    "f1_macro": 0.862699619771863,
    "micro_precision": 0.8729166666666667,
    "micro_recall": 0.8674948240165632,
    "total_instances": 263,
    "total_tp": 2095,
    "total_fp": 305,
    "total_fn": 320,
    "cost_summary": {
        "total_input_tokens": 364781,
        "total_output_tokens": 666836,
        "total_tokens": 1031617,
        "input_cost_usd": 0.455976,
        "output_cost_usd": 6.66836,
        "total_cost_usd": 7.124336,
        "pricing_date": "2025-10-01",
        "input_price_per_million": 1.25,
        "output_price_per_million": 10.0
    }
}