{
    "f1_macro": 0.48,
    "f1_micro": 0.58,
    "cost_summary": {
        "total_input_tokens": 82224,
        "total_output_tokens": 1542,
        "total_tokens": 83766,
        "input_cost_usd": 0.006577920000000003,
        "output_cost_usd": 0.0004626,
        "total_cost_usd": 0.007040520000000001
    }
}