{
    "fuzzy": 0.8863610342510287,
    "cost_summary": {
        "total_input_tokens": 65350,
        "total_output_tokens": 5070,
        "total_tokens": 70420,
        "input_cost_usd": 0.163375,
        "output_cost_usd": 0.07604999999999999,
        "total_cost_usd": 0.239425
    }
}