{
    "f1_micro": 0.7375917134225292,
    "f1_macro": 0.701596958174905,
    "micro_precision": 0.7701667417755745,
    "micro_recall": 0.7076604554865424,
    "total_instances": 263,
    "total_tp": 1709,
    "total_fp": 510,
    "total_fn": 706,
    "cost_summary": {
        "total_input_tokens": 446998,
        "total_output_tokens": 668986,
        "total_tokens": 1115984,
        "input_cost_usd": 0.022349900000000065,
        "output_cost_usd": 0.2675943999999999,
        "total_cost_usd": 0.28994430000000004
    }
}