{
    "f1_macro": 0.44,
    "f1_micro": 0.45,
    "cost_summary": {
        "total_input_tokens": 207012,
        "total_output_tokens": 6294,
        "total_tokens": 213306,
        "input_cost_usd": 3.105180000000002,
        "output_cost_usd": 0.4720500000000001,
        "total_cost_usd": 3.57723
    }
}