{
    "f1_macro": 0.4552522746071133,
    "f1_micro": 0.5233644859813084
}