{
    "f1_macro": 0.63,
    "f1_micro": 0.59,
    "cost_summary": {
        "total_input_tokens": 148344,
        "total_output_tokens": 2936,
        "total_tokens": 151280,
        "input_cost_usd": 0.2966879999999999,
        "output_cost_usd": 0.03523199999999999,
        "total_cost_usd": 0.33192000000000005
    }
}