{
    "f1_micro": 0.44466600199401796,
    "f1_macro": 0.4313333333333333,
    "micro_precision": 0.43984220907297833,
    "micro_recall": 0.4495967741935484,
    "total_instances": 15,
    "total_tp": 446,
    "total_fp": 568,
    "total_fn": 546,
    "cost_summary": {
        "total_input_tokens": 14868,
        "total_output_tokens": 35155,
        "total_tokens": 50023,
        "input_cost_usd": 0.003717,
        "output_cost_usd": 0.07031,
        "total_cost_usd": 0.074027,
        "pricing_date": "2025-10-28",
        "input_price_per_million": 0.25,
        "output_price_per_million": 2.0
    }
}