{
    "f1_macro": 0.51,
    "f1_micro": 0.52,
    "cost_summary": {
        "total_input_tokens": 136163,
        "total_output_tokens": 2697,
        "total_tokens": 138860,
        "input_cost_usd": 0.3404075000000001,
        "output_cost_usd": 0.02697,
        "total_cost_usd": 0.3673774999999999
    }
}