{
    "f1_micro": 0.8444262964475296,
    "f1_macro": 0.838022813688213,
    "micro_precision": 0.8328634716069271,
    "micro_recall": 0.8563146997929607,
    "total_instances": 263,
    "total_tp": 2068,
    "total_fp": 415,
    "total_fn": 347,
    "cost_summary": {
        "total_input_tokens": 470700,
        "total_output_tokens": 47995,
        "total_tokens": 518695,
        "input_cost_usd": 0.11767499999999961,
        "output_cost_usd": 0.09599000000000003,
        "total_cost_usd": 0.21366500000000016
    }
}