{
    "f1_micro": 0.503976143141153,
    "f1_macro": 0.5133333333333333,
    "micro_precision": 0.4970588235294118,
    "micro_recall": 0.5110887096774194,
    "total_instances": 15,
    "total_tp": 507,
    "total_fp": 513,
    "total_fn": 485,
    "cost_summary": {
        "total_input_tokens": 46456,
        "total_output_tokens": 16285,
        "total_tokens": 62741,
        "input_cost_usd": 0.011614000000000001,
        "output_cost_usd": 0.03257000000000001,
        "total_cost_usd": 0.044184
    }
}