{
    "fuzzy": 94.42171765537333,
    "n": 50,
    "cost_summary": {
        "total_input_tokens": 31538,
        "total_output_tokens": 82508,
        "total_tokens": 114046,
        "input_cost_usd": 0.06307600000000001,
        "output_cost_usd": 0.990096,
        "total_cost_usd": 1.0531719999999998
    }
}