{
    "f1_micro": 0.5115810674723061,
    "f1_macro": 0.5093333333333333,
    "micro_precision": 0.5110663983903421,
    "micro_recall": 0.5120967741935484,
    "total_instances": 15,
    "total_tp": 508,
    "total_fp": 486,
    "total_fn": 484,
    "cost_summary": {
        "total_input_tokens": 9855,
        "total_output_tokens": 16797,
        "total_tokens": 26652,
        "input_cost_usd": 0.012318750000000005,
        "output_cost_usd": 0.16796999999999998,
        "total_cost_usd": 0.18028875
    }
}