{
    "f1": 0.043,
    "precision": 0.043,
    "recall": 0.043,
    "mean_iou": 0.031,
    "true_positives": 2,
    "false_positives": 114,
    "false_negatives": 124,
    "num_pages": 46,
    "cost_summary": {
        "total_input_tokens": 132413,
        "total_output_tokens": 79795,
        "total_tokens": 212208,
        "input_cost_usd": 0.05164107000000002,
        "output_cost_usd": 0.1867203,
        "total_cost_usd": 0.23836137000000002
    }
}