{
    "f1_macro": 0.40608228980322,
    "f1_micro": 0.41721854304635764
}