{
    "fuzzy": 48.380488397654354,
    "n": 50,
    "cost_summary": {
        "total_input_tokens": 30720,
        "total_output_tokens": 1460815,
        "total_tokens": 1491535,
        "input_cost_usd": 0.003071999999999999,
        "output_cost_usd": 0.5843260000000002,
        "total_cost_usd": 0.5873979999999999
    }
}