{
    "f1_micro": 0.7775731532637611,
    "f1_macro": 0.7760456273764258,
    "micro_precision": 0.7686084142394822,
    "micro_recall": 0.7867494824016563,
    "total_instances": 263,
    "total_tp": 1900,
    "total_fp": 572,
    "total_fn": 515
}