{
    "fuzzy": 0.8732879148938256,
    "cost_summary": {
        "total_input_tokens": 78939,
        "total_output_tokens": 3353,
        "total_tokens": 82292,
        "input_cost_usd": 0.13814324999999997,
        "output_cost_usd": 0.04694199999999999,
        "total_cost_usd": 0.18508524999999992
    }
}