{
    "fuzzy": 0.629,
    "cer": 0.387,
    "cost_summary": {
        "total_input_tokens": 22752,
        "total_output_tokens": 1643,
        "total_tokens": 24395,
        "input_cost_usd": 0.045503999999999996,
        "output_cost_usd": 0.008215,
        "total_cost_usd": 0.053718999999999996
    }
}