{
    "fuzzy": 0.7104738461097593,
    "cost_summary": {
        "total_input_tokens": 7915,
        "total_output_tokens": 10175,
        "total_tokens": 18090,
        "input_cost_usd": 0.00989375,
        "output_cost_usd": 0.10175000000000001,
        "total_cost_usd": 0.11164375000000001
    }
}