{
    "fuzzy": 19.262491166278952,
    "n": 50,
    "cost_summary": {
        "total_input_tokens": 35438,
        "total_output_tokens": 331681,
        "total_tokens": 367119,
        "input_cost_usd": 0.0026578500000000002,
        "output_cost_usd": 0.09950430000000005,
        "total_cost_usd": 0.10216214999999998
    }
}