{
    "f1_micro": 0.7778688524590163,
    "f1_macro": 0.7773003802281369,
    "micro_precision": 0.7699797160243408,
    "micro_recall": 0.7859213250517598,
    "total_instances": 263,
    "total_tp": 1898,
    "total_fp": 567,
    "total_fn": 517,
    "cost_summary": {
        "total_input_tokens": 896396,
        "total_output_tokens": 51940,
        "total_tokens": 948336,
        "input_cost_usd": 1.792792,
        "output_cost_usd": 0.31164,
        "total_cost_usd": 2.104432,
        "pricing_date": "2025-10-01",
        "input_price_per_million": 2.0,
        "output_price_per_million": 6.0
    }
}