{
    "f1_micro": 0.7782786885245903,
    "f1_macro": 0.7777566539923955,
    "micro_precision": 0.7703853955375254,
    "micro_recall": 0.7863354037267081,
    "total_instances": 263,
    "total_tp": 1899,
    "total_fp": 566,
    "total_fn": 516,
    "cost_summary": {
        "total_input_tokens": 896396,
        "total_output_tokens": 51940,
        "total_tokens": 948336,
        "input_cost_usd": 1.792792,
        "output_cost_usd": 0.31164,
        "total_cost_usd": 2.104432,
        "pricing_date": "2025-10-01",
        "input_price_per_million": 2.0,
        "output_price_per_million": 6.0
    }
}