{
    "f1_macro": 0.71,
    "f1_micro": 0.75,
    "cost_summary": {
        "total_input_tokens": 450871,
        "total_output_tokens": 6113,
        "total_tokens": 456984,
        "input_cost_usd": 2.254355000000001,
        "output_cost_usd": 0.15282500000000007,
        "total_cost_usd": 2.40718
    }
}