{
    "fuzzy": 98.60324418597314,
    "n": 50,
    "cost_summary": {
        "total_input_tokens": 40658,
        "total_output_tokens": 26254,
        "total_tokens": 66912,
        "input_cost_usd": 0.05082249999999999,
        "output_cost_usd": 0.06563500000000003,
        "total_cost_usd": 0.11645749999999999
    }
}