{
    "f1_micro": 0.8902369668246446,
    "f1_macro": 0.8567213114754098,
    "micro_precision": 0.8722139673105498,
    "micro_recall": 0.9090205187766164,
    "total_instances": 61,
    "total_tp": 2348,
    "total_fp": 344,
    "total_fn": 235,
    "cost_summary": {
        "total_input_tokens": 189405,
        "total_output_tokens": 37300,
        "total_tokens": 226705,
        "input_cost_usd": 0.23675625000000014,
        "output_cost_usd": 0.37299999999999994,
        "total_cost_usd": 0.60975625
    }
}