{
    "f1_micro": 0.8716856976969228,
    "f1_macro": 0.8437704918032787,
    "micro_precision": 0.8501321253303133,
    "micro_recall": 0.8943606036536934,
    "total_instances": 61,
    "total_tp": 2252,
    "total_fp": 397,
    "total_fn": 266,
    "cost_summary": {
        "total_input_tokens": 95253,
        "total_output_tokens": 59978,
        "total_tokens": 155231,
        "input_cost_usd": 0.007620239999999997,
        "output_cost_usd": 0.020992299999999995,
        "total_cost_usd": 0.028612540000000002
    }
}