{
    "f1_micro": 0.8168789808917197,
    "f1_macro": 0.8072131147540984,
    "micro_precision": 0.8188347964884277,
    "micro_recall": 0.8149324861000794,
    "total_instances": 61,
    "total_tp": 2052,
    "total_fp": 454,
    "total_fn": 466,
    "cost_summary": {
        "total_input_tokens": 159217,
        "total_output_tokens": 51524,
        "total_tokens": 210741,
        "input_cost_usd": 0.31843400000000016,
        "output_cost_usd": 0.309144,
        "total_cost_usd": 0.6275780000000002
    }
}