{
    "f1_micro": 0.7589488930271053,
    "f1_macro": 0.7574144486692015,
    "micro_precision": 0.7584780810587263,
    "micro_recall": 0.7594202898550725,
    "total_instances": 263,
    "total_tp": 1834,
    "total_fp": 584,
    "total_fn": 581,
    "cost_summary": null
}