{
    "f1_micro": 0.7121870473825781,
    "f1_macro": 0.710722433460076,
    "micro_precision": 0.7117452440033085,
    "micro_recall": 0.7126293995859213,
    "total_instances": 263,
    "total_tp": 1721,
    "total_fp": 697,
    "total_fn": 694,
    "cost_summary": {
        "total_input_tokens": 454579,
        "total_output_tokens": 59865,
        "total_tokens": 514444,
        "input_cost_usd": 0.181832,
        "output_cost_usd": 0.095784,
        "total_cost_usd": 0.277616,
        "pricing_date": "2025-10-02",
        "input_price_per_million": 0.4,
        "output_price_per_million": 1.6
    }
}