{
    "f1_micro": 0.46750629722921916,
    "f1_macro": 0.45666666666666667,
    "micro_precision": 0.46727089627391744,
    "micro_recall": 0.46774193548387094,
    "total_instances": 15,
    "total_tp": 464,
    "total_fp": 529,
    "total_fn": 528,
    "cost_summary": {
        "total_input_tokens": 32293,
        "total_output_tokens": 13312,
        "total_tokens": 45605,
        "input_cost_usd": 0.004844,
        "output_cost_usd": 0.007987,
        "total_cost_usd": 0.012831,
        "pricing_date": "2025-10-28",
        "input_price_per_million": 0.15,
        "output_price_per_million": 0.6
    }
}