{
    "f1_micro": 0.4714790509843513,
    "f1_macro": 0.458,
    "micro_precision": 0.47219413549039435,
    "micro_recall": 0.47076612903225806,
    "total_instances": 15,
    "total_tp": 467,
    "total_fp": 522,
    "total_fn": 525,
    "cost_summary": {
        "total_input_tokens": 37509,
        "total_output_tokens": 17023,
        "total_tokens": 54532,
        "input_cost_usd": 0.562635,
        "output_cost_usd": 1.2767249999999999,
        "total_cost_usd": 1.8393599999999997
    }
}