{
    "f1_micro": 0.3985908404630095,
    "f1_macro": 0.39333333333333337,
    "micro_precision": 0.39798994974874374,
    "micro_recall": 0.39919354838709675,
    "total_instances": 15,
    "total_tp": 396,
    "total_fp": 599,
    "total_fn": 596,
    "cost_summary": {
        "total_input_tokens": 39915,
        "total_output_tokens": 13808,
        "total_tokens": 53723,
        "input_cost_usd": 0.059872500000000016,
        "output_cost_usd": 0.10356,
        "total_cost_usd": 0.16343249999999995
    }
}