{
    "fuzzy": 0.8362914313311213,
    "cost_summary": {
        "total_input_tokens": 21479,
        "total_output_tokens": 5931,
        "total_tokens": 27410,
        "input_cost_usd": 0.037588250000000004,
        "output_cost_usd": 0.083034,
        "total_cost_usd": 0.12062225
    }
}