{
    "fuzzy": 80.61007758369175,
    "n": 50,
    "cost_summary": {
        "total_input_tokens": 31538,
        "total_output_tokens": 515468,
        "total_tokens": 547006,
        "input_cost_usd": 0.047306999999999995,
        "output_cost_usd": 4.6392120000000014,
        "total_cost_usd": 4.686519
    }
}