{
    "f1_micro": 0.02190669371196755,
    "f1_macro": 0.015057034220532318,
    "micro_precision": 0.54,
    "micro_recall": 0.011180124223602485,
    "total_instances": 263,
    "total_tp": 27,
    "total_fp": 23,
    "total_fn": 2388,
    "cost_summary": {
        "total_input_tokens": 6535442,
        "total_output_tokens": 37049,
        "total_tokens": 6572491,
        "input_cost_usd": 0.9803163000000028,
        "output_cost_usd": 0.022229400000000014,
        "total_cost_usd": 1.0025456999999995
    }
}