{
    "fuzzy": 0.972,
    "cer": 0.041,
    "cost_summary": {
        "total_input_tokens": 12113,
        "total_output_tokens": 7832,
        "total_tokens": 19945,
        "input_cost_usd": 0.004845200000000001,
        "output_cost_usd": 0.025062400000000002,
        "total_cost_usd": 0.0299076
    }
}