{
    "fuzzy": 94.18158435369273,
    "n": 50,
    "cost_summary": {
        "total_input_tokens": 33621,
        "total_output_tokens": 600276,
        "total_tokens": 633897,
        "input_cost_usd": 0.00168105,
        "output_cost_usd": 0.2401104,
        "total_cost_usd": 0.24179144999999994
    }
}