{
    "fuzzy": 97.00930078799357,
    "n": 50,
    "cost_summary": {
        "total_input_tokens": 39421,
        "total_output_tokens": 209849,
        "total_tokens": 249270,
        "input_cost_usd": 0.0011037880000000003,
        "output_cost_usd": 0.05875772000000002,
        "total_cost_usd": 0.05986150800000001
    }
}