{
    "f1_micro": 0.4178380998545807,
    "f1_macro": 0.43666666666666665,
    "micro_precision": 0.4024276377217554,
    "micro_recall": 0.4344758064516129,
    "total_instances": 15,
    "total_tp": 431,
    "total_fp": 640,
    "total_fn": 561,
    "cost_summary": {
        "total_input_tokens": 35829,
        "total_output_tokens": 13908,
        "total_tokens": 49737,
        "input_cost_usd": 0.10748699999999999,
        "output_cost_usd": 0.20861999999999997,
        "total_cost_usd": 0.316107
    }
}