{
    "f1_micro": 0.4137582195245321,
    "f1_macro": 0.4046666666666667,
    "micro_precision": 0.4152284263959391,
    "micro_recall": 0.4122983870967742,
    "total_instances": 15,
    "total_tp": 409,
    "total_fp": 576,
    "total_fn": 583,
    "cost_summary": {
        "total_input_tokens": 33249,
        "total_output_tokens": 16124,
        "total_tokens": 49373,
        "input_cost_usd": 0.06649800000000002,
        "output_cost_usd": 0.193488,
        "total_cost_usd": 0.25998599999999994
    }
}