{
    "f1_micro": 0.377266046055855,
    "f1_macro": 0.3793333333333333,
    "micro_precision": 0.36701620591039086,
    "micro_recall": 0.38810483870967744,
    "total_instances": 15,
    "total_tp": 385,
    "total_fp": 664,
    "total_fn": 607,
    "cost_summary": {
        "total_input_tokens": 4185,
        "total_output_tokens": 16885,
        "total_tokens": 21070,
        "input_cost_usd": 0.000419,
        "output_cost_usd": 0.006754,
        "total_cost_usd": 0.007173,
        "pricing_date": "2025-10-28",
        "input_price_per_million": 0.1,
        "output_price_per_million": 0.4
    }
}