{
    "fuzzy": 0.6596551000948768,
    "cost_summary": {
        "total_input_tokens": 14809,
        "total_output_tokens": 9283,
        "total_tokens": 24092,
        "input_cost_usd": 0.22213499999999997,
        "output_cost_usd": 0.6962250000000001,
        "total_cost_usd": 0.9183600000000001
    }
}