{
    "f1_macro": 0.48,
    "f1_micro": 0.44,
    "cost_summary": {
        "total_input_tokens": 128622,
        "total_output_tokens": 3514,
        "total_tokens": 132136,
        "input_cost_usd": 1.9293299999999993,
        "output_cost_usd": 0.26354999999999995,
        "total_cost_usd": 2.1928800000000006
    }
}