{
    "f1_macro": 0.6,
    "f1_micro": 0.54,
    "cost_summary": {
        "total_input_tokens": 129241,
        "total_output_tokens": 1915,
        "total_tokens": 131156,
        "input_cost_usd": 0.22617174999999998,
        "output_cost_usd": 0.02680999999999999,
        "total_cost_usd": 0.25298175
    }
}