{
    "fuzzy": 53.74179418532217,
    "n": 50,
    "cost_summary": {
        "total_input_tokens": 40325,
        "total_output_tokens": 30733,
        "total_tokens": 71058,
        "input_cost_usd": 0.08064999999999999,
        "output_cost_usd": 0.15366499999999997,
        "total_cost_usd": 0.23431500000000005
    }
}