{
    "f1_macro": 0.52,
    "f1_micro": 0.6,
    "cost_summary": {
        "total_input_tokens": 110896,
        "total_output_tokens": 77708,
        "total_tokens": 188604,
        "input_cost_usd": 0.0110896,
        "output_cost_usd": 0.011656199999999999,
        "total_cost_usd": 0.0227458
    }
}