{
    "f1_micro": 0.3899244332493703,
    "f1_macro": 0.36933333333333335,
    "micro_precision": 0.38972809667673713,
    "micro_recall": 0.3901209677419355,
    "total_instances": 15,
    "total_tp": 387,
    "total_fp": 606,
    "total_fn": 605,
    "cost_summary": {
        "total_input_tokens": 38465,
        "total_output_tokens": 8803,
        "total_tokens": 47268,
        "input_cost_usd": 0.015386000000000002,
        "output_cost_usd": 0.014084800000000001,
        "total_cost_usd": 0.029470800000000002
    }
}