{
    "fuzzy": 0.733,
    "cer": 0.287,
    "cost_summary": {
        "total_input_tokens": 32616,
        "total_output_tokens": 3401,
        "total_tokens": 36017,
        "input_cost_usd": 0.4892399999999999,
        "output_cost_usd": 0.255075,
        "total_cost_usd": 0.7443150000000001
    }
}