{
    "f1_micro": 0.8697948405443835,
    "f1_macro": 0.8647908745247148,
    "micro_precision": 0.8536682615629984,
    "micro_recall": 0.8865424430641822,
    "total_instances": 263,
    "total_tp": 2141,
    "total_fp": 367,
    "total_fn": 274,
    "cost_summary": {
        "total_input_tokens": 185415,
        "total_output_tokens": 47772,
        "total_tokens": 233187,
        "input_cost_usd": 0.231769,
        "output_cost_usd": 0.47772,
        "total_cost_usd": 0.709489,
        "pricing_date": "2025-10-01",
        "input_price_per_million": 1.25,
        "output_price_per_million": 10.0
    }
}