{
    "f1_micro": 0.7698557789965469,
    "f1_macro": 0.7650950570342205,
    "micro_precision": 0.7555821371610846,
    "micro_recall": 0.7846790890269151,
    "total_instances": 263,
    "total_tp": 1895,
    "total_fp": 613,
    "total_fn": 520,
    "cost_summary": {
        "total_input_tokens": 185415,
        "total_output_tokens": 47772,
        "total_tokens": 233187,
        "input_cost_usd": 0.231769,
        "output_cost_usd": 0.47772,
        "total_cost_usd": 0.709489,
        "pricing_date": "2025-10-01",
        "input_price_per_million": 1.25,
        "output_price_per_million": 10.0
    }
}