{
    "fuzzy": 0.16348250143346202,
    "cost_summary": {
        "total_input_tokens": 19734,
        "total_output_tokens": 4871,
        "total_tokens": 24605,
        "input_cost_usd": 0.002960099999999999,
        "output_cost_usd": 0.0007306500000000001,
        "total_cost_usd": 0.0036907500000000005
    }
}