{
    "f1_micro": 0.4649257552483359,
    "f1_macro": 0.4686666666666667,
    "micro_precision": 0.4724245577523413,
    "micro_recall": 0.4576612903225806,
    "total_instances": 15,
    "total_tp": 454,
    "total_fp": 507,
    "total_fn": 538,
    "cost_summary": {
        "total_input_tokens": 40921,
        "total_output_tokens": 14857,
        "total_tokens": 55778,
        "input_cost_usd": 0.0163684,
        "output_cost_usd": 0.04754240000000001,
        "total_cost_usd": 0.06391080000000002
    }
}