{
    "fuzzy": 0.763,
    "cer": 0.254,
    "cost_summary": {
        "total_input_tokens": 36399,
        "total_output_tokens": 2453,
        "total_tokens": 38852,
        "input_cost_usd": 0.002365935,
        "output_cost_usd": 0.0006377800000000001,
        "total_cost_usd": 0.003003715
    }
}