{
    "f1_macro": 0.5,
    "f1_micro": 0.6,
    "cost_summary": {
        "total_input_tokens": 45604,
        "total_output_tokens": 901,
        "total_tokens": 46505,
        "input_cost_usd": 0.09120799999999997,
        "output_cost_usd": 0.004505000000000001,
        "total_cost_usd": 0.09571300000000002
    }
}