{
    "f1_micro": 0.8581877285656236,
    "f1_macro": 0.8469961977186311,
    "micro_precision": 0.8424411647387315,
    "micro_recall": 0.8745341614906832,
    "total_instances": 263,
    "total_tp": 2112,
    "total_fp": 395,
    "total_fn": 303,
    "cost_summary": {
        "total_input_tokens": 705967,
        "total_output_tokens": 56154,
        "total_tokens": 762121,
        "input_cost_usd": 2.1179010000000025,
        "output_cost_usd": 0.8423100000000001,
        "total_cost_usd": 2.960210999999999
    }
}