{
    "f1_macro": 0.56,
    "f1_micro": 0.56,
    "cost_summary": {
        "total_input_tokens": 129133,
        "total_output_tokens": 164779,
        "total_tokens": 293912,
        "input_cost_usd": 0.02582660000000002,
        "output_cost_usd": 0.18949585000000002,
        "total_cost_usd": 0.21532244999999997
    }
}