{
    "f1_micro": 0.9261374827654126,
    "f1_macro": 0.8949180327868852,
    "micro_precision": 0.9187182493161391,
    "micro_recall": 0.9336775218427323,
    "total_instances": 61,
    "total_tp": 2351,
    "total_fp": 208,
    "total_fn": 167,
    "cost_summary": {
        "total_input_tokens": 249546,
        "total_output_tokens": 47665,
        "total_tokens": 297211,
        "input_cost_usd": 0.0,
        "output_cost_usd": 0.0,
        "total_cost_usd": 0.0
    }
}