{
    "f1_macro": 0.44,
    "f1_micro": 0.48,
    "cost_summary": {
        "total_input_tokens": 58932,
        "total_output_tokens": 1442,
        "total_tokens": 60374,
        "input_cost_usd": 0.023572800000000005,
        "output_cost_usd": 0.0028839999999999994,
        "total_cost_usd": 0.026456800000000003
    }
}