{
    "fuzzy": 0.614,
    "cer": 0.429,
    "cost_summary": {
        "total_input_tokens": 12111,
        "total_output_tokens": 8020,
        "total_tokens": 20131,
        "input_cost_usd": 0.0181665,
        "output_cost_usd": 0.06015000000000001,
        "total_cost_usd": 0.07831650000000001
    }
}