{
    "fuzzy": 0.689,
    "cer": 0.34,
    "cost_summary": {
        "total_input_tokens": 39327,
        "total_output_tokens": 2885,
        "total_tokens": 42212,
        "input_cost_usd": 0.00314616,
        "output_cost_usd": 0.0014425,
        "total_cost_usd": 0.0045886600000000005
    }
}