{
    "f1_micro": 0.5134061569016881,
    "f1_macro": 0.498,
    "micro_precision": 0.5058708414872799,
    "micro_recall": 0.5211693548387096,
    "total_instances": 15,
    "total_tp": 517,
    "total_fp": 505,
    "total_fn": 475,
    "cost_summary": {
        "total_input_tokens": 23250,
        "total_output_tokens": 109479,
        "total_tokens": 132729,
        "input_cost_usd": 0.0046500000000000005,
        "output_cost_usd": 0.12590084999999998,
        "total_cost_usd": 0.13055085
    }
}