{
    "fuzzy": 0.15353535353535355,
    "cost_summary": {
        "total_input_tokens": 56991,
        "total_output_tokens": 3202,
        "total_tokens": 60193,
        "input_cost_usd": 0.006667947000000002,
        "output_cost_usd": 0.00437073,
        "total_cost_usd": 0.011038677
    }
}