{
    "fuzzy": 0.14141414141414144,
    "cost_summary": {
        "total_input_tokens": 19734,
        "total_output_tokens": 1941,
        "total_tokens": 21675,
        "input_cost_usd": 0.007893600000000004,
        "output_cost_usd": 0.0038820000000000005,
        "total_cost_usd": 0.011775600000000004
    }
}