{
    "f1_micro": 0.5571788413098236,
    "f1_macro": 0.5546666666666666,
    "micro_precision": 0.5568982880161127,
    "micro_recall": 0.5574596774193549,
    "total_instances": 15,
    "total_tp": 553,
    "total_fp": 440,
    "total_fn": 439,
    "cost_summary": {
        "total_input_tokens": 46456,
        "total_output_tokens": 15575,
        "total_tokens": 62031,
        "input_cost_usd": 0.018582400000000006,
        "output_cost_usd": 0.04984000000000001,
        "total_cost_usd": 0.06842240000000001
    }
}