{
    "f1_micro": 0.7838858581619808,
    "f1_macro": 0.7809505703422053,
    "micro_precision": 0.7945555082943428,
    "micro_recall": 0.7734989648033126,
    "total_instances": 263,
    "total_tp": 1868,
    "total_fp": 483,
    "total_fn": 547,
    "cost_summary": {
        "total_input_tokens": 462166,
        "total_output_tokens": 41319,
        "total_tokens": 503485,
        "input_cost_usd": 0.184866,
        "output_cost_usd": 0.082638,
        "total_cost_usd": 0.267504,
        "pricing_date": "2025-10-01",
        "input_price_per_million": 0.4,
        "output_price_per_million": 2.0
    }
}