{
    "f1_macro": 0.55,
    "f1_micro": 0.51,
    "cost_summary": {
        "total_input_tokens": 52178,
        "total_output_tokens": 3135,
        "total_tokens": 55313,
        "input_cost_usd": 0.003913350000000002,
        "output_cost_usd": 0.0009404999999999999,
        "total_cost_usd": 0.00485385
    }
}