{
    "f1_micro": 0.4631147540983606,
    "f1_macro": 0.47400000000000003,
    "micro_precision": 0.4708333333333333,
    "micro_recall": 0.45564516129032256,
    "total_instances": 15,
    "total_tp": 452,
    "total_fp": 508,
    "total_fn": 540,
    "cost_summary": {
        "total_input_tokens": 33810,
        "total_output_tokens": 15754,
        "total_tokens": 49564,
        "input_cost_usd": 0.0033810000000000008,
        "output_cost_usd": 0.006301600000000001,
        "total_cost_usd": 0.0096826
    }
}