{
    "f1_macro": 0.44,
    "f1_micro": 0.51,
    "cost_summary": {
        "total_input_tokens": 78390,
        "total_output_tokens": 2557,
        "total_tokens": 80947,
        "input_cost_usd": 1.1758499999999996,
        "output_cost_usd": 0.19177500000000006,
        "total_cost_usd": 1.3676249999999999
    }
}