{
    "fuzzy": 0.51,
    "cer": 0.514,
    "cost_summary": {
        "total_input_tokens": 11709,
        "total_output_tokens": 62581,
        "total_tokens": 74290,
        "input_cost_usd": 0.0011709,
        "output_cost_usd": 0.009387150000000002,
        "total_cost_usd": 0.010558050000000001
    }
}