{
    "f1_macro": 0.43,
    "f1_micro": 0.52,
    "cost_summary": {
        "total_input_tokens": 50900,
        "total_output_tokens": 1595,
        "total_tokens": 52495,
        "input_cost_usd": 0.10179999999999996,
        "output_cost_usd": 0.012759999999999999,
        "total_cost_usd": 0.11456000000000001
    }
}