{
    "fuzzy": 96.33042663739474,
    "n": 50,
    "cost_summary": {
        "total_input_tokens": 35867,
        "total_output_tokens": 27475,
        "total_tokens": 63342,
        "input_cost_usd": 0.071734,
        "output_cost_usd": 0.32970000000000005,
        "total_cost_usd": 0.40143400000000007
    }
}