{
    "fuzzy": 0.1633710552998867,
    "cost_summary": {
        "total_input_tokens": 19734,
        "total_output_tokens": 8430,
        "total_tokens": 28164,
        "input_cost_usd": 0.009867,
        "output_cost_usd": 0.004214999999999999,
        "total_cost_usd": 0.014081999999999996
    }
}