{
    "f1_micro": 0.5307933194154488,
    "f1_macro": 0.33081967213114755,
    "micro_precision": 0.773972602739726,
    "micro_recall": 0.4038919777601271,
    "total_instances": 61,
    "total_tp": 1017,
    "total_fp": 297,
    "total_fn": 1501,
    "cost_summary": {
        "total_input_tokens": 93193,
        "total_output_tokens": 26888,
        "total_tokens": 120081,
        "input_cost_usd": 0.046596500000000006,
        "output_cost_usd": 0.040332,
        "total_cost_usd": 0.08692849999999999
    }
}