{
    "fuzzy": 0.9154767619428994,
    "cost_summary": {
        "total_input_tokens": 96512,
        "total_output_tokens": 5254,
        "total_tokens": 101766,
        "input_cost_usd": 0.03860480000000001,
        "output_cost_usd": 0.0168128,
        "total_cost_usd": 0.05541760000000001
    }
}