{
    "f1_micro": 0.41414141414141414,
    "f1_macro": 0.412,
    "micro_precision": 0.4149797570850202,
    "micro_recall": 0.41330645161290325,
    "total_instances": 15,
    "total_tp": 410,
    "total_fp": 578,
    "total_fn": 582,
    "cost_summary": {
        "total_input_tokens": 32137,
        "total_output_tokens": 18106,
        "total_tokens": 50243,
        "input_cost_usd": 0.096411,
        "output_cost_usd": 0.27159,
        "total_cost_usd": 0.368001,
        "pricing_date": "2025-10-28",
        "input_price_per_million": 3.0,
        "output_price_per_million": 15.0
    }
}