{
    "fuzzy": 0.9257736130412207,
    "cost_summary": {
        "total_input_tokens": 97685,
        "total_output_tokens": 5148,
        "total_tokens": 102833,
        "input_cost_usd": 0.019048574999999998,
        "output_cost_usd": 0.00803088,
        "total_cost_usd": 0.027079455
    }
}