{
    "fuzzy": 0.9686697528777292,
    "cost_summary": {
        "total_input_tokens": 17457,
        "total_output_tokens": 3803,
        "total_tokens": 21260,
        "input_cost_usd": 0.021821249999999993,
        "output_cost_usd": 0.03803,
        "total_cost_usd": 0.05985125
    }
}