{
    "f1_macro": 0.66,
    "f1_micro": 0.69,
    "cost_summary": {
        "total_input_tokens": 126168,
        "total_output_tokens": 4235,
        "total_tokens": 130403,
        "input_cost_usd": 0.1892520000000002,
        "output_cost_usd": 0.038114999999999996,
        "total_cost_usd": 0.22736700000000007
    }
}