{
    "f1_macro": 0.51,
    "f1_micro": 0.52,
    "cost_summary": {
        "total_input_tokens": 229894,
        "total_output_tokens": 3634,
        "total_tokens": 233528,
        "input_cost_usd": 0.018391519999999984,
        "output_cost_usd": 0.0010901999999999997,
        "total_cost_usd": 0.019481719999999994
    }
}