{
    "f1_macro": 0.46,
    "f1_micro": 0.46,
    "cost_summary": {
        "total_input_tokens": 44436,
        "total_output_tokens": 6330,
        "total_tokens": 50766,
        "input_cost_usd": 0.004443600000000001,
        "output_cost_usd": 0.002532000000000001,
        "total_cost_usd": 0.006975600000000002
    }
}