{
    "f1_macro": 0.31,
    "f1_micro": 0.42,
    "cost_summary": {
        "total_input_tokens": 91650,
        "total_output_tokens": 2482,
        "total_tokens": 94132,
        "input_cost_usd": 0.018330000000000006,
        "output_cost_usd": 0.0004963999999999999,
        "total_cost_usd": 0.0188264
    }
}