{
    "f1_micro": 0.23295322317896205,
    "f1_macro": 0.2834426229508197,
    "micro_precision": 0.16474654377880185,
    "micro_recall": 0.39753772835583795,
    "total_instances": 61,
    "total_tp": 1001,
    "total_fp": 5075,
    "total_fn": 1517,
    "cost_summary": {
        "total_input_tokens": 110410,
        "total_output_tokens": 115108,
        "total_tokens": 225518,
        "input_cost_usd": 0.011041000000000006,
        "output_cost_usd": 0.034532400000000005,
        "total_cost_usd": 0.04557339999999999
    }
}