{
    "fuzzy": 0.6817428616714786,
    "cost_summary": {
        "total_input_tokens": 13775,
        "total_output_tokens": 7065,
        "total_tokens": 20840,
        "input_cost_usd": 0.024106250000000003,
        "output_cost_usd": 0.09891,
        "total_cost_usd": 0.12301625
    }
}