{
    "fuzzy": 0.9354950539583857,
    "cost_summary": {
        "total_input_tokens": 52107,
        "total_output_tokens": 3122,
        "total_tokens": 55229,
        "input_cost_usd": 0.1302675000000001,
        "output_cost_usd": 0.031220000000000005,
        "total_cost_usd": 0.16148750000000003
    }
}