{
    "fuzzy": 0.72,
    "cer": 0.282,
    "cost_summary": {
        "total_input_tokens": 10622,
        "total_output_tokens": 10304,
        "total_tokens": 20926,
        "input_cost_usd": 0.0010622000000000001,
        "output_cost_usd": 0.0041216000000000004,
        "total_cost_usd": 0.0051838
    }
}