{
    "f1_micro": 0.5051020408163265,
    "f1_macro": 0.48933333333333334,
    "micro_precision": 0.5113636363636364,
    "micro_recall": 0.49899193548387094,
    "total_instances": 15,
    "total_tp": 495,
    "total_fp": 473,
    "total_fn": 497,
    "cost_summary": {
        "total_input_tokens": 37509,
        "total_output_tokens": 15848,
        "total_tokens": 53357,
        "input_cost_usd": 0.562635,
        "output_cost_usd": 1.1885999999999999,
        "total_cost_usd": 1.7512350000000003
    }
}