{
    "f1_micro": 0.841514143094842,
    "f1_macro": 0.8322813688212928,
    "micro_precision": 0.8453823652319264,
    "micro_recall": 0.8376811594202899,
    "total_instances": 263,
    "total_tp": 2023,
    "total_fp": 370,
    "total_fn": 392,
    "cost_summary": {
        "total_input_tokens": 612527,
        "total_output_tokens": 45652,
        "total_tokens": 658179,
        "input_cost_usd": 0.061253,
        "output_cost_usd": 0.018261,
        "total_cost_usd": 0.079514,
        "pricing_date": "2025-10-01",
        "input_price_per_million": 0.1,
        "output_price_per_million": 0.4
    }
}