{
    "f1_micro": 0.7599833610648917,
    "f1_macro": 0.7519771863117871,
    "micro_precision": 0.7634768073547847,
    "micro_recall": 0.7565217391304347,
    "total_instances": 263,
    "total_tp": 1827,
    "total_fp": 566,
    "total_fn": 588,
    "cost_summary": {
        "total_input_tokens": 612527,
        "total_output_tokens": 45652,
        "total_tokens": 658179,
        "input_cost_usd": 0.061253,
        "output_cost_usd": 0.018261,
        "total_cost_usd": 0.079514,
        "pricing_date": "2025-10-01",
        "input_price_per_million": 0.1,
        "output_price_per_million": 0.4
    }
}