{
    "f1_micro": 0.9495947815773869,
    "f1_macro": 0.8988524590163934,
    "micro_precision": 0.9452971271153089,
    "micro_recall": 0.9539316918189039,
    "total_instances": 61,
    "total_tp": 2402,
    "total_fp": 139,
    "total_fn": 116,
    "cost_summary": {
        "total_input_tokens": 90463,
        "total_output_tokens": 56919,
        "total_tokens": 147382,
        "input_cost_usd": 0.11307875000000006,
        "output_cost_usd": 0.5691900000000003,
        "total_cost_usd": 0.6822687500000001
    }
}