{
    "fuzzy": 0.1749357192172442,
    "cost_summary": {
        "total_input_tokens": 8517,
        "total_output_tokens": 454,
        "total_tokens": 8971,
        "input_cost_usd": 0.0042585,
        "output_cost_usd": 0.0006810000000000001,
        "total_cost_usd": 0.0049394999999999994
    }
}