{
    "fuzzy": 0.6011772677258325,
    "cost_summary": {
        "total_input_tokens": 27248,
        "total_output_tokens": 3318,
        "total_tokens": 30566,
        "input_cost_usd": 0.0068119999999999995,
        "output_cost_usd": 0.0049770000000000005,
        "total_cost_usd": 0.011789
    }
}