{
    "f1_micro": 0.42599277978339345,
    "f1_macro": 0.412,
    "micro_precision": 0.43611404435058077,
    "micro_recall": 0.4163306451612903,
    "total_instances": 15,
    "total_tp": 413,
    "total_fp": 534,
    "total_fn": 579,
    "cost_summary": {
        "total_input_tokens": 18825,
        "total_output_tokens": 8648,
        "total_tokens": 27473,
        "input_cost_usd": 0.047063,
        "output_cost_usd": 0.08648,
        "total_cost_usd": 0.133543,
        "pricing_date": "2025-10-28",
        "input_price_per_million": 2.5,
        "output_price_per_million": 10.0
    }
}