{
    "f1_macro": 0.63,
    "f1_micro": 0.69,
    "cost_summary": {
        "total_input_tokens": 116996,
        "total_output_tokens": 97704,
        "total_tokens": 214700,
        "input_cost_usd": 0.14624500000000007,
        "output_cost_usd": 0.97704,
        "total_cost_usd": 1.1232849999999996
    }
}