{
    "f1_micro": 0.6087828353719671,
    "f1_macro": 0.6037262357414449,
    "micro_precision": 0.5902021772939346,
    "micro_recall": 0.6285714285714286,
    "total_instances": 263,
    "total_tp": 1518,
    "total_fp": 1054,
    "total_fn": 897,
    "cost_summary": {
        "total_input_tokens": 877197,
        "total_output_tokens": 45788,
        "total_tokens": 922985,
        "input_cost_usd": 0.13158,
        "output_cost_usd": 0.006868,
        "total_cost_usd": 0.138448,
        "pricing_date": "2025-10-01",
        "input_price_per_million": 0.15,
        "output_price_per_million": 0.15
    }
}