{
    "f1_micro": 0.8218438538205981,
    "f1_macro": 0.818212927756654,
    "micro_precision": 0.8242399000416493,
    "micro_recall": 0.8194616977225673,
    "total_instances": 263,
    "total_tp": 1979,
    "total_fp": 422,
    "total_fn": 436,
    "cost_summary": {
        "total_input_tokens": 365175,
        "total_output_tokens": 33217,
        "total_tokens": 398392,
        "input_cost_usd": 0.45646874999999804,
        "output_cost_usd": 0.33216999999999997,
        "total_cost_usd": 0.7886387499999997
    }
}