{
    "fuzzy": 0.714,
    "cer": 0.311,
    "cost_summary": {
        "total_input_tokens": 39576,
        "total_output_tokens": 5675,
        "total_tokens": 45251,
        "input_cost_usd": 0.015830399999999998,
        "output_cost_usd": 0.009080000000000001,
        "total_cost_usd": 0.0249104
    }
}