{
    "f1_macro": 0.0,
    "f1_micro": 0.0,
    "cost_summary": {
        "total_input_tokens": 14625,
        "total_output_tokens": 1050,
        "total_tokens": 15675,
        "input_cost_usd": 0.0029249999999999988,
        "output_cost_usd": 0.00020999999999999987,
        "total_cost_usd": 0.0031349999999999985
    }
}