{
    "f1_macro": 0.53,
    "f1_micro": 0.62,
    "cost_summary": {
        "total_input_tokens": 46620,
        "total_output_tokens": 2215,
        "total_tokens": 48835,
        "input_cost_usd": 0.09323999999999999,
        "output_cost_usd": 0.026580000000000006,
        "total_cost_usd": 0.11982000000000001
    }
}