{
    "f1_micro": 0.38767395626242546,
    "f1_macro": 0.388,
    "micro_precision": 0.38235294117647056,
    "micro_recall": 0.39314516129032256,
    "total_instances": 15,
    "total_tp": 390,
    "total_fp": 630,
    "total_fn": 602,
    "cost_summary": {
        "total_input_tokens": 34650,
        "total_output_tokens": 10458,
        "total_tokens": 45108,
        "input_cost_usd": 0.06929999999999999,
        "output_cost_usd": 0.05229,
        "total_cost_usd": 0.12159
    }
}