{
    "fuzzy": 0.7647685764776546,
    "cost_summary": {
        "total_input_tokens": 90124,
        "total_output_tokens": 86656,
        "total_tokens": 176780,
        "input_cost_usd": 0.0045062,
        "output_cost_usd": 0.0346624,
        "total_cost_usd": 0.0391686
    }
}