{
    "f1_micro": 0.5569620253164558,
    "f1_macro": 0.5546666666666666,
    "micro_precision": 0.5595116988809766,
    "micro_recall": 0.5544354838709677,
    "total_instances": 15,
    "total_tp": 550,
    "total_fp": 433,
    "total_fn": 442,
    "cost_summary": {
        "total_input_tokens": 22303,
        "total_output_tokens": 18049,
        "total_tokens": 40352,
        "input_cost_usd": 0.04460600000000001,
        "output_cost_usd": 0.21658800000000003,
        "total_cost_usd": 0.261194
    }
}