{
    "fuzzy": 0.56,
    "cer": 0.488,
    "cost_summary": {
        "total_input_tokens": 4097,
        "total_output_tokens": 7523,
        "total_tokens": 11620,
        "input_cost_usd": 0.00053261,
        "output_cost_usd": 0.0028587400000000002,
        "total_cost_usd": 0.00339135
    }
}