{
    "f1_micro": 0.10320781032078102,
    "f1_macro": 0.05897338403041825,
    "micro_precision": 0.32671081677704195,
    "micro_recall": 0.06128364389233954,
    "total_instances": 263,
    "total_tp": 148,
    "total_fp": 305,
    "total_fn": 2267,
    "cost_summary": {
        "total_input_tokens": 495229,
        "total_output_tokens": 44554,
        "total_tokens": 539783,
        "input_cost_usd": 0.089141,
        "output_cost_usd": 0.093563,
        "total_cost_usd": 0.182705,
        "pricing_date": "2025-10-17",
        "input_price_per_million": 0.18,
        "output_price_per_million": 2.1
    }
}