{
    "f1_macro": 0.5271076146076146,
    "f1_micro": 0.4873096446700507
}