{
    "fuzzy": 70.38834255550859,
    "n": 50,
    "cost_summary": {
        "total_input_tokens": 40325,
        "total_output_tokens": 46027,
        "total_tokens": 86352,
        "input_cost_usd": 0.0060487499999999994,
        "output_cost_usd": 0.006904049999999998,
        "total_cost_usd": 0.012952799999999999
    }
}