{
    "fuzzy": 18.802190333226598,
    "n": 50,
    "cost_summary": {
        "total_input_tokens": 35084,
        "total_output_tokens": 2019629,
        "total_tokens": 2054713,
        "input_cost_usd": 0.0035084000000000005,
        "output_cost_usd": 0.30294435000000003,
        "total_cost_usd": 0.3064527499999999
    }
}