{
    "fuzzy": 96.57199456942027,
    "n": 50,
    "cost_summary": {
        "total_input_tokens": 84622,
        "total_output_tokens": 61265,
        "total_tokens": 145887,
        "input_cost_usd": 0.16924399999999998,
        "output_cost_usd": 0.61265,
        "total_cost_usd": 0.781894
    }
}