{
    "fuzzy": 0.49721391270092336,
    "cost_summary": {
        "total_input_tokens": 15530,
        "total_output_tokens": 42939,
        "total_tokens": 58469,
        "input_cost_usd": 0.0050472500000000005,
        "output_cost_usd": 0.08373105,
        "total_cost_usd": 0.0887783
    }
}