{
    "fuzzy": 0.533,
    "cer": 0.512,
    "cost_summary": {
        "total_input_tokens": 11640,
        "total_output_tokens": 2174,
        "total_tokens": 13814,
        "input_cost_usd": 0.023280000000000006,
        "output_cost_usd": 0.013044000000000002,
        "total_cost_usd": 0.036323999999999995
    }
}