{
    "fuzzy": 0.257,
    "cer": 0.743,
    "cost_summary": {
        "total_input_tokens": 35892,
        "total_output_tokens": 3736,
        "total_tokens": 39628,
        "input_cost_usd": 0.10767599999999998,
        "output_cost_usd": 0.056040000000000006,
        "total_cost_usd": 0.16371600000000003
    }
}