{
    "fuzzy": 0.8100201654389452,
    "cost_summary": {
        "total_input_tokens": 56247,
        "total_output_tokens": 4941,
        "total_tokens": 61188,
        "input_cost_usd": 0.09843225,
        "output_cost_usd": 0.069174,
        "total_cost_usd": 0.16760624999999998
    }
}