{
    "fuzzy": 0.41705242023048095,
    "cost_summary": {
        "total_input_tokens": 2772,
        "total_output_tokens": 14587,
        "total_tokens": 17359,
        "input_cost_usd": 0.00022176,
        "output_cost_usd": 0.005105449999999999,
        "total_cost_usd": 0.005327209999999999
    }
}