{
    "fuzzy": 95.90116947075053,
    "n": 50,
    "cost_summary": {
        "total_input_tokens": 39246,
        "total_output_tokens": 1324649,
        "total_tokens": 1363895,
        "input_cost_usd": 0.007652970000000001,
        "output_cost_usd": 2.0664524400000004,
        "total_cost_usd": 2.0741054100000005
    }
}