{
    "f1_macro": 0.43,
    "f1_micro": 0.57,
    "cost_summary": {
        "total_input_tokens": 53376,
        "total_output_tokens": 1211,
        "total_tokens": 54587,
        "input_cost_usd": 0.02135040000000001,
        "output_cost_usd": 0.002422,
        "total_cost_usd": 0.0237724
    }
}