{
    "f1_micro": 0.89019926799512,
    "f1_macro": 0.8801140684410647,
    "micro_precision": 0.8745505393527767,
    "micro_recall": 0.9064182194616978,
    "total_instances": 263,
    "total_tp": 2189,
    "total_fp": 314,
    "total_fn": 226,
    "cost_summary": {
        "total_input_tokens": 406240,
        "total_output_tokens": 48633,
        "total_tokens": 454873,
        "input_cost_usd": 0.812479999999998,
        "output_cost_usd": 0.5835960000000002,
        "total_cost_usd": 1.3960759999999999
    }
}