{
    "fuzzy": 0.6989126567611622,
    "cost_summary": {
        "total_input_tokens": 28559,
        "total_output_tokens": 9473,
        "total_tokens": 38032,
        "input_cost_usd": 0.142795,
        "output_cost_usd": 0.23682499999999998,
        "total_cost_usd": 0.37962000000000007
    }
}