{
    "f1_micro": 0.36439354502863086,
    "f1_macro": 0.34400000000000003,
    "micro_precision": 0.3767491926803014,
    "micro_recall": 0.3528225806451613,
    "total_instances": 15,
    "total_tp": 350,
    "total_fp": 579,
    "total_fn": 642,
    "cost_summary": {
        "total_input_tokens": 62354,
        "total_output_tokens": 8013,
        "total_tokens": 70367,
        "input_cost_usd": 0.0062354,
        "output_cost_usd": 0.0032052,
        "total_cost_usd": 0.009440599999999999
    }
}