{
    "f1_macro": 0.48,
    "f1_micro": 0.54,
    "cost_summary": {
        "total_input_tokens": 103545,
        "total_output_tokens": 2262,
        "total_tokens": 105807,
        "input_cost_usd": 0.006730424999999998,
        "output_cost_usd": 0.0005881199999999999,
        "total_cost_usd": 0.007318545
    }
}