{
    "f1_macro": 0.3825108225108225,
    "f1_micro": 0.44230769230769235
}