{
    "f1_macro": 0.52,
    "f1_micro": 0.47,
    "cost_summary": {
        "total_input_tokens": 27006,
        "total_output_tokens": 2125,
        "total_tokens": 29131,
        "input_cost_usd": 0.008101799999999998,
        "output_cost_usd": 0.0053124999999999995,
        "total_cost_usd": 0.013414299999999999
    }
}