{
    "f1_micro": 0.875640237656218,
    "f1_macro": 0.8685171102661596,
    "micro_precision": 0.8665855636658556,
    "micro_recall": 0.8848861283643892,
    "total_instances": 263,
    "total_tp": 2137,
    "total_fp": 329,
    "total_fn": 278,
    "cost_summary": {
        "total_input_tokens": 470700,
        "total_output_tokens": 46874,
        "total_tokens": 517574,
        "input_cost_usd": 0.14120999999999992,
        "output_cost_usd": 0.11249760000000004,
        "total_cost_usd": 0.25370759999999987
    }
}