{
    "f1_micro": 0.4237544036235531,
    "f1_macro": 0.41800000000000004,
    "micro_precision": 0.42311557788944726,
    "micro_recall": 0.42439516129032256,
    "total_instances": 15,
    "total_tp": 421,
    "total_fp": 574,
    "total_fn": 571,
    "cost_summary": {
        "total_input_tokens": 29038,
        "total_output_tokens": 10342,
        "total_tokens": 39380,
        "input_cost_usd": 0.050816499999999994,
        "output_cost_usd": 0.14478800000000003,
        "total_cost_usd": 0.1956045
    }
}