{
    "f1_micro": 0.4014300306435138,
    "f1_macro": 0.39599999999999996,
    "micro_precision": 0.40683229813664595,
    "micro_recall": 0.3961693548387097,
    "total_instances": 15,
    "total_tp": 393,
    "total_fp": 573,
    "total_fn": 599,
    "cost_summary": {
        "total_input_tokens": 18825,
        "total_output_tokens": 9170,
        "total_tokens": 27995,
        "input_cost_usd": 0.03765,
        "output_cost_usd": 0.07336,
        "total_cost_usd": 0.11101,
        "pricing_date": "2025-10-28",
        "input_price_per_million": 2.0,
        "output_price_per_million": 8.0
    }
}