{
    "fuzzy": 72.41402687020955,
    "n": 50,
    "cost_summary": {
        "total_input_tokens": 35341,
        "total_output_tokens": 23720,
        "total_tokens": 59061,
        "input_cost_usd": 0.00282728,
        "output_cost_usd": 0.011859999999999999,
        "total_cost_usd": 0.014687279999999994
    }
}