{
    "fuzzy": 0.9523885397323252,
    "cost_summary": {
        "total_input_tokens": 44967,
        "total_output_tokens": 5294,
        "total_tokens": 50261,
        "input_cost_usd": 0.0674505,
        "output_cost_usd": 0.04764600000000001,
        "total_cost_usd": 0.11509650000000005
    }
}