{
    "f1_macro": 0.53,
    "f1_micro": 0.62,
    "cost_summary": {
        "total_input_tokens": 85215,
        "total_output_tokens": 2204,
        "total_tokens": 87419,
        "input_cost_usd": 0.42607499999999976,
        "output_cost_usd": 0.055099999999999996,
        "total_cost_usd": 0.4811750000000001
    }
}