{
    "fuzzy": 0.677,
    "cer": 0.335,
    "cost_summary": {
        "total_input_tokens": 9264,
        "total_output_tokens": 2835,
        "total_tokens": 12099,
        "input_cost_usd": 0.011580000000000002,
        "output_cost_usd": 0.02835,
        "total_cost_usd": 0.03993000000000001
    }
}