{
    "fuzzy": 0.056,
    "cer": 0.969,
    "cost_summary": {
        "total_input_tokens": 5079,
        "total_output_tokens": 2557,
        "total_tokens": 7636,
        "input_cost_usd": 0.010158,
        "output_cost_usd": 0.015342,
        "total_cost_usd": 0.025499999999999995
    }
}