{
    "fuzzy": 63.590040346767026,
    "n": 50,
    "cost_summary": {
        "total_input_tokens": 31538,
        "total_output_tokens": 1003416,
        "total_tokens": 1034954,
        "input_cost_usd": 0.003153799999999999,
        "output_cost_usd": 0.40136639999999996,
        "total_cost_usd": 0.4045201999999999
    }
}