{
    "f1_macro": 0.3878659223733522,
    "f1_micro": 0.3856209150326798
}