{
    "fuzzy": 9.381933464162028,
    "n": 50,
    "cost_summary": {
        "total_input_tokens": 3081,
        "total_output_tokens": 2270,
        "total_tokens": 5351,
        "input_cost_usd": 0.0015405,
        "output_cost_usd": 0.0034050000000000005,
        "total_cost_usd": 0.0049455
    }
}