{
    "f1_micro": 0.977503483973721,
    "f1_macro": 0.9173770491803279,
    "micro_precision": 0.9800399201596807,
    "micro_recall": 0.9749801429706116,
    "total_instances": 61,
    "total_tp": 2455,
    "total_fp": 50,
    "total_fn": 63,
    "cost_summary": {
        "total_input_tokens": 323312,
        "total_output_tokens": 61204,
        "total_tokens": 384516,
        "input_cost_usd": 0.06304584,
        "output_cost_usd": 0.09547824,
        "total_cost_usd": 0.15852408000000004
    }
}