{
    "fuzzy": 0.677137106214847,
    "cost_summary": {
        "total_input_tokens": 26564,
        "total_output_tokens": 9893,
        "total_tokens": 36457,
        "input_cost_usd": 0.13282,
        "output_cost_usd": 0.24732500000000002,
        "total_cost_usd": 0.38014499999999996
    }
}