{
    "fuzzy": 0.667,
    "cer": 0.344,
    "cost_summary": {
        "total_input_tokens": 38424,
        "total_output_tokens": 2613,
        "total_tokens": 41037,
        "input_cost_usd": 0.048029999999999996,
        "output_cost_usd": 0.0065325,
        "total_cost_usd": 0.0545625
    }
}