{
    "fuzzy": 0.578,
    "cer": 0.468,
    "cost_summary": {
        "total_input_tokens": 22752,
        "total_output_tokens": 2044,
        "total_tokens": 24796,
        "input_cost_usd": 0.011375999999999999,
        "output_cost_usd": 0.0030660000000000006,
        "total_cost_usd": 0.014442000000000002
    }
}