{
    "fuzzy": 0.633,
    "cer": 0.411,
    "cost_summary": {
        "total_input_tokens": 17064,
        "total_output_tokens": 1514,
        "total_tokens": 18578,
        "input_cost_usd": 0.008532,
        "output_cost_usd": 0.002271,
        "total_cost_usd": 0.010803000000000002
    }
}