{
    "fuzzy": 0.6607170339297244,
    "cost_summary": {
        "total_input_tokens": 12314,
        "total_output_tokens": 10273,
        "total_tokens": 22587,
        "input_cost_usd": 0.0215495,
        "output_cost_usd": 0.143822,
        "total_cost_usd": 0.1653715
    }
}