{
    "fuzzy": 56.95136002584366,
    "n": 50,
    "cost_summary": {
        "total_input_tokens": 24306,
        "total_output_tokens": 21888,
        "total_tokens": 46194,
        "input_cost_usd": 0.012153,
        "output_cost_usd": 0.03283200000000001,
        "total_cost_usd": 0.044985000000000004
    }
}