{
    "f1_macro": 0.49,
    "f1_micro": 0.5,
    "cost_summary": {
        "total_input_tokens": 3637703,
        "total_output_tokens": 3954,
        "total_tokens": 3641657,
        "input_cost_usd": 0.5456554500000002,
        "output_cost_usd": 0.0023723999999999993,
        "total_cost_usd": 0.54802785
    }
}