{
    "f1_micro": 0.5068285280728377,
    "f1_macro": 0.5146666666666666,
    "micro_precision": 0.5086294416243655,
    "micro_recall": 0.5050403225806451,
    "total_instances": 15,
    "total_tp": 501,
    "total_fp": 484,
    "total_fn": 491,
    "cost_summary": {
        "total_input_tokens": 72983,
        "total_output_tokens": 16883,
        "total_tokens": 89866,
        "input_cost_usd": 0.7298300000000001,
        "output_cost_usd": 0.8441500000000001,
        "total_cost_usd": 1.57398
    }
}