{
    "f1_micro": 0.32533333333333336,
    "f1_macro": 0.29533333333333334,
    "micro_precision": 0.34541336353340885,
    "micro_recall": 0.3074596774193548,
    "total_instances": 15,
    "total_tp": 305,
    "total_fp": 578,
    "total_fn": 687,
    "cost_summary": {
        "total_input_tokens": 13725,
        "total_output_tokens": 7628,
        "total_tokens": 21353,
        "input_cost_usd": 0.02745,
        "output_cost_usd": 0.061024,
        "total_cost_usd": 0.088474,
        "pricing_date": "2025-10-28",
        "input_price_per_million": 2.0,
        "output_price_per_million": 8.0
    }
}