{
    "f1_micro": 0.003110419906687403,
    "f1_macro": 0.0026666666666666666,
    "micro_precision": 0.006802721088435374,
    "micro_recall": 0.0020161290322580645,
    "total_instances": 15,
    "total_tp": 2,
    "total_fp": 292,
    "total_fn": 990,
    "cost_summary": {
        "total_input_tokens": 8220,
        "total_output_tokens": 10004,
        "total_tokens": 18224,
        "input_cost_usd": 0.00411,
        "output_cost_usd": 0.015006,
        "total_cost_usd": 0.019115999999999998
    }
}