{
    "fuzzy": 95.30562290248977,
    "n": 50,
    "cost_summary": {
        "total_input_tokens": 74096,
        "total_output_tokens": 39092,
        "total_tokens": 113188,
        "input_cost_usd": 0.074096,
        "output_cost_usd": 0.19546000000000005,
        "total_cost_usd": 0.26955599999999996
    }
}