{
    "fuzzy": 0.865898167405956,
    "cost_summary": {
        "total_input_tokens": 78939,
        "total_output_tokens": 3466,
        "total_tokens": 82405,
        "input_cost_usd": 0.13814324999999997,
        "output_cost_usd": 0.04852399999999999,
        "total_cost_usd": 0.18666724999999998
    }
}