{
    "f1_macro": 0.54,
    "f1_micro": 0.66,
    "cost_summary": {
        "total_input_tokens": 167010,
        "total_output_tokens": 2786,
        "total_tokens": 169796,
        "input_cost_usd": 1.670099999999999,
        "output_cost_usd": 0.13929999999999998,
        "total_cost_usd": 1.8094000000000003
    }
}