{
    "f1_macro": 0.0,
    "f1_micro": 0.0,
    "cost_summary": {
        "total_input_tokens": 18720,
        "total_output_tokens": 1396,
        "total_tokens": 20116,
        "input_cost_usd": 0.001871999999999999,
        "output_cost_usd": 0.00041879999999999993,
        "total_cost_usd": 0.0022908
    }
}