{
    "f1_micro": 0.3482490272373541,
    "f1_macro": 0.2826666666666667,
    "micro_precision": 0.33646616541353386,
    "micro_recall": 0.36088709677419356,
    "total_instances": 15,
    "total_tp": 358,
    "total_fp": 706,
    "total_fn": 634,
    "cost_summary": {
        "total_input_tokens": 40921,
        "total_output_tokens": 15599,
        "total_tokens": 56520,
        "input_cost_usd": 0.0122763,
        "output_cost_usd": 0.03743759999999999,
        "total_cost_usd": 0.049713900000000005
    }
}