{
    "f1_micro": 0.0,
    "f1_macro": 0.0,
    "micro_precision": 0.0,
    "micro_recall": 0.0,
    "total_instances": 15,
    "total_tp": 0,
    "total_fp": 150,
    "total_fn": 992,
    "cost_summary": {
        "total_input_tokens": 2970,
        "total_output_tokens": 1770,
        "total_tokens": 4740,
        "input_cost_usd": 0.0011879999999999998,
        "output_cost_usd": 0.003540000000000001,
        "total_cost_usd": 0.004727999999999999
    }
}