{
    "fuzzy": 0.9453675744203263,
    "cost_summary": {
        "total_input_tokens": 96512,
        "total_output_tokens": 5347,
        "total_tokens": 101859,
        "input_cost_usd": 0.0289536,
        "output_cost_usd": 0.012832800000000002,
        "total_cost_usd": 0.041786399999999994
    }
}