{
    "f1_micro": 0.9666136724960254,
    "f1_macro": 0.9118032786885245,
    "micro_precision": 0.9673826571201273,
    "micro_recall": 0.965845909451946,
    "total_instances": 61,
    "total_tp": 2432,
    "total_fp": 82,
    "total_fn": 86,
    "cost_summary": {
        "total_input_tokens": 264893,
        "total_output_tokens": 61048,
        "total_tokens": 325941,
        "input_cost_usd": 0.10595719999999995,
        "output_cost_usd": 0.14651519999999998,
        "total_cost_usd": 0.2524724
    }
}