{
    "f1_macro": 0.59,
    "f1_micro": 0.54,
    "cost_summary": {
        "total_input_tokens": 137390,
        "total_output_tokens": 3045,
        "total_tokens": 140435,
        "input_cost_usd": 0.4121699999999998,
        "output_cost_usd": 0.045675,
        "total_cost_usd": 0.4578450000000001
    }
}