{
    "fuzzy": 0.0,
    "cer": 1.0,
    "cost_summary": {
        "total_input_tokens": 3930,
        "total_output_tokens": 5924,
        "total_tokens": 9854,
        "input_cost_usd": 0.0005895,
        "output_cost_usd": 0.0008885999999999999,
        "total_cost_usd": 0.0014781
    }
}