{
    "f1_macro": 0.0,
    "f1_micro": 0.0,
    "cost_summary": {
        "total_input_tokens": 18720,
        "total_output_tokens": 2099,
        "total_tokens": 20819,
        "input_cost_usd": 0.007487999999999996,
        "output_cost_usd": 0.004198000000000001,
        "total_cost_usd": 0.011686
    }
}