{
    "f1_macro": 0.3407234316267664,
    "f1_micro": 0.33939393939393936
}