{
    "f1_micro": 0.25261261261261264,
    "f1_macro": 0.21016393442622952,
    "micro_precision": 0.2312005277044855,
    "micro_recall": 0.278395552025417,
    "total_instances": 61,
    "total_tp": 701,
    "total_fp": 2331,
    "total_fn": 1817,
    "cost_summary": {
        "total_input_tokens": 110410,
        "total_output_tokens": 56291,
        "total_tokens": 166701,
        "input_cost_usd": 0.055205000000000067,
        "output_cost_usd": 0.028145500000000004,
        "total_cost_usd": 0.08335049999999995
    }
}