{
    "fuzzy": 0.416,
    "cer": 0.652,
    "cost_summary": {
        "total_input_tokens": 153688,
        "total_output_tokens": 5861,
        "total_tokens": 159549,
        "input_cost_usd": 0.0230532,
        "output_cost_usd": 0.0035165999999999995,
        "total_cost_usd": 0.026569799999999998
    }
}