{
    "f1_micro": 0.2824506749740394,
    "f1_macro": 0.2873333333333334,
    "micro_precision": 0.291220556745182,
    "micro_recall": 0.27419354838709675,
    "total_instances": 15,
    "total_tp": 272,
    "total_fp": 662,
    "total_fn": 720,
    "cost_summary": {
        "total_input_tokens": 9780,
        "total_output_tokens": 83164,
        "total_tokens": 92944,
        "input_cost_usd": 0.000978,
        "output_cost_usd": 0.033266,
        "total_cost_usd": 0.034244,
        "pricing_date": "2025-10-28",
        "input_price_per_million": 0.1,
        "output_price_per_million": 0.4
    }
}