{
    "f1_macro": 0.557274583319076,
    "f1_micro": 0.5754385964912281
}