{
    "fuzzy": 0.786895410202381,
    "cost_summary": {
        "total_input_tokens": 88779,
        "total_output_tokens": 4595,
        "total_tokens": 93374,
        "input_cost_usd": 0.011541270000000001,
        "output_cost_usd": 0.0023894000000000007,
        "total_cost_usd": 0.013930670000000004
    }
}