{
    "fuzzy": 0.9190550165907804,
    "cost_summary": {
        "total_input_tokens": 44967,
        "total_output_tokens": 70475,
        "total_tokens": 115442,
        "input_cost_usd": 0.08993400000000004,
        "output_cost_usd": 0.8456999999999997,
        "total_cost_usd": 0.935634
    }
}