{
    "fuzzy": 0.066,
    "cer": 0.955,
    "cost_summary": {
        "total_input_tokens": 5079,
        "total_output_tokens": 2090,
        "total_tokens": 7169,
        "input_cost_usd": 0.010158,
        "output_cost_usd": 0.01254,
        "total_cost_usd": 0.022697999999999996
    }
}