{
    "fuzzy": 0.174,
    "cer": 0.835,
    "cost_summary": {
        "total_input_tokens": 7425,
        "total_output_tokens": 12746,
        "total_tokens": 20171,
        "input_cost_usd": 0.014849999999999999,
        "output_cost_usd": 0.101968,
        "total_cost_usd": 0.11681799999999999
    }
}