{
    "f1_micro": 0.4575299635226681,
    "f1_macro": 0.446,
    "micro_precision": 0.47357065803667747,
    "micro_recall": 0.4425403225806452,
    "total_instances": 15,
    "total_tp": 439,
    "total_fp": 488,
    "total_fn": 553,
    "cost_summary": {
        "total_input_tokens": 40842,
        "total_output_tokens": 12476,
        "total_tokens": 53318,
        "input_cost_usd": 0.003267360000000001,
        "output_cost_usd": 0.0037428,
        "total_cost_usd": 0.00701016
    }
}