{
    "fuzzy": 0.701,
    "cer": 0.319,
    "cost_summary": {
        "total_input_tokens": 28920,
        "total_output_tokens": 2923,
        "total_tokens": 31843,
        "input_cost_usd": 0.050609999999999995,
        "output_cost_usd": 0.040922,
        "total_cost_usd": 0.09153200000000002
    }
}