{
    "fuzzy": 0.05455504288388331,
    "cost_summary": {
        "total_input_tokens": 5051,
        "total_output_tokens": 2496,
        "total_tokens": 7547,
        "input_cost_usd": 0.010102,
        "output_cost_usd": 0.014976000000000001,
        "total_cost_usd": 0.025078
    }
}