{
    "fuzzy": 0.6821804828364122,
    "cost_summary": {
        "total_input_tokens": 1716,
        "total_output_tokens": 15564,
        "total_tokens": 17280,
        "input_cost_usd": 0.0005147999999999999,
        "output_cost_usd": 0.03891,
        "total_cost_usd": 0.039424799999999996
    }
}