{
    "f1_micro": 0.3549488054607509,
    "f1_macro": 0.36000000000000004,
    "micro_precision": 0.3437204910292729,
    "micro_recall": 0.36693548387096775,
    "total_instances": 15,
    "total_tp": 364,
    "total_fp": 695,
    "total_fn": 628,
    "cost_summary": {
        "total_input_tokens": 22252,
        "total_output_tokens": 16625,
        "total_tokens": 38877,
        "input_cost_usd": 0.066756,
        "output_cost_usd": 0.249375,
        "total_cost_usd": 0.316131,
        "pricing_date": "2025-10-28",
        "input_price_per_million": 3.0,
        "output_price_per_million": 15.0
    }
}