{
    "f1_macro": 0.44,
    "f1_micro": 0.41,
    "cost_summary": {
        "total_input_tokens": 56556,
        "total_output_tokens": 1180,
        "total_tokens": 57736,
        "input_cost_usd": 0.0226224,
        "output_cost_usd": 0.00236,
        "total_cost_usd": 0.024982400000000002
    }
}