{
    "fuzzy": 84.75861163928079,
    "n": 50,
    "cost_summary": {
        "total_input_tokens": 40325,
        "total_output_tokens": 48171,
        "total_tokens": 88496,
        "input_cost_usd": 0.008065,
        "output_cost_usd": 0.009634200000000004,
        "total_cost_usd": 0.0176992
    }
}