{
    "f1_macro": 0.53,
    "f1_micro": 0.48,
    "cost_summary": {
        "total_input_tokens": 2336253,
        "total_output_tokens": 2244,
        "total_tokens": 2338497,
        "input_cost_usd": 0.3504379500000001,
        "output_cost_usd": 0.0013463999999999998,
        "total_cost_usd": 0.3517843499999999
    }
}