{
    "fuzzy": 0.864,
    "cer": 0.154,
    "cost_summary": {
        "total_input_tokens": 13180,
        "total_output_tokens": 16804,
        "total_tokens": 29984,
        "input_cost_usd": 0.0013180000000000002,
        "output_cost_usd": 0.0025206,
        "total_cost_usd": 0.0038386
    }
}