{
    "f1_micro": 0.8509341998375305,
    "f1_macro": 0.837148288973384,
    "micro_precision": 0.8349940215225189,
    "micro_recall": 0.8674948240165632,
    "total_instances": 263,
    "total_tp": 2095,
    "total_fp": 414,
    "total_fn": 320,
    "cost_summary": {
        "total_input_tokens": 386652,
        "total_output_tokens": 779746,
        "total_tokens": 1166398,
        "input_cost_usd": 0.06283094999999997,
        "output_cost_usd": 1.0136698000000008,
        "total_cost_usd": 1.0765007500000001
    }
}