{
    "f1_micro": 0.0324449594438007,
    "f1_macro": 0.046000000000000006,
    "micro_precision": 0.03814713896457766,
    "micro_recall": 0.028225806451612902,
    "total_instances": 15,
    "total_tp": 28,
    "total_fp": 706,
    "total_fn": 964,
    "cost_summary": {
        "total_input_tokens": 16797,
        "total_output_tokens": 93476,
        "total_tokens": 110273,
        "input_cost_usd": 0.050391,
        "output_cost_usd": 1.40214,
        "total_cost_usd": 1.452531,
        "pricing_date": "2025-10-28",
        "input_price_per_million": 3.0,
        "output_price_per_million": 15.0
    }
}