{
    "fuzzy": 96.78451225623843,
    "n": 50,
    "cost_summary": {
        "total_input_tokens": 33621,
        "total_output_tokens": 26215,
        "total_tokens": 59836,
        "input_cost_usd": 0.08405250000000002,
        "output_cost_usd": 0.393225,
        "total_cost_usd": 0.4772775
    }
}