{
    "fuzzy": 97.06988629115105,
    "n": 50,
    "cost_summary": {
        "total_input_tokens": 60446,
        "total_output_tokens": 34894,
        "total_tokens": 95340,
        "input_cost_usd": 0.181338,
        "output_cost_usd": 0.5234099999999999,
        "total_cost_usd": 0.7047480000000002
    }
}