{
    "f1_macro": 0.67,
    "f1_micro": 0.59,
    "cost_summary": {
        "total_input_tokens": 170130,
        "total_output_tokens": 1781,
        "total_tokens": 171911,
        "input_cost_usd": 0.21266249999999992,
        "output_cost_usd": 0.0044525,
        "total_cost_usd": 0.21711500000000006
    }
}