{
    "f1_macro": 0.54,
    "f1_micro": 0.54,
    "cost_summary": {
        "total_input_tokens": 255390,
        "total_output_tokens": 85301,
        "total_tokens": 340691,
        "input_cost_usd": 0.04150087499999999,
        "output_cost_usd": 0.11089130000000001,
        "total_cost_usd": 0.152392175
    }
}