{
    "f1": 0.0,
    "precision": 0.0,
    "recall": 0.0,
    "mean_iou": 0.0,
    "true_positives": 0,
    "false_positives": 0,
    "false_negatives": 126,
    "num_pages": 46,
    "cost_summary": {
        "total_input_tokens": 11684,
        "total_output_tokens": 506,
        "total_tokens": 12190,
        "input_cost_usd": 0.0023368000000000004,
        "output_cost_usd": 0.00010119999999999998,
        "total_cost_usd": 0.0024380000000000022
    }
}