{
    "fuzzy": 0.4468805460092504,
    "cost_summary": {
        "total_input_tokens": 4939,
        "total_output_tokens": 14279,
        "total_tokens": 19218,
        "input_cost_usd": 0.009877999999999998,
        "output_cost_usd": 0.085674,
        "total_cost_usd": 0.09555200000000001
    }
}