{
    "f1_micro": 0.9007049345417926,
    "f1_macro": 0.8916730038022813,
    "micro_precision": 0.8768627450980392,
    "micro_recall": 0.925879917184265,
    "total_instances": 263,
    "total_tp": 2236,
    "total_fp": 314,
    "total_fn": 179,
    "cost_summary": {
        "total_input_tokens": 875339,
        "total_output_tokens": 71670,
        "total_tokens": 947009,
        "input_cost_usd": 4.3766950000000024,
        "output_cost_usd": 1.7917500000000002,
        "total_cost_usd": 6.168444999999998
    }
}