{
    "f1_macro": 0.4549425287356322,
    "f1_micro": 0.5858585858585859
}