{
    "f1_micro": 0.3983184445612192,
    "f1_macro": 0.3873333333333333,
    "micro_precision": 0.41602634467618005,
    "micro_recall": 0.38205645161290325,
    "total_instances": 15,
    "total_tp": 379,
    "total_fp": 532,
    "total_fn": 613,
    "cost_summary": {
        "total_input_tokens": 42830,
        "total_output_tokens": 13806,
        "total_tokens": 56636,
        "input_cost_usd": 0.0,
        "output_cost_usd": 0.0,
        "total_cost_usd": 0.0010911
    }
}