{
    "f1_micro": 0.4297108673978066,
    "f1_macro": 0.42933333333333334,
    "micro_precision": 0.4250493096646943,
    "micro_recall": 0.4344758064516129,
    "total_instances": 15,
    "total_tp": 431,
    "total_fp": 583,
    "total_fn": 561,
    "cost_summary": {
        "total_input_tokens": 34650,
        "total_output_tokens": 13759,
        "total_tokens": 48409,
        "input_cost_usd": 0.003465,
        "output_cost_usd": 0.0041277,
        "total_cost_usd": 0.0075927
    }
}