{
    "f1_micro": 0.8757148303469309,
    "f1_macro": 0.8337704918032787,
    "micro_precision": 0.842008797653959,
    "micro_recall": 0.9122319301032565,
    "total_instances": 61,
    "total_tp": 2297,
    "total_fp": 431,
    "total_fn": 221,
    "cost_summary": {
        "total_input_tokens": 90463,
        "total_output_tokens": 62259,
        "total_tokens": 152722,
        "input_cost_usd": 0.009046299999999997,
        "output_cost_usd": 0.0249036,
        "total_cost_usd": 0.03394990000000001
    }
}