{
    "f1_micro": 0.4519716885743175,
    "f1_macro": 0.46199999999999997,
    "micro_precision": 0.45334685598377283,
    "micro_recall": 0.45060483870967744,
    "total_instances": 15,
    "total_tp": 447,
    "total_fp": 539,
    "total_fn": 545,
    "cost_summary": {
        "total_input_tokens": 15825,
        "total_output_tokens": 53840,
        "total_tokens": 69665,
        "input_cost_usd": 0.019781250000000004,
        "output_cost_usd": 0.5384000000000001,
        "total_cost_usd": 0.55818125
    }
}