{
    "f1_micro": 0.5699693564862103,
    "f1_macro": 0.554,
    "micro_precision": 0.577639751552795,
    "micro_recall": 0.5625,
    "total_instances": 15,
    "total_tp": 558,
    "total_fp": 408,
    "total_fn": 434,
    "cost_summary": {
        "total_input_tokens": 45466,
        "total_output_tokens": 11166,
        "total_tokens": 56632,
        "input_cost_usd": 0.056832499999999994,
        "output_cost_usd": 0.027914999999999995,
        "total_cost_usd": 0.08474749999999999
    }
}