{
    "f1_micro": 0.9650595354284599,
    "f1_macro": 0.9040983606557377,
    "micro_precision": 0.9489443378119002,
    "micro_recall": 0.9817315329626688,
    "total_instances": 61,
    "total_tp": 2472,
    "total_fp": 133,
    "total_fn": 46,
    "cost_summary": {
        "total_input_tokens": 264893,
        "total_output_tokens": 62136,
        "total_tokens": 327029,
        "input_cost_usd": 0.06622325,
        "output_cost_usd": 0.12427200000000002,
        "total_cost_usd": 0.19049525
    }
}