{
    "fuzzy": 0.6631525913668529,
    "cost_summary": {
        "total_input_tokens": 7915,
        "total_output_tokens": 31635,
        "total_tokens": 39550,
        "input_cost_usd": 0.00989375,
        "output_cost_usd": 0.31634999999999996,
        "total_cost_usd": 0.32624375
    }
}