{
    "f1_micro": 0.9540957657301147,
    "f1_macro": 0.9024590163934426,
    "micro_precision": 0.9507097791798107,
    "micro_recall": 0.9575059571088165,
    "total_instances": 61,
    "total_tp": 2411,
    "total_fp": 125,
    "total_fn": 107,
    "cost_summary": {
        "total_input_tokens": 90463,
        "total_output_tokens": 60064,
        "total_tokens": 150527,
        "input_cost_usd": 0.027138900000000035,
        "output_cost_usd": 0.15016000000000002,
        "total_cost_usd": 0.17729889999999993
    }
}