{
    "f1_macro": 0.0,
    "f1_micro": 0.0,
    "cost_summary": {
        "total_input_tokens": 14625,
        "total_output_tokens": 1537,
        "total_tokens": 16162,
        "input_cost_usd": 0.0058499999999999976,
        "output_cost_usd": 0.003074,
        "total_cost_usd": 0.008924
    }
}