{
    "f1_micro": 0.49031600407747195,
    "f1_macro": 0.4693333333333333,
    "micro_precision": 0.49587628865979383,
    "micro_recall": 0.4848790322580645,
    "total_instances": 15,
    "total_tp": 481,
    "total_fp": 489,
    "total_fn": 511,
    "cost_summary": {
        "total_input_tokens": 43565,
        "total_output_tokens": 9094,
        "total_tokens": 52659,
        "input_cost_usd": 0.017426,
        "output_cost_usd": 0.0145504,
        "total_cost_usd": 0.0319764
    }
}