{
    "f1_macro": 0.6,
    "f1_micro": 0.53,
    "cost_summary": {
        "total_input_tokens": 165966,
        "total_output_tokens": 1831,
        "total_tokens": 167797,
        "input_cost_usd": 0.06638639999999998,
        "output_cost_usd": 0.0029295999999999992,
        "total_cost_usd": 0.06931599999999999
    }
}