{
    "fuzzy": 0.81,
    "cer": 0.212,
    "cost_summary": {
        "total_input_tokens": 12111,
        "total_output_tokens": 9487,
        "total_tokens": 21598,
        "input_cost_usd": 0.024222,
        "output_cost_usd": 0.05692200000000001,
        "total_cost_usd": 0.08114400000000001
    }
}