{
    "f1_micro": 0.47274529236868185,
    "f1_macro": 0.48133333333333334,
    "micro_precision": 0.4649122807017544,
    "micro_recall": 0.4808467741935484,
    "total_instances": 15,
    "total_tp": 477,
    "total_fp": 549,
    "total_fn": 515,
    "cost_summary": {
        "total_input_tokens": 4185,
        "total_output_tokens": 15036,
        "total_tokens": 19221,
        "input_cost_usd": 0.001256,
        "output_cost_usd": 0.03759,
        "total_cost_usd": 0.038845,
        "pricing_date": "2025-10-28",
        "input_price_per_million": 0.3,
        "output_price_per_million": 2.5
    }
}