{
    "fuzzy": 0.14747474747474748,
    "cost_summary": {
        "total_input_tokens": 19734,
        "total_output_tokens": 12116,
        "total_tokens": 31850,
        "input_cost_usd": 0.003946800000000002,
        "output_cost_usd": 0.0024232000000000004,
        "total_cost_usd": 0.006369999999999999
    }
}