{
    "fuzzy": 0.8346888937084868,
    "cost_summary": {
        "total_input_tokens": 89887,
        "total_output_tokens": 59145,
        "total_tokens": 149032,
        "input_cost_usd": 0.035055930000000006,
        "output_cost_usd": 0.13839929999999995,
        "total_cost_usd": 0.17345522999999996
    }
}