{
    "f1_macro": 0.3722611998474068,
    "f1_micro": 0.33170731707317075
}