{
    "f1_micro": 0.2705718270571827,
    "f1_macro": 0.224,
    "micro_precision": 0.43891402714932126,
    "micro_recall": 0.19556451612903225,
    "total_instances": 15,
    "total_tp": 194,
    "total_fp": 248,
    "total_fn": 798,
    "cost_summary": {
        "total_input_tokens": 22080,
        "total_output_tokens": 195243,
        "total_tokens": 217323,
        "input_cost_usd": 0.0,
        "output_cost_usd": 0.0,
        "total_cost_usd": 0.0
    }
}