{
    "f1_micro": 0.7106256206554121,
    "f1_macro": 0.7001639344262295,
    "micro_precision": 0.7296084828711256,
    "micro_recall": 0.6926054974835463,
    "total_instances": 61,
    "total_tp": 1789,
    "total_fp": 663,
    "total_fn": 794,
    "cost_summary": {
        "total_input_tokens": 358231,
        "total_output_tokens": 34182,
        "total_tokens": 392413,
        "input_cost_usd": 0.03582309999999999,
        "output_cost_usd": 0.013672800000000006,
        "total_cost_usd": 0.04949590000000001
    }
}