{
    "f1_micro": 0.911986588432523,
    "f1_macro": 0.8927868852459017,
    "micro_precision": 0.9653948535936113,
    "micro_recall": 0.8641779189833201,
    "total_instances": 61,
    "total_tp": 2176,
    "total_fp": 78,
    "total_fn": 342,
    "cost_summary": {
        "total_input_tokens": 446521,
        "total_output_tokens": 67375,
        "total_tokens": 513896,
        "input_cost_usd": 2.232605000000001,
        "output_cost_usd": 1.6843750000000004,
        "total_cost_usd": 3.91698
    }
}