{
    "fuzzy": 69.34522044327773,
    "n": 50,
    "cost_summary": {
        "total_input_tokens": 39246,
        "total_output_tokens": 2381633,
        "total_tokens": 2420879,
        "input_cost_usd": 0.0025509900000000004,
        "output_cost_usd": 0.6192245799999997,
        "total_cost_usd": 0.62177557
    }
}