{
    "f1_micro": 0.0,
    "f1_macro": 0.0,
    "micro_precision": 0.0,
    "micro_recall": 0.0,
    "total_instances": 15,
    "total_tp": 0,
    "total_fp": 0,
    "total_fn": 992,
    "cost_summary": {
        "total_input_tokens": 3120,
        "total_output_tokens": 4134,
        "total_tokens": 7254,
        "input_cost_usd": 0.006239999999999999,
        "output_cost_usd": 0.024803999999999993,
        "total_cost_usd": 0.03104399999999999
    }
}