{
    "f1_macro": 0.6,
    "f1_micro": 0.65,
    "cost_summary": {
        "total_input_tokens": 123366,
        "total_output_tokens": 35795,
        "total_tokens": 159161,
        "input_cost_usd": 0.2467320000000002,
        "output_cost_usd": 0.28636,
        "total_cost_usd": 0.5330920000000002
    }
}