{
    "f1": 0.242,
    "precision": 0.253,
    "recall": 0.239,
    "mean_iou": 0.201,
    "true_positives": 17,
    "false_positives": 82,
    "false_negatives": 109,
    "num_pages": 46,
    "cost_summary": {
        "total_input_tokens": 88380,
        "total_output_tokens": 2934,
        "total_tokens": 91314,
        "input_cost_usd": 0.13257000000000008,
        "output_cost_usd": 0.022004999999999997,
        "total_cost_usd": 0.154575
    }
}