{
    "f1_micro": 0.07825295723384897,
    "f1_macro": 0.060000000000000005,
    "micro_precision": 0.40186915887850466,
    "micro_recall": 0.04334677419354839,
    "total_instances": 15,
    "total_tp": 43,
    "total_fp": 64,
    "total_fn": 949,
    "cost_summary": {
        "total_input_tokens": 4576,
        "total_output_tokens": 1218,
        "total_tokens": 5794,
        "input_cost_usd": 0.002288,
        "output_cost_usd": 0.001827,
        "total_cost_usd": 0.004115000000000001
    }
}