{
    "f1_macro": 0.56,
    "f1_micro": 0.56,
    "cost_summary": {
        "total_input_tokens": 258886,
        "total_output_tokens": 198565,
        "total_tokens": 457451,
        "input_cost_usd": 0.08413794999999996,
        "output_cost_usd": 0.38720175,
        "total_cost_usd": 0.4713396999999999
    }
}