{
    "fuzzy": 0.6464662328966855,
    "cost_summary": {
        "total_input_tokens": 8240,
        "total_output_tokens": 18685,
        "total_tokens": 26925,
        "input_cost_usd": 0.016479999999999998,
        "output_cost_usd": 0.14948,
        "total_cost_usd": 0.16596
    }
}