{
    "fuzzy": 0.2752098898191726,
    "cost_summary": {
        "total_input_tokens": 16866,
        "total_output_tokens": 841,
        "total_tokens": 17707,
        "input_cost_usd": 0.0016866,
        "output_cost_usd": 0.0002523,
        "total_cost_usd": 0.0019389
    }
}