{
    "f1_macro": 0.45,
    "f1_micro": 0.55,
    "cost_summary": {
        "total_input_tokens": 89367,
        "total_output_tokens": 1537,
        "total_tokens": 90904,
        "input_cost_usd": 0.013405049999999998,
        "output_cost_usd": 0.0009221999999999998,
        "total_cost_usd": 0.01432725
    }
}