{
    "f1_micro": 0.9003009781790821,
    "f1_macro": 0.8726229508196721,
    "micro_precision": 0.8755945847054519,
    "micro_recall": 0.9264421215640728,
    "total_instances": 61,
    "total_tp": 2393,
    "total_fp": 340,
    "total_fn": 190,
    "cost_summary": {
        "total_input_tokens": 201361,
        "total_output_tokens": 38315,
        "total_tokens": 239676,
        "input_cost_usd": 0.40272199999999986,
        "output_cost_usd": 0.30652,
        "total_cost_usd": 0.7092419999999999
    }
}