{
    "fuzzy": 0.826,
    "cer": 0.219,
    "cost_summary": {
        "total_input_tokens": 12248,
        "total_output_tokens": 20669,
        "total_tokens": 32917,
        "input_cost_usd": 0.004899200000000001,
        "output_cost_usd": 0.0330704,
        "total_cost_usd": 0.0379696
    }
}