{
    "f1_micro": 0.3705636743215031,
    "f1_macro": 0.3506666666666666,
    "micro_precision": 0.3841991341991342,
    "micro_recall": 0.35786290322580644,
    "total_instances": 15,
    "total_tp": 355,
    "total_fp": 569,
    "total_fn": 637,
    "cost_summary": {
        "total_input_tokens": 39099,
        "total_output_tokens": 12980,
        "total_tokens": 52079,
        "input_cost_usd": 0.0,
        "output_cost_usd": 0.0,
        "total_cost_usd": 0.00229757
    }
}