{
    "fuzzy": 0.8024531524859456,
    "cost_summary": {
        "total_input_tokens": 45639,
        "total_output_tokens": 3480,
        "total_tokens": 49119,
        "input_cost_usd": 0.05704875000000002,
        "output_cost_usd": 0.0348,
        "total_cost_usd": 0.09184874999999998
    }
}