{
    "f1_macro": 0.55,
    "f1_micro": 0.55,
    "cost_summary": {
        "total_input_tokens": 280558,
        "total_output_tokens": 4399,
        "total_tokens": 284957,
        "input_cost_usd": 0.1122232,
        "output_cost_usd": 0.014076799999999999,
        "total_cost_usd": 0.1263
    }
}