{
    "f1_macro": 0.57,
    "f1_micro": 0.58,
    "cost_summary": {
        "total_input_tokens": 104946,
        "total_output_tokens": 2238,
        "total_tokens": 107184,
        "input_cost_usd": 0.010494600000000003,
        "output_cost_usd": 0.0006714,
        "total_cost_usd": 0.011166
    }
}