{
    "f1_macro": 0.56,
    "f1_micro": 0.56,
    "cost_summary": {
        "total_input_tokens": 454519,
        "total_output_tokens": 7407,
        "total_tokens": 461926,
        "input_cost_usd": 0.9090379999999991,
        "output_cost_usd": 0.07407000000000001,
        "total_cost_usd": 0.9831080000000001
    }
}