{
    "f1_micro": 0.08658346333853355,
    "f1_macro": 0.04574144486692015,
    "micro_precision": 0.7449664429530202,
    "micro_recall": 0.04596273291925466,
    "total_instances": 263,
    "total_tp": 111,
    "total_fp": 38,
    "total_fn": 2304,
    "cost_summary": {
        "total_input_tokens": 33517,
        "total_output_tokens": 2187,
        "total_tokens": 35704,
        "input_cost_usd": 0.0167585,
        "output_cost_usd": 0.0032805000000000004,
        "total_cost_usd": 0.020038999999999998
    }
}