{
    "f1_micro": 0.0,
    "f1_macro": 0.0,
    "micro_precision": 0.0,
    "micro_recall": 0.0,
    "total_instances": 15,
    "total_tp": 0,
    "total_fp": 31,
    "total_fn": 992,
    "cost_summary": {
        "total_input_tokens": 2970,
        "total_output_tokens": 1733,
        "total_tokens": 4703,
        "input_cost_usd": 0.0014849999999999996,
        "output_cost_usd": 0.0008665000000000001,
        "total_cost_usd": 0.0023515000000000003
    }
}