{
    "f1_micro": 0.792887452010507,
    "f1_macro": 0.7898479087452471,
    "micro_precision": 0.7709233791748527,
    "micro_recall": 0.8161397670549085,
    "total_instances": 263,
    "total_tp": 1962,
    "total_fp": 583,
    "total_fn": 442
}