{
    "f1_micro": 0.7919354838709677,
    "f1_macro": 0.7877186311787072,
    "micro_precision": 0.7717092337917485,
    "micro_recall": 0.8132505175983437,
    "total_instances": 263,
    "total_tp": 1964,
    "total_fp": 581,
    "total_fn": 451
}