{
    "f1_micro": 0.7715937241948801,
    "f1_macro": 0.7657794676806083,
    "micro_precision": 0.7295440349781387,
    "micro_recall": 0.8187872415001752,
    "total_instances": 263,
    "total_tp": 2336,
    "total_fp": 866,
    "total_fn": 517
}