{
    "f1_micro": 0.7735444499422728,
    "f1_macro": 0.7678326996197719,
    "micro_precision": 0.7323547782635853,
    "micro_recall": 0.8196434813002447,
    "total_instances": 263,
    "total_tp": 2345,
    "total_fp": 857,
    "total_fn": 516
}