{
    "f1_micro": 0.7867807414863278,
    "f1_macro": 0.7820912547528517,
    "micro_precision": 0.7562076749435666,
    "micro_recall": 0.8199300699300699,
    "total_instances": 263,
    "total_tp": 2345,
    "total_fp": 756,
    "total_fn": 515
}