{
    "f1_micro": 0.7897704389850986,
    "f1_macro": 0.7855133079847909,
    "micro_precision": 0.7705304518664047,
    "micro_recall": 0.8099958694754233,
    "total_instances": 263,
    "total_tp": 1961,
    "total_fp": 584,
    "total_fn": 460
}