{
    "f1_micro": 0.783452098178939,
    "f1_macro": 0.7811026615969582,
    "micro_precision": 0.7576569678407351,
    "micro_recall": 0.8110655737704918,
    "total_instances": 263,
    "total_tp": 1979,
    "total_fp": 633,
    "total_fn": 461
}