{
    "f1_micro": 0.807258064516129,
    "f1_macro": 0.8032319391634981,
    "micro_precision": 0.7866404715127702,
    "micro_recall": 0.8289855072463768,
    "total_instances": 263,
    "total_tp": 2002,
    "total_fp": 543,
    "total_fn": 413
}