{
    "f1_micro": 0.003258655804480652,
    "f1_macro": 0.0017110266159695818,
    "micro_precision": 0.1,
    "micro_recall": 0.0016563146997929607,
    "total_instances": 263,
    "total_tp": 4,
    "total_fp": 36,
    "total_fn": 2411,
    "cost_summary": {
        "total_input_tokens": 314548,
        "total_output_tokens": 41221,
        "total_tokens": 355769,
        "input_cost_usd": 0.1258192000000003,
        "output_cost_usd": 0.08244200000000017,
        "total_cost_usd": 0.20826119999999992
    }
}