{
    "f1_macro": 0.53,
    "f1_micro": 0.48,
    "cost_summary": {
        "total_input_tokens": 160438,
        "total_output_tokens": 2273,
        "total_tokens": 162711,
        "input_cost_usd": 0.01283504,
        "output_cost_usd": 0.0011365,
        "total_cost_usd": 0.013971540000000001
    }
}