{
    "f1": 0.222,
    "precision": 0.233,
    "recall": 0.218,
    "mean_iou": 0.188,
    "true_positives": 17,
    "false_positives": 108,
    "false_negatives": 109,
    "num_pages": 46,
    "cost_summary": {
        "total_input_tokens": 13938,
        "total_output_tokens": 3129,
        "total_tokens": 17067,
        "input_cost_usd": 0.01742250000000001,
        "output_cost_usd": 0.031290000000000005,
        "total_cost_usd": 0.04871249999999999
    }
}