{
    "f1_micro": 0.7875342177300485,
    "f1_macro": 0.7702281368821292,
    "micro_precision": 0.8011996572407883,
    "micro_recall": 0.7743271221532091,
    "total_instances": 263,
    "total_tp": 1870,
    "total_fp": 464,
    "total_fn": 545,
    "cost_summary": {
        "total_input_tokens": 506441,
        "total_output_tokens": 41261,
        "total_tokens": 547702,
        "input_cost_usd": 0.2025764000000003,
        "output_cost_usd": 0.08252199999999998,
        "total_cost_usd": 0.2850984
    }
}