{
    "f1_micro": 0.8393327480245828,
    "f1_macro": 0.7567213114754098,
    "micro_precision": 0.9381746810598626,
    "micro_recall": 0.7593328038125496,
    "total_instances": 61,
    "total_tp": 1912,
    "total_fp": 126,
    "total_fn": 606,
    "cost_summary": {
        "total_input_tokens": 262507,
        "total_output_tokens": 729331,
        "total_tokens": 991838,
        "input_cost_usd": 0.0262507,
        "output_cost_usd": 0.10939965000000001,
        "total_cost_usd": 0.13565035000000003
    }
}