{
    "f1": 0.405,
    "precision": 0.426,
    "recall": 0.396,
    "mean_iou": 0.37,
    "true_positives": 38,
    "false_positives": 52,
    "false_negatives": 88,
    "num_pages": 46,
    "cost_summary": {
        "total_input_tokens": 231978,
        "total_output_tokens": 4592,
        "total_tokens": 236570,
        "input_cost_usd": 1.1598899999999996,
        "output_cost_usd": 0.11480000000000004,
        "total_cost_usd": 1.2746899999999999
    }
}