{
    "f1": 0.066,
    "precision": 0.065,
    "recall": 0.071,
    "mean_iou": 0.093,
    "true_positives": 15,
    "false_positives": 253,
    "false_negatives": 111,
    "num_pages": 46,
    "cost_summary": {
        "total_input_tokens": 11684,
        "total_output_tokens": 8724,
        "total_tokens": 20408,
        "input_cost_usd": 0.0011684000000000002,
        "output_cost_usd": 0.0026171999999999983,
        "total_cost_usd": 0.003785599999999999
    }
}