{
    "f1_macro": 0.69,
    "f1_micro": 0.68,
    "cost_summary": {
        "total_input_tokens": 283861,
        "total_output_tokens": 3693,
        "total_tokens": 287554,
        "input_cost_usd": 1.419305,
        "output_cost_usd": 0.09232500000000002,
        "total_cost_usd": 1.5116300000000003
    }
}