{
    "fuzzy": 0.6767651488508188,
    "cost_summary": {
        "total_input_tokens": 17536,
        "total_output_tokens": 16038,
        "total_tokens": 33574,
        "input_cost_usd": 0.00455936,
        "output_cost_usd": 0.03335904,
        "total_cost_usd": 0.037918400000000005
    }
}