{
    "f1_micro": 0.43254168772107127,
    "f1_macro": 0.4186666666666667,
    "micro_precision": 0.4336372847011145,
    "micro_recall": 0.4314516129032258,
    "total_instances": 15,
    "total_tp": 428,
    "total_fp": 559,
    "total_fn": 564,
    "cost_summary": {
        "total_input_tokens": 15825,
        "total_output_tokens": 10187,
        "total_tokens": 26012,
        "input_cost_usd": 0.019781250000000004,
        "output_cost_usd": 0.10187,
        "total_cost_usd": 0.12165125000000002
    }
}