{
    "fuzzy": 0.662,
    "cer": 0.358,
    "cost_summary": {
        "total_input_tokens": 31284,
        "total_output_tokens": 2539,
        "total_tokens": 33823,
        "input_cost_usd": 0.012513600000000003,
        "output_cost_usd": 0.005078,
        "total_cost_usd": 0.017591600000000002
    }
}