{
    "f1_micro": 0.5516893595562279,
    "f1_macro": 0.5506666666666666,
    "micro_precision": 0.5519677093844602,
    "micro_recall": 0.5514112903225806,
    "total_instances": 15,
    "total_tp": 547,
    "total_fp": 444,
    "total_fn": 445,
    "cost_summary": {
        "total_input_tokens": 22303,
        "total_output_tokens": 11890,
        "total_tokens": 34193,
        "input_cost_usd": 0.011151500000000002,
        "output_cost_usd": 0.03567,
        "total_cost_usd": 0.046821499999999995
    }
}