{
    "f1_micro": 0.8915857605177995,
    "f1_macro": 0.8858555133079847,
    "micro_precision": 0.8714907077896402,
    "micro_recall": 0.9126293995859214,
    "total_instances": 263,
    "total_tp": 2204,
    "total_fp": 325,
    "total_fn": 211,
    "cost_summary": {
        "total_input_tokens": 444670,
        "total_output_tokens": 132985,
        "total_tokens": 577655,
        "input_cost_usd": 2.2233500000000026,
        "output_cost_usd": 3.9895499999999973,
        "total_cost_usd": 6.212899999999996
    }
}