{
    "f1_macro": 0.39086021505376345,
    "f1_micro": 0.4380952380952381
}