{
    "f1_macro": 0.11,
    "f1_micro": 0.09,
    "cost_summary": {
        "total_input_tokens": 54624,
        "total_output_tokens": 122641,
        "total_tokens": 177265,
        "input_cost_usd": 0.16387200000000002,
        "output_cost_usd": 1.8396150000000002,
        "total_cost_usd": 2.0034870000000002
    }
}