{
    "fuzzy": 0.74132444361821,
    "cost_summary": {
        "total_input_tokens": 88501,
        "total_output_tokens": 3867,
        "total_tokens": 92368,
        "input_cost_usd": 0.01327515,
        "output_cost_usd": 0.0023202,
        "total_cost_usd": 0.015595350000000001
    }
}