{
    "f1_macro": 0.54,
    "f1_micro": 0.66,
    "cost_summary": {
        "total_input_tokens": 125600,
        "total_output_tokens": 12376,
        "total_tokens": 137976,
        "input_cost_usd": 0.6279999999999998,
        "output_cost_usd": 0.37128,
        "total_cost_usd": 0.9992799999999998
    }
}