{
    "f1_macro": 0.64,
    "f1_micro": 0.65,
    "cost_summary": {
        "total_input_tokens": 269175,
        "total_output_tokens": 3027,
        "total_tokens": 272202,
        "input_cost_usd": 0.33646874999999976,
        "output_cost_usd": 0.0075675,
        "total_cost_usd": 0.34403625
    }
}