{
    "f1_macro": 0.47,
    "f1_micro": 0.57,
    "cost_summary": {
        "total_input_tokens": 44050,
        "total_output_tokens": 1500,
        "total_tokens": 45550,
        "input_cost_usd": 0.05506249999999998,
        "output_cost_usd": 0.015000000000000003,
        "total_cost_usd": 0.07006249999999999
    }
}