{
    "f1_micro": 0.5381565906838455,
    "f1_macro": 0.5446666666666666,
    "micro_precision": 0.5292397660818714,
    "micro_recall": 0.5473790322580645,
    "total_instances": 15,
    "total_tp": 543,
    "total_fp": 483,
    "total_fn": 449,
    "cost_summary": {
        "total_input_tokens": 46831,
        "total_output_tokens": 15754,
        "total_tokens": 62585,
        "input_cost_usd": 0.003044015,
        "output_cost_usd": 0.00409604,
        "total_cost_usd": 0.007140055
    }
}