{
    "f1_macro": 0.52,
    "f1_micro": 0.61,
    "cost_summary": {
        "total_input_tokens": 102920,
        "total_output_tokens": 2300,
        "total_tokens": 105220,
        "input_cost_usd": 0.061751999999999994,
        "output_cost_usd": 0.00828,
        "total_cost_usd": 0.070032
    }
}