{
    "f1_micro": 0.7793957835253205,
    "f1_macro": 0.7683650190114069,
    "micro_precision": 0.8202195791399817,
    "micro_recall": 0.7424430641821946,
    "total_instances": 263,
    "total_tp": 1793,
    "total_fp": 393,
    "total_fn": 622
}