{
    "f1_micro": 0.7933058030862856,
    "f1_macro": 0.7815209125475285,
    "micro_precision": 0.8348581884720951,
    "micro_recall": 0.7556935817805382,
    "total_instances": 263,
    "total_tp": 1825,
    "total_fp": 361,
    "total_fn": 590
}