{
    "f1_micro": 0.7549786628733998,
    "f1_macro": 0.742319391634981,
    "micro_precision": 0.7680897250361794,
    "micro_recall": 0.7423076923076923,
    "total_instances": 263,
    "total_tp": 2123,
    "total_fp": 641,
    "total_fn": 737
}