{
    "f1_micro": 0.6940176528277215,
    "f1_macro": 0.6842205323193916,
    "micro_precision": 0.6935641947076119,
    "micro_recall": 0.694471704285247,
    "total_instances": 263,
    "total_tp": 2123,
    "total_fp": 938,
    "total_fn": 934
}