{
    "f1_micro": 0.7487394957983193,
    "f1_macro": 0.7378707224334601,
    "micro_precision": 0.7681034482758621,
    "micro_recall": 0.730327868852459,
    "total_instances": 263,
    "total_tp": 1782,
    "total_fp": 538,
    "total_fn": 658
}