{
    "f1_micro": 0.762962962962963,
    "f1_macro": 0.7516730038022814,
    "micro_precision": 0.8010064043915828,
    "micro_recall": 0.728369384359401,
    "total_instances": 263,
    "total_tp": 1751,
    "total_fp": 435,
    "total_fn": 653
}