{
    "f1_micro": 0.6923076923076922,
    "f1_macro": 0.6824334600760456,
    "micro_precision": 0.6909506697157791,
    "micro_recall": 0.6936700557559856,
    "total_instances": 263,
    "total_tp": 2115,
    "total_fp": 946,
    "total_fn": 934
}