{
    "f1_micro": 0.7696982852181464,
    "f1_macro": 0.7590114068441065,
    "micro_precision": 0.8110704483074108,
    "micro_recall": 0.7323420074349443,
    "total_instances": 263,
    "total_tp": 1773,
    "total_fp": 413,
    "total_fn": 648
}