{
    "fuzzy": 95.9985688923512,
    "n": 50,
    "cost_summary": {
        "total_input_tokens": 39246,
        "total_output_tokens": 442882,
        "total_tokens": 482128,
        "input_cost_usd": 0.015698400000000005,
        "output_cost_usd": 1.4172224,
        "total_cost_usd": 1.4329208
    }
}