{
    "f1_micro": 0.9700930877401466,
    "f1_macro": 0.9118032786885245,
    "micro_precision": 0.967601738443303,
    "micro_recall": 0.9725972994440032,
    "total_instances": 61,
    "total_tp": 2449,
    "total_fp": 82,
    "total_fn": 69,
    "cost_summary": {
        "total_input_tokens": 247761,
        "total_output_tokens": 61316,
        "total_tokens": 309077,
        "input_cost_usd": 0.7432829999999999,
        "output_cost_usd": 0.91974,
        "total_cost_usd": 1.663023
    }
}