{
    "fuzzy": 0.5103197924200452,
    "cost_summary": {
        "total_input_tokens": 12085,
        "total_output_tokens": 16876,
        "total_tokens": 28961,
        "input_cost_usd": 0.0009668000000000001,
        "output_cost_usd": 0.0050628,
        "total_cost_usd": 0.0060296
    }
}