{
    "f1_micro": 0.8657957244655582,
    "f1_macro": 0.8561977186311788,
    "micro_precision": 0.8293515358361775,
    "micro_recall": 0.9055900621118013,
    "total_instances": 263,
    "total_tp": 2187,
    "total_fp": 450,
    "total_fn": 228,
    "cost_summary": {
        "total_input_tokens": 406240,
        "total_output_tokens": 38275,
        "total_tokens": 444515,
        "input_cost_usd": 0.2031199999999995,
        "output_cost_usd": 0.11482500000000012,
        "total_cost_usd": 0.31794500000000003
    }
}