{
    "fuzzy": 0.198,
    "cer": 0.803,
    "cost_summary": {
        "total_input_tokens": 1600,
        "total_output_tokens": 1791,
        "total_tokens": 3391,
        "input_cost_usd": 0.0004,
        "output_cost_usd": 0.0026865,
        "total_cost_usd": 0.0030865000000000003
    }
}