{
    "fuzzy": 94.32896060822014,
    "n": 50,
    "cost_summary": {
        "total_input_tokens": 33853,
        "total_output_tokens": 26427,
        "total_tokens": 60280,
        "input_cost_usd": 0.08463250000000001,
        "output_cost_usd": 0.2642700000000001,
        "total_cost_usd": 0.34890249999999995
    }
}