{
    "f1_micro": 0.5239294710327456,
    "f1_macro": 0.524,
    "micro_precision": 0.5236656596173213,
    "micro_recall": 0.5241935483870968,
    "total_instances": 15,
    "total_tp": 520,
    "total_fp": 473,
    "total_fn": 472,
    "cost_summary": {
        "total_input_tokens": 46456,
        "total_output_tokens": 15713,
        "total_tokens": 62169,
        "input_cost_usd": 0.0046456000000000015,
        "output_cost_usd": 0.006285200000000001,
        "total_cost_usd": 0.0109308
    }
}