{
    "fuzzy": 0.641,
    "cer": 0.387,
    "cost_summary": {
        "total_input_tokens": 31284,
        "total_output_tokens": 2551,
        "total_tokens": 33835,
        "input_cost_usd": 0.006256800000000002,
        "output_cost_usd": 0.0005102,
        "total_cost_usd": 0.006767000000000001
    }
}