{
    "f1_micro": 0.746145167356149,
    "f1_macro": 0.748688524590164,
    "micro_precision": 0.7254113345521024,
    "micro_recall": 0.7680991095625243,
    "total_instances": 61,
    "total_tp": 1984,
    "total_fp": 751,
    "total_fn": 599,
    "cost_summary": {
        "total_input_tokens": 2380891,
        "total_output_tokens": 51524,
        "total_tokens": 2432415,
        "input_cost_usd": 0.35713365000000014,
        "output_cost_usd": 0.030914399999999988,
        "total_cost_usd": 0.3880480500000001
    }
}