{
    "f1_micro": 0.8045292014302741,
    "f1_macro": 0.8318032786885247,
    "micro_precision": 0.8048489666136724,
    "micro_recall": 0.8042096902303415,
    "total_instances": 61,
    "total_tp": 2025,
    "total_fp": 491,
    "total_fn": 493,
    "cost_summary": {
        "total_input_tokens": 245626,
        "total_output_tokens": 60595,
        "total_tokens": 306221,
        "input_cost_usd": 0.7368780000000006,
        "output_cost_usd": 0.908925,
        "total_cost_usd": 1.6458030000000001
    }
}