{
    "f1_macro": 0.63,
    "f1_micro": 0.6,
    "cost_summary": {
        "total_input_tokens": 79548,
        "total_output_tokens": 2440,
        "total_tokens": 81988,
        "input_cost_usd": 0.15909599999999996,
        "output_cost_usd": 0.029279999999999994,
        "total_cost_usd": 0.18837599999999996
    }
}