{
    "fuzzy": 0.8258659791943229,
    "cost_summary": {
        "total_input_tokens": 52248,
        "total_output_tokens": 4961,
        "total_tokens": 57209,
        "input_cost_usd": 0.13062,
        "output_cost_usd": 0.074415,
        "total_cost_usd": 0.20503500000000002
    }
}