{
    "fuzzy": 0.8493127530191522,
    "cost_summary": {
        "total_input_tokens": 45112,
        "total_output_tokens": 5016,
        "total_tokens": 50128,
        "input_cost_usd": 0.078946,
        "output_cost_usd": 0.07022400000000001,
        "total_cost_usd": 0.14917
    }
}