{
    "f1_macro": 0.30326646090534976,
    "f1_micro": 0.28292682926829266
}