{
    "f1_micro": 0.8469068943970005,
    "f1_macro": 0.8416349809885931,
    "micro_precision": 0.8520536462699078,
    "micro_recall": 0.8418219461697722,
    "total_instances": 263,
    "total_tp": 2033,
    "total_fp": 353,
    "total_fn": 382,
    "cost_summary": {
        "total_input_tokens": 421852,
        "total_output_tokens": 135132,
        "total_tokens": 556984,
        "input_cost_usd": 0.5273149999999984,
        "output_cost_usd": 1.3513199999999992,
        "total_cost_usd": 1.8786349999999998
    }
}