{
    "fuzzy": 0.2158354794362247,
    "cost_summary": {
        "total_input_tokens": 20955,
        "total_output_tokens": 4791,
        "total_tokens": 25746,
        "input_cost_usd": 0.04191,
        "output_cost_usd": 0.028746000000000004,
        "total_cost_usd": 0.070656
    }
}