{
    "f1_micro": 0.492827868852459,
    "f1_macro": 0.47933333333333333,
    "micro_precision": 0.5010416666666667,
    "micro_recall": 0.4848790322580645,
    "total_instances": 15,
    "total_tp": 481,
    "total_fp": 479,
    "total_fn": 511,
    "cost_summary": {
        "total_input_tokens": 33510,
        "total_output_tokens": 15385,
        "total_tokens": 48895,
        "input_cost_usd": 0.003351,
        "output_cost_usd": 0.006154,
        "total_cost_usd": 0.009505,
        "pricing_date": "2025-10-28",
        "input_price_per_million": 0.1,
        "output_price_per_million": 0.4
    }
}