{
    "fuzzy": 92.19485453686657,
    "n": 50,
    "cost_summary": {
        "total_input_tokens": 33894,
        "total_output_tokens": 56297,
        "total_tokens": 90191,
        "input_cost_usd": 0.0050841,
        "output_cost_usd": 0.033778199999999994,
        "total_cost_usd": 0.0388623
    }
}