{
    "f1_macro": 0.48601704710332044,
    "f1_micro": 0.4807692307692308
}