{
    "f1_micro": 0.8190880169671262,
    "f1_macro": 0.8101140684410646,
    "micro_precision": 0.8395652173913043,
    "micro_recall": 0.7995859213250518,
    "total_instances": 263,
    "total_tp": 1931,
    "total_fp": 369,
    "total_fn": 484,
    "cost_summary": {
        "total_input_tokens": 676699,
        "total_output_tokens": 44313,
        "total_tokens": 721012,
        "input_cost_usd": 0.05075242499999991,
        "output_cost_usd": 0.013293899999999997,
        "total_cost_usd": 0.06404632499999997
    }
}