{
    "f1_macro": 0.63,
    "f1_micro": 0.66,
    "cost_summary": {
        "total_input_tokens": 126168,
        "total_output_tokens": 3862,
        "total_tokens": 130030,
        "input_cost_usd": 0.25233599999999984,
        "output_cost_usd": 0.04634399999999999,
        "total_cost_usd": 0.29868000000000006
    }
}