{
    "f1_micro": 0.38208955223880603,
    "f1_macro": 0.39266666666666666,
    "micro_precision": 0.37721021611001965,
    "micro_recall": 0.3870967741935484,
    "total_instances": 15,
    "total_tp": 384,
    "total_fp": 634,
    "total_fn": 608,
    "cost_summary": {
        "total_input_tokens": 17347,
        "total_output_tokens": 13606,
        "total_tokens": 30953,
        "input_cost_usd": 0.006939,
        "output_cost_usd": 0.027212,
        "total_cost_usd": 0.034151,
        "pricing_date": "2025-10-28",
        "input_price_per_million": 0.4,
        "output_price_per_million": 2.0
    }
}