{
    "fuzzy": 0.707,
    "cer": 0.326,
    "cost_summary": {
        "total_input_tokens": 39408,
        "total_output_tokens": 3137,
        "total_tokens": 42545,
        "input_cost_usd": 0.023644800000000004,
        "output_cost_usd": 0.0112932,
        "total_cost_usd": 0.034938
    }
}