{
    "fuzzy": 0.79,
    "cer": 0.215,
    "cost_summary": {
        "total_input_tokens": 19035,
        "total_output_tokens": 14869,
        "total_tokens": 33904,
        "input_cost_usd": 0.19034999999999996,
        "output_cost_usd": 0.7434499999999999,
        "total_cost_usd": 0.9338
    }
}