{
    "f1_micro": 0.970873786407767,
    "f1_macro": 0.9116393442622951,
    "micro_precision": 0.9687623566627125,
    "micro_recall": 0.9729944400317713,
    "total_instances": 61,
    "total_tp": 2450,
    "total_fp": 79,
    "total_fn": 68,
    "cost_summary": {
        "total_input_tokens": 328397,
        "total_output_tokens": 83547,
        "total_tokens": 411944,
        "input_cost_usd": 1.6419850000000002,
        "output_cost_usd": 2.5064100000000002,
        "total_cost_usd": 4.148395
    }
}