{
    "f1_micro": 0.9713721618953602,
    "f1_macro": 0.9083606557377049,
    "micro_precision": 0.9658421672555948,
    "micro_recall": 0.9769658459094519,
    "total_instances": 61,
    "total_tp": 2460,
    "total_fp": 87,
    "total_fn": 58,
    "cost_summary": {
        "total_input_tokens": 143605,
        "total_output_tokens": 61166,
        "total_tokens": 204771,
        "input_cost_usd": 0.21540750000000009,
        "output_cost_usd": 0.550494,
        "total_cost_usd": 0.7659015000000001
    }
}