{
    "f1_macro": 0.46285714285714286,
    "f1_micro": 0.5631067961165048
}