{
    "f1_macro": 0.41,
    "f1_micro": 0.41,
    "cost_summary": {
        "total_input_tokens": 80032,
        "total_output_tokens": 1780,
        "total_tokens": 81812,
        "input_cost_usd": 0.1600639999999999,
        "output_cost_usd": 0.010680000000000002,
        "total_cost_usd": 0.17074399999999998
    }
}