{
    "f1_micro": 0.5525976814083298,
    "f1_macro": 0.499016393442623,
    "micro_precision": 0.6053621825023519,
    "micro_recall": 0.5082938388625592,
    "total_instances": 61,
    "total_tp": 1287,
    "total_fp": 839,
    "total_fn": 1245,
    "cost_summary": {
        "total_input_tokens": 426086,
        "total_output_tokens": 75501,
        "total_tokens": 501587,
        "input_cost_usd": 0.8521720000000007,
        "output_cost_usd": 0.7550099999999996,
        "total_cost_usd": 1.6071820000000003
    }
}