{
    "f1_micro": 0.9696006358036955,
    "f1_macro": 0.9127868852459017,
    "micro_precision": 0.9701789264413518,
    "micro_recall": 0.9690230341540905,
    "total_instances": 61,
    "total_tp": 2440,
    "total_fp": 75,
    "total_fn": 78,
    "cost_summary": {
        "total_input_tokens": 264893,
        "total_output_tokens": 61031,
        "total_tokens": 325924,
        "input_cost_usd": 0.07946789999999995,
        "output_cost_usd": 0.14647439999999998,
        "total_cost_usd": 0.22594229999999998
    }
}