{
    "f1_micro": 0.4498510427010924,
    "f1_macro": 0.454,
    "micro_precision": 0.4432485322896282,
    "micro_recall": 0.4566532258064516,
    "total_instances": 15,
    "total_tp": 453,
    "total_fp": 569,
    "total_fn": 539,
    "cost_summary": {
        "total_input_tokens": 29038,
        "total_output_tokens": 30962,
        "total_tokens": 60000,
        "input_cost_usd": 0.007259500000000002,
        "output_cost_usd": 0.061923999999999986,
        "total_cost_usd": 0.06918350000000001
    }
}