{
    "fuzzy": 91.73632484163136,
    "n": 50,
    "cost_summary": {
        "total_input_tokens": 39246,
        "total_output_tokens": 444519,
        "total_tokens": 483765,
        "input_cost_usd": 0.0235476,
        "output_cost_usd": 1.6002683999999998,
        "total_cost_usd": 1.623816
    }
}