{
    "f1_micro": 0.4304325169359041,
    "f1_macro": 0.41466666666666663,
    "micro_precision": 0.44552319309600863,
    "micro_recall": 0.4163306451612903,
    "total_instances": 15,
    "total_tp": 413,
    "total_fp": 514,
    "total_fn": 579,
    "cost_summary": {
        "total_input_tokens": 40456,
        "total_output_tokens": 10122,
        "total_tokens": 50578,
        "input_cost_usd": 0.050570000000000004,
        "output_cost_usd": 0.025305,
        "total_cost_usd": 0.075875
    }
}