{
    "fuzzy": 0.968,
    "cer": 0.042,
    "cost_summary": {
        "total_input_tokens": 14665,
        "total_output_tokens": 11662,
        "total_tokens": 26327,
        "input_cost_usd": 0.073325,
        "output_cost_usd": 0.29155000000000003,
        "total_cost_usd": 0.364875
    }
}