{
    "f1_micro": 0.042212654436540625,
    "f1_macro": 0.023934426229508195,
    "micro_precision": 0.023926998779776117,
    "micro_recall": 0.17903930131004367,
    "total_instances": 61,
    "total_tp": 451,
    "total_fp": 18398,
    "total_fn": 2068,
    "cost_summary": {
        "total_input_tokens": 39082,
        "total_output_tokens": 347892,
        "total_tokens": 386974,
        "input_cost_usd": 0.015632800000000002,
        "output_cost_usd": 0.695784,
        "total_cost_usd": 0.7114168000000002
    }
}