{
    "f1_macro": 0.5078774742494104,
    "f1_micro": 0.5148514851485148
}