{
    "fuzzy": 0.942,
    "cer": 0.08,
    "cost_summary": {
        "total_input_tokens": 6918,
        "total_output_tokens": 80460,
        "total_tokens": 87378,
        "input_cost_usd": 0.0013836,
        "output_cost_usd": 0.09252899999999999,
        "total_cost_usd": 0.09391259999999998
    }
}