{
    "f1_micro": 0.9222818525144105,
    "f1_macro": 0.8678688524590163,
    "micro_precision": 0.9231993633107839,
    "micro_recall": 0.9213661636219221,
    "total_instances": 61,
    "total_tp": 2320,
    "total_fp": 193,
    "total_fn": 198,
    "cost_summary": {
        "total_input_tokens": 228973,
        "total_output_tokens": 60547,
        "total_tokens": 289520,
        "input_cost_usd": 0.6869189999999998,
        "output_cost_usd": 0.908205,
        "total_cost_usd": 1.5951239999999995
    }
}