{
    "fuzzy": 0.9198563028816031,
    "cost_summary": {
        "total_input_tokens": 97799,
        "total_output_tokens": 5468,
        "total_tokens": 103267,
        "input_cost_usd": 0.006356935000000002,
        "output_cost_usd": 0.0014216800000000005,
        "total_cost_usd": 0.007778615000000001
    }
}