{
    "fuzzy": 47.99417412572961,
    "n": 50,
    "cost_summary": {
        "total_input_tokens": 22766,
        "total_output_tokens": 20059,
        "total_tokens": 42825,
        "input_cost_usd": 0.04553200000000001,
        "output_cost_usd": 0.12035399999999997,
        "total_cost_usd": 0.16588599999999995
    }
}