{
    "fuzzy": 0.626,
    "cer": 0.397,
    "cost_summary": {
        "total_input_tokens": 3925,
        "total_output_tokens": 75295,
        "total_tokens": 79220,
        "input_cost_usd": 0.00039250000000000005,
        "output_cost_usd": 0.030118000000000002,
        "total_cost_usd": 0.0305105
    }
}