{
    "fuzzy": 96.61260567660574,
    "n": 50,
    "cost_summary": {
        "total_input_tokens": 60446,
        "total_output_tokens": 35432,
        "total_tokens": 95878,
        "input_cost_usd": 0.90669,
        "output_cost_usd": 2.6573999999999995,
        "total_cost_usd": 3.56409
    }
}