{
    "f1_micro": 0.5972713491662457,
    "f1_macro": 0.5980000000000001,
    "micro_precision": 0.5987841945288754,
    "micro_recall": 0.5957661290322581,
    "total_instances": 15,
    "total_tp": 591,
    "total_fp": 396,
    "total_fn": 401,
    "cost_summary": {
        "total_input_tokens": 20925,
        "total_output_tokens": 60133,
        "total_tokens": 81058,
        "input_cost_usd": 0.026156249999999995,
        "output_cost_usd": 0.6013299999999999,
        "total_cost_usd": 0.62748625
    }
}