{
    "f1_macro": 0.57,
    "f1_micro": 0.58,
    "cost_summary": {
        "total_input_tokens": 299668,
        "total_output_tokens": 3310,
        "total_tokens": 302978,
        "input_cost_usd": 0.7491700000000007,
        "output_cost_usd": 0.049650000000000014,
        "total_cost_usd": 0.7988200000000001
    }
}