{
    "f1_micro": 0.3981528989225244,
    "f1_macro": 0.38066666666666665,
    "micro_precision": 0.4054336468129572,
    "micro_recall": 0.3911290322580645,
    "total_instances": 15,
    "total_tp": 388,
    "total_fp": 569,
    "total_fn": 604,
    "cost_summary": {
        "total_input_tokens": 16723,
        "total_output_tokens": 14367,
        "total_tokens": 31090,
        "input_cost_usd": 0.00418075,
        "output_cost_usd": 0.0215505,
        "total_cost_usd": 0.025731250000000004
    }
}