{
    "fuzzy": 0.9248133094088562,
    "cost_summary": {
        "total_input_tokens": 97535,
        "total_output_tokens": 38328,
        "total_tokens": 135863,
        "input_cost_usd": 0.03169887500000001,
        "output_cost_usd": 0.07473959999999999,
        "total_cost_usd": 0.106438475
    }
}