{
    "f1_micro": 0.32111861137897785,
    "f1_macro": 0.32733333333333337,
    "micro_precision": 0.3077634011090573,
    "micro_recall": 0.33568548387096775,
    "total_instances": 15,
    "total_tp": 333,
    "total_fp": 749,
    "total_fn": 659,
    "cost_summary": {
        "total_input_tokens": 16787,
        "total_output_tokens": 16161,
        "total_tokens": 32948,
        "input_cost_usd": 0.003357,
        "output_cost_usd": 0.011313,
        "total_cost_usd": 0.01467,
        "pricing_date": "2025-10-28",
        "input_price_per_million": 0.2,
        "output_price_per_million": 0.7
    }
}