{
    "f1_micro": 0.8097560975609756,
    "f1_macro": 0.808403041825095,
    "micro_precision": 0.8391208791208791,
    "micro_recall": 0.7823770491803279,
    "total_instances": 263,
    "total_tp": 1909,
    "total_fp": 366,
    "total_fn": 531
}