{
    "f1_micro": 0.7849424886720112,
    "f1_macro": 0.7809885931558935,
    "micro_precision": 0.7827598192561697,
    "micro_recall": 0.7871373645578469,
    "total_instances": 263,
    "total_tp": 2252,
    "total_fp": 625,
    "total_fn": 609
}