{
    "f1_micro": 0.8244610646722393,
    "f1_macro": 0.8217490494296578,
    "micro_precision": 0.8818823529411765,
    "micro_recall": 0.7740603056588187,
    "total_instances": 263,
    "total_tp": 1874,
    "total_fp": 251,
    "total_fn": 547
}