{
    "f1_micro": 0.8308370044052863,
    "f1_macro": 0.8277566539923954,
    "micro_precision": 0.8875294117647059,
    "micro_recall": 0.780952380952381,
    "total_instances": 263,
    "total_tp": 1886,
    "total_fp": 239,
    "total_fn": 529
}