{
    "f1_micro": 0.8279973504084788,
    "f1_macro": 0.8255133079847908,
    "micro_precision": 0.8823529411764706,
    "micro_recall": 0.7799500831946755,
    "total_instances": 263,
    "total_tp": 1875,
    "total_fp": 250,
    "total_fn": 529
}