{
    "f1_micro": 0.7991483321504614,
    "f1_macro": 0.7961977186311787,
    "micro_precision": 0.8112391930835735,
    "micro_recall": 0.7874125874125875,
    "total_instances": 263,
    "total_tp": 2252,
    "total_fp": 524,
    "total_fn": 608
}