{
    "f1_micro": 0.7846422338568936,
    "f1_macro": 0.7804562737642585,
    "micro_precision": 0.7813694820994092,
    "micro_recall": 0.7879425166491413,
    "total_instances": 263,
    "total_tp": 2248,
    "total_fp": 629,
    "total_fn": 605
}