{
    "f1_micro": 0.8440528634361233,
    "f1_macro": 0.840532319391635,
    "micro_precision": 0.9016470588235294,
    "micro_recall": 0.7933747412008282,
    "total_instances": 263,
    "total_tp": 1916,
    "total_fp": 209,
    "total_fn": 499
}