{
    "f1_macro": 0.51,
    "f1_micro": 0.59,
    "cost_summary": {
        "total_input_tokens": 168610,
        "total_output_tokens": 3240,
        "total_tokens": 171850,
        "input_cost_usd": 0.33721999999999996,
        "output_cost_usd": 0.032400000000000005,
        "total_cost_usd": 0.36962
    }
}