{
    "fuzzy": 0.4,
    "cer": 0.67,
    "cost_summary": {
        "total_input_tokens": 6890,
        "total_output_tokens": 8009,
        "total_tokens": 14899,
        "input_cost_usd": 0.0086125,
        "output_cost_usd": 0.08009000000000001,
        "total_cost_usd": 0.0887025
    }
}