{
    "fuzzy": 0.827,
    "cer": 0.173,
    "cost_summary": {
        "total_input_tokens": 19128,
        "total_output_tokens": 2814,
        "total_tokens": 21942,
        "input_cost_usd": 0.028692000000000006,
        "output_cost_usd": 0.025325999999999998,
        "total_cost_usd": 0.054018000000000004
    }
}