{
    "f1_micro": 0.8063936063936064,
    "f1_macro": 0.7778688524590165,
    "micro_precision": 0.833195706028076,
    "micro_recall": 0.781262098335269,
    "total_instances": 61,
    "total_tp": 2018,
    "total_fp": 404,
    "total_fn": 565,
    "cost_summary": {
        "total_input_tokens": 270649,
        "total_output_tokens": 389681,
        "total_tokens": 660330,
        "input_cost_usd": 0.013532450000000007,
        "output_cost_usd": 0.15587239999999997,
        "total_cost_usd": 0.16940485000000002
    }
}