{
    "f1_macro": 0.0,
    "f1_micro": 0.0,
    "cost_summary": {
        "total_input_tokens": 33345,
        "total_output_tokens": 3764,
        "total_tokens": 37109,
        "input_cost_usd": 0.013337999999999992,
        "output_cost_usd": 0.007528000000000002,
        "total_cost_usd": 0.020866000000000003
    }
}