{
    "f1_macro": 0.52,
    "f1_micro": 0.51,
    "cost_summary": {
        "total_input_tokens": 227268,
        "total_output_tokens": 3246,
        "total_tokens": 230514,
        "input_cost_usd": 0.45453600000000016,
        "output_cost_usd": 0.01622999999999999,
        "total_cost_usd": 0.470766
    }
}