{
    "fuzzy": 0.7568844908130471,
    "cost_summary": {
        "total_input_tokens": 1231197,
        "total_output_tokens": 4558,
        "total_tokens": 1235755,
        "input_cost_usd": 0.18467955,
        "output_cost_usd": 0.0027348,
        "total_cost_usd": 0.18741435
    }
}