{
    "f1": 0.215,
    "precision": 0.225,
    "recall": 0.214,
    "mean_iou": 0.179,
    "true_positives": 12,
    "false_positives": 119,
    "false_negatives": 114,
    "num_pages": 46,
    "cost_summary": {
        "total_input_tokens": 111412,
        "total_output_tokens": 3830,
        "total_tokens": 115242,
        "input_cost_usd": 0.5570600000000001,
        "output_cost_usd": 0.09574999999999996,
        "total_cost_usd": 0.65281
    }
}