{
    "f1_micro": 0.4775818639798489,
    "f1_macro": 0.4713333333333333,
    "micro_precision": 0.4773413897280967,
    "micro_recall": 0.4778225806451613,
    "total_instances": 15,
    "total_tp": 474,
    "total_fp": 519,
    "total_fn": 518,
    "cost_summary": {
        "total_input_tokens": 43242,
        "total_output_tokens": 9117,
        "total_tokens": 52359,
        "input_cost_usd": 0.10810499999999998,
        "output_cost_usd": 0.13675500000000002,
        "total_cost_usd": 0.24486
    }
}