{
    "f1_micro": 0.6468364003024957,
    "f1_macro": 0.37016393442622947,
    "micro_precision": 0.8854382332643203,
    "micro_recall": 0.5095313741064337,
    "total_instances": 61,
    "total_tp": 1283,
    "total_fp": 166,
    "total_fn": 1235,
    "cost_summary": {
        "total_input_tokens": 105030,
        "total_output_tokens": 30944,
        "total_tokens": 135974,
        "input_cost_usd": 0.04201200000000001,
        "output_cost_usd": 0.061888,
        "total_cost_usd": 0.1039
    }
}