{
    "f1_macro": 0.64,
    "f1_micro": 0.64,
    "cost_summary": {
        "total_input_tokens": 72946,
        "total_output_tokens": 63241,
        "total_tokens": 136187,
        "input_cost_usd": 0.09118249999999997,
        "output_cost_usd": 0.6324100000000001,
        "total_cost_usd": 0.7235924999999999
    }
}