{
    "f1_micro": 0.43018128368446845,
    "f1_macro": 0.42866666666666664,
    "micro_precision": 0.4184938036224976,
    "micro_recall": 0.4425403225806452,
    "total_instances": 15,
    "total_tp": 439,
    "total_fp": 610,
    "total_fn": 553,
    "cost_summary": {
        "total_input_tokens": 71828,
        "total_output_tokens": 18810,
        "total_tokens": 90638,
        "input_cost_usd": 0.35913999999999996,
        "output_cost_usd": 0.4702500000000001,
        "total_cost_usd": 0.82939
    }
}