{
    "f1_micro": 0.9735700197238659,
    "f1_macro": 0.9118032786885245,
    "micro_precision": 0.9670846394984326,
    "micro_recall": 0.9801429706115965,
    "total_instances": 61,
    "total_tp": 2468,
    "total_fp": 84,
    "total_fn": 50,
    "cost_summary": {
        "total_input_tokens": 323324,
        "total_output_tokens": 61513,
        "total_tokens": 384837,
        "input_cost_usd": 0.08406423999999998,
        "output_cost_usd": 0.12794704000000004,
        "total_cost_usd": 0.2120112800000001
    }
}