{
    "f1_macro": 0.2233076504320004,
    "f1_micro": 0.23197492163009403
}