{
    "f1_micro": 0.22749554367201424,
    "f1_macro": 0.2695081967213115,
    "micro_precision": 0.1580984825023227,
    "micro_recall": 0.4054805401111994,
    "total_instances": 61,
    "total_tp": 1021,
    "total_fp": 5437,
    "total_fn": 1497,
    "cost_summary": {
        "total_input_tokens": 122000,
        "total_output_tokens": 144302,
        "total_tokens": 266302,
        "input_cost_usd": 0.2440000000000002,
        "output_cost_usd": 0.8658119999999999,
        "total_cost_usd": 1.109812
    }
}