{
    "f1_micro": 0.953465920061788,
    "f1_macro": 0.9040983606557377,
    "micro_precision": 0.9510785824345146,
    "micro_recall": 0.9558652729384437,
    "total_instances": 61,
    "total_tp": 2469,
    "total_fp": 127,
    "total_fn": 114,
    "cost_summary": {
        "total_input_tokens": 243335,
        "total_output_tokens": 40005,
        "total_tokens": 283340,
        "input_cost_usd": 0.0,
        "output_cost_usd": 0.0,
        "total_cost_usd": 0.0
    }
}