{
    "f1_macro": 0.0,
    "f1_micro": 0.0,
    "cost_summary": {
        "total_input_tokens": 33345,
        "total_output_tokens": 3634,
        "total_tokens": 36979,
        "input_cost_usd": 0.013337999999999992,
        "output_cost_usd": 0.007268000000000004,
        "total_cost_usd": 0.02060599999999999
    }
}