{
    "fuzzy": 0.548,
    "cer": 0.463,
    "cost_summary": {
        "total_input_tokens": 12111,
        "total_output_tokens": 20450,
        "total_tokens": 32561,
        "input_cost_usd": 0.00181665,
        "output_cost_usd": 0.0030675,
        "total_cost_usd": 0.004884149999999999
    }
}