{
    "f1_micro": 0.0,
    "f1_macro": 0.0,
    "micro_precision": 0.0,
    "micro_recall": 0.0,
    "total_instances": 263,
    "total_tp": 0,
    "total_fp": 8,
    "total_fn": 2415,
    "cost_summary": {
        "total_input_tokens": 340848,
        "total_output_tokens": 57297,
        "total_tokens": 398145,
        "input_cost_usd": 0.6816960000000015,
        "output_cost_usd": 0.3437819999999998,
        "total_cost_usd": 1.0254780000000003
    }
}