{
    "f1": 0.96,
    "precision": 0.97,
    "recall": 0.964,
    "mean_iou": 0.891,
    "true_positives": 119,
    "false_positives": 5,
    "false_negatives": 7,
    "num_pages": 46,
    "cost_summary": {
        "total_input_tokens": 213624,
        "total_output_tokens": 4196,
        "total_tokens": 217820,
        "input_cost_usd": 2.136240000000001,
        "output_cost_usd": 0.20979999999999996,
        "total_cost_usd": 2.3460400000000003
    }
}