{
    "fuzzy": 93.59056646829873,
    "n": 50,
    "cost_summary": {
        "total_input_tokens": 33621,
        "total_output_tokens": 573233,
        "total_tokens": 606854,
        "input_cost_usd": 0.00168105,
        "output_cost_usd": 0.2292932,
        "total_cost_usd": 0.23097425000000002
    }
}