{
    "f1_micro": 0.8416768416768416,
    "f1_macro": 0.8314448669201521,
    "micro_precision": 0.827531012404962,
    "micro_recall": 0.8563146997929607,
    "total_instances": 263,
    "total_tp": 2068,
    "total_fp": 431,
    "total_fn": 347,
    "cost_summary": {
        "total_input_tokens": 566577,
        "total_output_tokens": 54291,
        "total_tokens": 620868,
        "input_cost_usd": 1.699731,
        "output_cost_usd": 0.814365,
        "total_cost_usd": 2.514096,
        "pricing_date": "2025-10-01",
        "input_price_per_million": 3.0,
        "output_price_per_million": 15.0
    }
}