{
    "f1_micro": 0.7435897435897435,
    "f1_macro": 0.7338403041825095,
    "micro_precision": 0.7310924369747899,
    "micro_recall": 0.7565217391304347,
    "total_instances": 263,
    "total_tp": 1827,
    "total_fp": 672,
    "total_fn": 588,
    "cost_summary": {
        "total_input_tokens": 566577,
        "total_output_tokens": 54291,
        "total_tokens": 620868,
        "input_cost_usd": 1.699731,
        "output_cost_usd": 0.814365,
        "total_cost_usd": 2.514096,
        "pricing_date": "2025-10-01",
        "input_price_per_million": 3.0,
        "output_price_per_million": 15.0
    }
}