{
    "f1_micro": 0.4260474507824331,
    "f1_macro": 0.4266666666666667,
    "micro_precision": 0.42669362992922144,
    "micro_recall": 0.4254032258064516,
    "total_instances": 15,
    "total_tp": 422,
    "total_fp": 567,
    "total_fn": 570,
    "cost_summary": {
        "total_input_tokens": 72983,
        "total_output_tokens": 18269,
        "total_tokens": 91252,
        "input_cost_usd": 0.36491500000000004,
        "output_cost_usd": 0.456725,
        "total_cost_usd": 0.8216399999999999
    }
}