{
    "f1_micro": 0.9537492619563079,
    "f1_macro": 0.9021311475409837,
    "micro_precision": 0.9453765119001171,
    "micro_recall": 0.9622716441620334,
    "total_instances": 61,
    "total_tp": 2423,
    "total_fp": 140,
    "total_fn": 95,
    "cost_summary": {
        "total_input_tokens": 293841,
        "total_output_tokens": 53028,
        "total_tokens": 346869,
        "input_cost_usd": 0.3673012500000003,
        "output_cost_usd": 0.13257,
        "total_cost_usd": 0.4998712500000001
    }
}