{
    "fuzzy": 0.6434720555264326,
    "cost_summary": {
        "total_input_tokens": 14243,
        "total_output_tokens": 34552,
        "total_tokens": 48795,
        "input_cost_usd": 0.0023144875,
        "output_cost_usd": 0.0449176,
        "total_cost_usd": 0.047232087500000006
    }
}