{
    "fuzzy": 95.84971459982157,
    "n": 50,
    "cost_summary": {
        "total_input_tokens": 39421,
        "total_output_tokens": 230213,
        "total_tokens": 269634,
        "input_cost_usd": 0.011037880000000003,
        "output_cost_usd": 0.09668945999999999,
        "total_cost_usd": 0.10772734
    }
}