{
    "f1_micro": 0.5207280080889788,
    "f1_macro": 0.52,
    "micro_precision": 0.5223123732251521,
    "micro_recall": 0.5191532258064516,
    "total_instances": 15,
    "total_tp": 515,
    "total_fp": 471,
    "total_fn": 477,
    "cost_summary": {
        "total_input_tokens": 22303,
        "total_output_tokens": 16772,
        "total_tokens": 39075,
        "input_cost_usd": 0.04460600000000001,
        "output_cost_usd": 0.20126400000000003,
        "total_cost_usd": 0.24586999999999995
    }
}