{
    "fuzzy": 54.898406165129444,
    "n": 50,
    "cost_summary": {
        "total_input_tokens": 37190,
        "total_output_tokens": 27403,
        "total_tokens": 64593,
        "input_cost_usd": 0.0,
        "output_cost_usd": 0.0,
        "total_cost_usd": 0.006012693999999999
    }
}