{
    "f1_micro": 0.5181818181818183,
    "f1_macro": 0.52,
    "micro_precision": 0.5192307692307693,
    "micro_recall": 0.5171370967741935,
    "total_instances": 15,
    "total_tp": 513,
    "total_fp": 475,
    "total_fn": 479,
    "cost_summary": {
        "total_input_tokens": 53433,
        "total_output_tokens": 23852,
        "total_tokens": 77285,
        "input_cost_usd": 0.267165,
        "output_cost_usd": 0.7155600000000001,
        "total_cost_usd": 0.9827249999999998
    }
}