{
    "fuzzy": 0.871,
    "cer": 0.127,
    "cost_summary": {
        "total_input_tokens": 61860,
        "total_output_tokens": 4155,
        "total_tokens": 66015,
        "input_cost_usd": 0.6185999999999999,
        "output_cost_usd": 0.20775000000000002,
        "total_cost_usd": 0.82635
    }
}