{
    "f1_micro": 0.7973720608575381,
    "f1_macro": 0.7806463878326996,
    "micro_precision": 0.78676219720232,
    "micro_recall": 0.8082719943918683,
    "total_instances": 263,
    "total_tp": 2306,
    "total_fp": 625,
    "total_fn": 547
}