{
    "f1_micro": 0.8193027210884353,
    "f1_macro": 0.8045627376425856,
    "micro_precision": 0.8378260869565217,
    "micro_recall": 0.8015806988352745,
    "total_instances": 263,
    "total_tp": 1927,
    "total_fp": 373,
    "total_fn": 477
}