{
    "f1_micro": 0.7979972375690608,
    "f1_macro": 0.7813688212927756,
    "micro_precision": 0.7884680996247014,
    "micro_recall": 0.8077595246417336,
    "total_instances": 263,
    "total_tp": 2311,
    "total_fp": 620,
    "total_fn": 550
}