{
    "f1_micro": 0.8390243902439023,
    "f1_macro": 0.8247148288973384,
    "micro_precision": 0.86,
    "micro_recall": 0.819047619047619,
    "total_instances": 263,
    "total_tp": 1978,
    "total_fp": 322,
    "total_fn": 437
}