{
    "f1_micro": 0.8267232237539767,
    "f1_macro": 0.8132699619771863,
    "micro_precision": 0.8473913043478261,
    "micro_recall": 0.80703933747412,
    "total_instances": 263,
    "total_tp": 1949,
    "total_fp": 351,
    "total_fn": 466
}