{
    "f1_micro": 0.8118742315123836,
    "f1_macro": 0.7956653992395437,
    "micro_precision": 0.815743028591599,
    "micro_recall": 0.808041958041958,
    "total_instances": 263,
    "total_tp": 2311,
    "total_fp": 522,
    "total_fn": 549
}