{
    "f1_micro": 0.821012497352256,
    "f1_macro": 0.8075665399239543,
    "micro_precision": 0.8426086956521739,
    "micro_recall": 0.8004956629491945,
    "total_instances": 263,
    "total_tp": 1938,
    "total_fp": 362,
    "total_fn": 483
}