{
    "f1_micro": 0.8100847282496383,
    "f1_macro": 0.795703422053232,
    "micro_precision": 0.8170070862859525,
    "micro_recall": 0.8032786885245902,
    "total_instances": 263,
    "total_tp": 1960,
    "total_fp": 439,
    "total_fn": 480
}