{
    "fuzzy": 97.424739538134,
    "n": 50,
    "cost_summary": {
        "total_input_tokens": 39421,
        "total_output_tokens": 412549,
        "total_tokens": 451970,
        "input_cost_usd": 0.005716045,
        "output_cost_usd": 1.4356705200000004,
        "total_cost_usd": 1.441386565
    }
}