{
    "fuzzy": 0.0,
    "cost_summary": {
        "total_input_tokens": 4946,
        "total_output_tokens": 116,
        "total_tokens": 5062,
        "input_cost_usd": 0.009892000000000001,
        "output_cost_usd": 0.00058,
        "total_cost_usd": 0.010471999999999999
    }
}