{
    "f1_micro": 0.4342298288508557,
    "f1_macro": 0.446,
    "micro_precision": 0.42165242165242167,
    "micro_recall": 0.4475806451612903,
    "total_instances": 15,
    "total_tp": 444,
    "total_fp": 609,
    "total_fn": 548,
    "cost_summary": {
        "total_input_tokens": 31719,
        "total_output_tokens": 15824,
        "total_tokens": 47543,
        "input_cost_usd": 0.09515699999999998,
        "output_cost_usd": 0.23736000000000002,
        "total_cost_usd": 0.33251700000000006
    }
}