{
    "f1": 0.079,
    "precision": 0.069,
    "recall": 0.109,
    "mean_iou": 0.092,
    "true_positives": 7,
    "false_positives": 113,
    "false_negatives": 119,
    "num_pages": 46,
    "cost_summary": {
        "total_input_tokens": 12282,
        "total_output_tokens": 4777,
        "total_tokens": 17059,
        "input_cost_usd": 0.024563999999999992,
        "output_cost_usd": 0.028662,
        "total_cost_usd": 0.053225999999999996
    }
}