{
    "fuzzy": 97.62112733838046,
    "n": 50,
    "cost_summary": {
        "total_input_tokens": 101372,
        "total_output_tokens": 50793,
        "total_tokens": 152165,
        "input_cost_usd": 0.5068600000000001,
        "output_cost_usd": 1.2698250000000002,
        "total_cost_usd": 1.7766849999999996
    }
}