{
    "fuzzy": 0.58,
    "cer": 0.429,
    "cost_summary": {
        "total_input_tokens": 13295,
        "total_output_tokens": 12935,
        "total_tokens": 26230,
        "input_cost_usd": 0.19942500000000002,
        "output_cost_usd": 0.9701249999999999,
        "total_cost_usd": 1.16955
    }
}