{
    "f1_macro": 0.5736677704971934,
    "f1_micro": 0.6062717770034843
}