{
    "f1_macro": 0.49,
    "f1_micro": 0.45,
    "cost_summary": {
        "total_input_tokens": 137358,
        "total_output_tokens": 3294,
        "total_tokens": 140652,
        "input_cost_usd": 0.41207400000000016,
        "output_cost_usd": 0.049409999999999996,
        "total_cost_usd": 0.46148399999999995
    }
}