{
    "f1_micro": 0.8520043336944746,
    "f1_macro": 0.7367213114754098,
    "micro_precision": 0.9375298044825942,
    "micro_recall": 0.7807783955520254,
    "total_instances": 61,
    "total_tp": 1966,
    "total_fp": 131,
    "total_fn": 552,
    "cost_summary": {
        "total_input_tokens": 202134,
        "total_output_tokens": 47102,
        "total_tokens": 249236,
        "input_cost_usd": 0.3032009999999999,
        "output_cost_usd": 0.35326499999999983,
        "total_cost_usd": 0.656466
    }
}