{
    "fuzzy": 0.6682956016213851,
    "cost_summary": {
        "total_input_tokens": 14809,
        "total_output_tokens": 8997,
        "total_tokens": 23806,
        "input_cost_usd": 0.044426999999999994,
        "output_cost_usd": 0.134955,
        "total_cost_usd": 0.17938199999999999
    }
}