{
    "fuzzy": 61.8023596493398,
    "n": 50,
    "cost_summary": {
        "total_input_tokens": 31538,
        "total_output_tokens": 1148008,
        "total_tokens": 1179546,
        "input_cost_usd": 0.003153799999999999,
        "output_cost_usd": 0.45920320000000003,
        "total_cost_usd": 0.46235699999999996
    }
}