{
    "fuzzy": 0.8370328100554703,
    "cost_summary": {
        "total_input_tokens": 21479,
        "total_output_tokens": 5361,
        "total_tokens": 26840,
        "input_cost_usd": 0.037588250000000004,
        "output_cost_usd": 0.07505400000000001,
        "total_cost_usd": 0.11264225000000001
    }
}