{
    "f1_micro": 0.4181184668989547,
    "f1_macro": 0.41000000000000003,
    "micro_precision": 0.41297935103244837,
    "micro_recall": 0.42338709677419356,
    "total_instances": 15,
    "total_tp": 420,
    "total_fp": 597,
    "total_fn": 572,
    "cost_summary": {
        "total_input_tokens": 28230,
        "total_output_tokens": 16013,
        "total_tokens": 44243,
        "input_cost_usd": 0.0028229999999999996,
        "output_cost_usd": 0.0064052,
        "total_cost_usd": 0.009228200000000002
    }
}