{
    "f1_macro": 0.42,
    "f1_micro": 0.41,
    "cost_summary": {
        "total_input_tokens": 207012,
        "total_output_tokens": 5900,
        "total_tokens": 212912,
        "input_cost_usd": 0.6210360000000003,
        "output_cost_usd": 0.08850000000000002,
        "total_cost_usd": 0.7095360000000002
    }
}