{
    "f1_macro": 0.51,
    "f1_micro": 0.61,
    "cost_summary": {
        "total_input_tokens": 109410,
        "total_output_tokens": 75212,
        "total_tokens": 184622,
        "input_cost_usd": 0.010940999999999996,
        "output_cost_usd": 0.0112818,
        "total_cost_usd": 0.022222800000000004
    }
}