{
    "fuzzy": 0.6421512689592842,
    "cost_summary": {
        "total_input_tokens": 15016,
        "total_output_tokens": 8605,
        "total_tokens": 23621,
        "input_cost_usd": 0.022524,
        "output_cost_usd": 0.0645375,
        "total_cost_usd": 0.0870615
    }
}