{
    "f1_micro": 0.2518518518518519,
    "f1_macro": 0.24466666666666667,
    "micro_precision": 0.2468538238141336,
    "micro_recall": 0.25705645161290325,
    "total_instances": 15,
    "total_tp": 255,
    "total_fp": 778,
    "total_fn": 737,
    "cost_summary": {
        "total_input_tokens": 41878,
        "total_output_tokens": 14434,
        "total_tokens": 56312,
        "input_cost_usd": 0.0,
        "output_cost_usd": 0.0,
        "total_cost_usd": 0.0008466
    }
}