{
    "fuzzy": 0.6622671169321853,
    "cost_summary": {
        "total_input_tokens": 17548,
        "total_output_tokens": 16327,
        "total_tokens": 33875,
        "input_cost_usd": 0.00114062,
        "output_cost_usd": 0.00424502,
        "total_cost_usd": 0.00538564
    }
}