{
    "f1_macro": 0.52,
    "f1_micro": 0.47,
    "cost_summary": {
        "total_input_tokens": 243897,
        "total_output_tokens": 1848,
        "total_tokens": 245745,
        "input_cost_usd": 0.024389700000000004,
        "output_cost_usd": 0.0007392000000000001,
        "total_cost_usd": 0.025128899999999992
    }
}