{
    "f1_macro": 0.53,
    "f1_micro": 0.55,
    "cost_summary": {
        "total_input_tokens": 116996,
        "total_output_tokens": 3482,
        "total_tokens": 120478,
        "input_cost_usd": 0.14624500000000007,
        "output_cost_usd": 0.034820000000000004,
        "total_cost_usd": 0.18106499999999995
    }
}