{
    "f1_macro": 0.48,
    "f1_micro": 0.49,
    "cost_summary": {
        "total_input_tokens": 296530,
        "total_output_tokens": 4606,
        "total_tokens": 301136,
        "input_cost_usd": 0.04447950000000003,
        "output_cost_usd": 0.0027635999999999993,
        "total_cost_usd": 0.04724309999999999
    }
}