{
    "f1_micro": 0.1945193171608266,
    "f1_macro": 0.18098360655737702,
    "micro_precision": 0.22388831437435366,
    "micro_recall": 0.17196187450357425,
    "total_instances": 61,
    "total_tp": 433,
    "total_fp": 1501,
    "total_fn": 2085,
    "cost_summary": {
        "total_input_tokens": 110410,
        "total_output_tokens": 41850,
        "total_tokens": 152260,
        "input_cost_usd": 0.22082000000000027,
        "output_cost_usd": 0.20925000000000005,
        "total_cost_usd": 0.43006999999999973
    }
}