{
    "f1_macro": 0.5,
    "f1_micro": 0.58,
    "cost_summary": {
        "total_input_tokens": 84840,
        "total_output_tokens": 2310,
        "total_tokens": 87150,
        "input_cost_usd": 0.16967999999999997,
        "output_cost_usd": 0.027720000000000005,
        "total_cost_usd": 0.19740000000000002
    }
}