{
    "fuzzy": 96.08977943362832,
    "n": 50,
    "cost_summary": {
        "total_input_tokens": 40325,
        "total_output_tokens": 31813,
        "total_tokens": 72138,
        "input_cost_usd": 0.0604875,
        "output_cost_usd": 0.23859750000000002,
        "total_cost_usd": 0.299085
    }
}