{
    "fuzzy": 0.847939078405978,
    "cost_summary": {
        "total_input_tokens": 23963,
        "total_output_tokens": 5047,
        "total_tokens": 29010,
        "input_cost_usd": 0.04193525,
        "output_cost_usd": 0.070658,
        "total_cost_usd": 0.11259324999999999
    }
}