{
    "fuzzy": 0.8198863167226846,
    "cost_summary": {
        "total_input_tokens": 21200,
        "total_output_tokens": 5808,
        "total_tokens": 27008,
        "input_cost_usd": 0.0371,
        "output_cost_usd": 0.08131200000000001,
        "total_cost_usd": 0.11841200000000002
    }
}