{
    "fuzzy": 92.93277923653639,
    "n": 50,
    "cost_summary": {
        "total_input_tokens": 39246,
        "total_output_tokens": 442185,
        "total_tokens": 481431,
        "input_cost_usd": 0.009811499999999999,
        "output_cost_usd": 0.88437,
        "total_cost_usd": 0.8941814999999999
    }
}