{
    "fuzzy": 0.8865554124706775,
    "cost_summary": {
        "total_input_tokens": 45639,
        "total_output_tokens": 3485,
        "total_tokens": 49124,
        "input_cost_usd": 0.05704875000000002,
        "output_cost_usd": 0.03484999999999999,
        "total_cost_usd": 0.09189875
    }
}