{
    "fuzzy": 0.818752065669584,
    "cost_summary": {
        "total_input_tokens": 45286,
        "total_output_tokens": 5020,
        "total_tokens": 50306,
        "input_cost_usd": 0.07925049999999999,
        "output_cost_usd": 0.07028,
        "total_cost_usd": 0.1495305
    }
}