{
    "f1_macro": 0.55,
    "f1_micro": 0.55,
    "cost_summary": {
        "total_input_tokens": 280786,
        "total_output_tokens": 11229,
        "total_tokens": 292015,
        "input_cost_usd": 0.11231440000000006,
        "output_cost_usd": 0.017966399999999997,
        "total_cost_usd": 0.1302808
    }
}