{
    "f1": 0.848,
    "precision": 0.855,
    "recall": 0.856,
    "mean_iou": 0.848,
    "true_positives": 102,
    "false_positives": 25,
    "false_negatives": 24,
    "num_pages": 46,
    "cost_summary": {
        "total_input_tokens": 52302,
        "total_output_tokens": 3218,
        "total_tokens": 55520,
        "input_cost_usd": 0.026150999999999983,
        "output_cost_usd": 0.009654000000000003,
        "total_cost_usd": 0.03580499999999999
    }
}