{
    "fuzzy": 97.45861499853953,
    "n": 50,
    "cost_summary": {
        "total_input_tokens": 74146,
        "total_output_tokens": 41271,
        "total_tokens": 115417,
        "input_cost_usd": 0.3707300000000001,
        "output_cost_usd": 1.0317749999999999,
        "total_cost_usd": 1.4025050000000003
    }
}