{
    "f1_macro": 0.67,
    "f1_micro": 0.77,
    "cost_summary": {
        "total_input_tokens": 46325,
        "total_output_tokens": 15692,
        "total_tokens": 62017,
        "input_cost_usd": 0.09265,
        "output_cost_usd": 0.125536,
        "total_cost_usd": 0.21818600000000002
    }
}