{
    "f1_micro": 0.8710952945828391,
    "f1_macro": 0.8342622950819673,
    "micro_precision": 0.8673228346456693,
    "micro_recall": 0.874900714853058,
    "total_instances": 61,
    "total_tp": 2203,
    "total_fp": 337,
    "total_fn": 315,
    "cost_summary": {
        "total_input_tokens": 299311,
        "total_output_tokens": 56165,
        "total_tokens": 355476,
        "input_cost_usd": 0.0,
        "output_cost_usd": 0.0,
        "total_cost_usd": 0.0
    }
}