{
    "f1_micro": 0.44224765868886573,
    "f1_macro": 0.438,
    "micro_precision": 0.45698924731182794,
    "micro_recall": 0.4284274193548387,
    "total_instances": 15,
    "total_tp": 425,
    "total_fp": 505,
    "total_fn": 567,
    "cost_summary": {
        "total_input_tokens": 9780,
        "total_output_tokens": 79328,
        "total_tokens": 89108,
        "input_cost_usd": 0.002934,
        "output_cost_usd": 0.19832,
        "total_cost_usd": 0.201254,
        "pricing_date": "2025-10-28",
        "input_price_per_million": 0.3,
        "output_price_per_million": 2.5
    }
}