{
    "f1_macro": 0.4416971494894389,
    "f1_micro": 0.4414715719063545
}