{
    "f1_micro": 0.5178841309823677,
    "f1_macro": 0.526,
    "micro_precision": 0.5176233635448136,
    "micro_recall": 0.5181451612903226,
    "total_instances": 15,
    "total_tp": 514,
    "total_fp": 479,
    "total_fn": 478,
    "cost_summary": {
        "total_input_tokens": 40921,
        "total_output_tokens": 15083,
        "total_tokens": 56004,
        "input_cost_usd": 0.0245526,
        "output_cost_usd": 0.05429880000000001,
        "total_cost_usd": 0.0788514
    }
}