{
    "f1_micro": 0.2627030763912893,
    "f1_macro": 0.1534980988593156,
    "micro_precision": 0.7949790794979079,
    "micro_recall": 0.15734989648033126,
    "total_instances": 263,
    "total_tp": 380,
    "total_fp": 98,
    "total_fn": 2035,
    "cost_summary": {
        "total_input_tokens": 101160,
        "total_output_tokens": 6935,
        "total_tokens": 108095,
        "input_cost_usd": 0.2023200000000001,
        "output_cost_usd": 0.03467500000000001,
        "total_cost_usd": 0.23699499999999998
    }
}