{
    "fuzzy": 0.594,
    "cer": 0.42,
    "cost_summary": {
        "total_input_tokens": 28380,
        "total_output_tokens": 2735,
        "total_tokens": 31115,
        "input_cost_usd": 0.0028380000000000002,
        "output_cost_usd": 0.001094,
        "total_cost_usd": 0.003932
    }
}