{
    "f1_micro": 0.5066931085770947,
    "f1_macro": 0.498,
    "micro_precision": 0.49853658536585366,
    "micro_recall": 0.5151209677419355,
    "total_instances": 15,
    "total_tp": 511,
    "total_fp": 514,
    "total_fn": 481,
    "cost_summary": {
        "total_input_tokens": 41296,
        "total_output_tokens": 14317,
        "total_tokens": 55613,
        "input_cost_usd": 0.00268424,
        "output_cost_usd": 0.0037224199999999997,
        "total_cost_usd": 0.006406660000000001
    }
}