{
    "fuzzy": 0.566,
    "cer": 0.47,
    "cost_summary": {
        "total_input_tokens": 13008,
        "total_output_tokens": 5691,
        "total_tokens": 18699,
        "input_cost_usd": 0.00104064,
        "output_cost_usd": 0.0017073000000000001,
        "total_cost_usd": 0.00274794
    }
}