{
    "f1_micro": 0.5370277078085642,
    "f1_macro": 0.5306666666666666,
    "micro_precision": 0.5367573011077543,
    "micro_recall": 0.5372983870967742,
    "total_instances": 15,
    "total_tp": 533,
    "total_fp": 460,
    "total_fn": 459,
    "cost_summary": {
        "total_input_tokens": 22303,
        "total_output_tokens": 16340,
        "total_tokens": 38643,
        "input_cost_usd": 0.005575750000000001,
        "output_cost_usd": 0.024509999999999997,
        "total_cost_usd": 0.03008575
    }
}