{
    "f1_micro": 0.8570843570843572,
    "f1_macro": 0.8509885931558936,
    "micro_precision": 0.8477116241393277,
    "micro_recall": 0.8666666666666667,
    "total_instances": 263,
    "total_tp": 2093,
    "total_fp": 376,
    "total_fn": 322,
    "cost_summary": {
        "total_input_tokens": 524234,
        "total_output_tokens": 42685,
        "total_tokens": 566919,
        "input_cost_usd": 0.0786351000000003,
        "output_cost_usd": 0.006402750000000003,
        "total_cost_usd": 0.08503784999999996
    }
}