{
    "f1_macro": 0.5,
    "f1_micro": 0.47,
    "cost_summary": {
        "total_input_tokens": 154783,
        "total_output_tokens": 72779,
        "total_tokens": 227562,
        "input_cost_usd": 0.007739149999999999,
        "output_cost_usd": 0.029111600000000005,
        "total_cost_usd": 0.03685075000000001
    }
}