{
    "fuzzy": 0.549,
    "cer": 0.493,
    "cost_summary": {
        "total_input_tokens": 28440,
        "total_output_tokens": 2019,
        "total_tokens": 30459,
        "input_cost_usd": 0.0028440000000000006,
        "output_cost_usd": 0.0006057,
        "total_cost_usd": 0.0034496999999999996
    }
}