{
    "f1_macro": 0.58,
    "f1_micro": 0.53,
    "cost_summary": {
        "total_input_tokens": 151720,
        "total_output_tokens": 73639,
        "total_tokens": 225359,
        "input_cost_usd": 0.015171999999999998,
        "output_cost_usd": 0.01104585,
        "total_cost_usd": 0.026217850000000004
    }
}