{
    "fuzzy": 0.6748590663966818,
    "cost_summary": {
        "total_input_tokens": 13775,
        "total_output_tokens": 5859,
        "total_tokens": 19634,
        "input_cost_usd": 0.024106250000000003,
        "output_cost_usd": 0.082026,
        "total_cost_usd": 0.10613225000000001
    }
}