{
    "fuzzy": 0.583,
    "cer": 0.437,
    "cost_summary": {
        "total_input_tokens": 32616,
        "total_output_tokens": 3517,
        "total_tokens": 36133,
        "input_cost_usd": 0.09784799999999998,
        "output_cost_usd": 0.052754999999999996,
        "total_cost_usd": 0.15060300000000001
    }
}