{
    "fuzzy": 0.551,
    "cer": 0.506,
    "cost_summary": {
        "total_input_tokens": 11640,
        "total_output_tokens": 2359,
        "total_tokens": 13999,
        "input_cost_usd": 0.023280000000000006,
        "output_cost_usd": 0.014153999999999998,
        "total_cost_usd": 0.037434
    }
}