{
    "f1_micro": 0.21096173733195453,
    "f1_macro": 0.238,
    "micro_precision": 0.21656050955414013,
    "micro_recall": 0.2056451612903226,
    "total_instances": 15,
    "total_tp": 204,
    "total_fp": 738,
    "total_fn": 788,
    "cost_summary": {
        "total_input_tokens": 384765,
        "total_output_tokens": 11495,
        "total_tokens": 396260,
        "input_cost_usd": 0.057715,
        "output_cost_usd": 0.006897,
        "total_cost_usd": 0.064612,
        "pricing_date": "2025-10-28",
        "input_price_per_million": 0.15,
        "output_price_per_million": 0.6
    }
}