{
    "fuzzy": 0.9021729517771492,
    "cost_summary": {
        "total_input_tokens": 17457,
        "total_output_tokens": 4891,
        "total_tokens": 22348,
        "input_cost_usd": 0.0052371000000000015,
        "output_cost_usd": 0.012227500000000002,
        "total_cost_usd": 0.017464600000000004
    }
}