{
    "f1_micro": 0.5242424242424243,
    "f1_macro": 0.528,
    "micro_precision": 0.5253036437246964,
    "micro_recall": 0.5231854838709677,
    "total_instances": 15,
    "total_tp": 519,
    "total_fp": 469,
    "total_fn": 473,
    "cost_summary": {
        "total_input_tokens": 22303,
        "total_output_tokens": 16342,
        "total_tokens": 38645,
        "input_cost_usd": 0.033454500000000005,
        "output_cost_usd": 0.147078,
        "total_cost_usd": 0.18053249999999998
    }
}