{
    "fuzzy": 0.8330837176427343,
    "cost_summary": {
        "total_input_tokens": 23738,
        "total_output_tokens": 6073,
        "total_tokens": 29811,
        "input_cost_usd": 0.0415415,
        "output_cost_usd": 0.085022,
        "total_cost_usd": 0.1265635
    }
}