{
    "f1_micro": 0.8602106969205835,
    "f1_macro": 0.8507984790874524,
    "micro_precision": 0.8421261404204681,
    "micro_recall": 0.8790890269151139,
    "total_instances": 263,
    "total_tp": 2123,
    "total_fp": 398,
    "total_fn": 292,
    "cost_summary": {
        "total_input_tokens": 185415,
        "total_output_tokens": 135724,
        "total_tokens": 321139,
        "input_cost_usd": 0.055625,
        "output_cost_usd": 0.33931,
        "total_cost_usd": 0.394935,
        "pricing_date": "2025-10-01",
        "input_price_per_million": 0.3,
        "output_price_per_million": 2.5
    }
}