{
    "f1_micro": 0.7589141004862237,
    "f1_macro": 0.7501901140684412,
    "micro_precision": 0.742959143197144,
    "micro_recall": 0.7755693581780538,
    "total_instances": 263,
    "total_tp": 1873,
    "total_fp": 648,
    "total_fn": 542,
    "cost_summary": {
        "total_input_tokens": 185415,
        "total_output_tokens": 135724,
        "total_tokens": 321139,
        "input_cost_usd": 0.055625,
        "output_cost_usd": 0.33931,
        "total_cost_usd": 0.394935,
        "pricing_date": "2025-10-01",
        "input_price_per_million": 0.3,
        "output_price_per_million": 2.5
    }
}