{
    "f1_micro": 0.10834371108343711,
    "f1_macro": 0.08866666666666667,
    "micro_precision": 0.14192495921696574,
    "micro_recall": 0.08761329305135952,
    "total_instances": 15,
    "total_tp": 87,
    "total_fp": 526,
    "total_fn": 906,
    "cost_summary": {
        "total_input_tokens": 21967,
        "total_output_tokens": 13673,
        "total_tokens": 35640,
        "input_cost_usd": 0.329505,
        "output_cost_usd": 1.025475,
        "total_cost_usd": 1.35498,
        "pricing_date": "2025-10-28",
        "input_price_per_million": 15.0,
        "output_price_per_million": 75.0
    }
}