{
    "f1_micro": 0.2854155776267642,
    "f1_macro": 0.316,
    "micro_precision": 0.2964169381107492,
    "micro_recall": 0.2752016129032258,
    "total_instances": 15,
    "total_tp": 273,
    "total_fp": 648,
    "total_fn": 719,
    "cost_summary": {
        "total_input_tokens": 12110,
        "total_output_tokens": 12259,
        "total_tokens": 24369,
        "input_cost_usd": 0.024219999999999995,
        "output_cost_usd": 0.07355399999999998,
        "total_cost_usd": 0.097774
    }
}