{
    "fuzzy": 0.5719448131926164,
    "cost_summary": {
        "total_input_tokens": 57004,
        "total_output_tokens": 2187,
        "total_tokens": 59191,
        "input_cost_usd": 0.11400800000000003,
        "output_cost_usd": 0.010935,
        "total_cost_usd": 0.12494299999999997
    }
}