{
    "f1_macro": 0.2950360082304527,
    "f1_micro": 0.27317073170731704
}