{
    "f1": 0.016,
    "precision": 0.016,
    "recall": 0.016,
    "mean_iou": 0.027,
    "true_positives": 3,
    "false_positives": 127,
    "false_negatives": 123,
    "num_pages": 46,
    "cost_summary": {
        "total_input_tokens": 13938,
        "total_output_tokens": 3233,
        "total_tokens": 17171,
        "input_cost_usd": 0.004181400000000002,
        "output_cost_usd": 0.008082500000000001,
        "total_cost_usd": 0.012263900000000005
    }
}