{
    "f1": 0.098,
    "precision": 0.109,
    "recall": 0.094,
    "mean_iou": 0.084,
    "true_positives": 5,
    "false_positives": 228,
    "false_negatives": 121,
    "num_pages": 46,
    "cost_summary": {
        "total_input_tokens": 88872,
        "total_output_tokens": 42332,
        "total_tokens": 131204,
        "input_cost_usd": 0.006665399999999996,
        "output_cost_usd": 0.0126996,
        "total_cost_usd": 0.019365000000000004
    }
}