{
    "fuzzy": 0.972,
    "cer": 0.043,
    "cost_summary": {
        "total_input_tokens": 13490,
        "total_output_tokens": 6354,
        "total_tokens": 19844,
        "input_cost_usd": 0.005396000000000001,
        "output_cost_usd": 0.0101664,
        "total_cost_usd": 0.015562400000000002
    }
}