{
    "f1_micro": 0.8554655870445345,
    "f1_macro": 0.7822950819672131,
    "micro_precision": 0.8724194880264244,
    "micro_recall": 0.8391580619539317,
    "total_instances": 61,
    "total_tp": 2113,
    "total_fp": 309,
    "total_fn": 405,
    "cost_summary": {
        "total_input_tokens": 238889,
        "total_output_tokens": 56080,
        "total_tokens": 294969,
        "input_cost_usd": 0.02388889999999999,
        "output_cost_usd": 0.022432000000000007,
        "total_cost_usd": 0.046320900000000005
    }
}