{
    "fuzzy": 0.655,
    "cer": 0.371,
    "cost_summary": {
        "total_input_tokens": 18840,
        "total_output_tokens": 2626,
        "total_tokens": 21466,
        "input_cost_usd": 0.02354999999999999,
        "output_cost_usd": 0.026260000000000002,
        "total_cost_usd": 0.04981000000000001
    }
}