{
    "f1_macro": 0.52,
    "f1_micro": 0.52,
    "cost_summary": {
        "total_input_tokens": 136163,
        "total_output_tokens": 3749,
        "total_tokens": 139912,
        "input_cost_usd": 0.2723260000000001,
        "output_cost_usd": 0.029992,
        "total_cost_usd": 0.30231799999999986
    }
}