{
    "fuzzy": 0.0,
    "cer": 1.0,
    "cost_summary": {
        "total_input_tokens": 3930,
        "total_output_tokens": 834,
        "total_tokens": 4764,
        "input_cost_usd": 0.0015720000000000003,
        "output_cost_usd": 0.0016680000000000002,
        "total_cost_usd": 0.0032400000000000007
    }
}