{
    "f1_macro": 0.27,
    "f1_micro": 0.42,
    "cost_summary": {
        "total_input_tokens": 53376,
        "total_output_tokens": 1275,
        "total_tokens": 54651,
        "input_cost_usd": 0.021350400000000005,
        "output_cost_usd": 0.0025499999999999997,
        "total_cost_usd": 0.0239004
    }
}