{
    "f1_micro": 0.6136913933524103,
    "f1_macro": 0.6061596958174904,
    "micro_precision": 0.6550751879699248,
    "micro_recall": 0.5772256728778468,
    "total_instances": 263,
    "total_tp": 1394,
    "total_fp": 734,
    "total_fn": 1021,
    "cost_summary": {
        "total_input_tokens": 586150,
        "total_output_tokens": 25962,
        "total_tokens": 612112,
        "input_cost_usd": 0.058615,
        "output_cost_usd": 0.010385,
        "total_cost_usd": 0.069,
        "pricing_date": "2025-10-02",
        "input_price_per_million": 0.1,
        "output_price_per_million": 0.4
    }
}