{
    "f1_micro": 0.6762051507814218,
    "f1_macro": 0.6669961977186312,
    "micro_precision": 0.7218045112781954,
    "micro_recall": 0.6360248447204969,
    "total_instances": 263,
    "total_tp": 1536,
    "total_fp": 592,
    "total_fn": 879,
    "cost_summary": null
}