{
    "fuzzy": 95.84314854416505,
    "n": 50,
    "cost_summary": {
        "total_input_tokens": 39246,
        "total_output_tokens": 413481,
        "total_tokens": 452727,
        "input_cost_usd": 0.0117738,
        "output_cost_usd": 0.9923544000000002,
        "total_cost_usd": 1.0041282
    }
}