{
    "f1_micro": 0.4074446680080483,
    "f1_macro": 0.4033333333333333,
    "micro_precision": 0.4066265060240964,
    "micro_recall": 0.40826612903225806,
    "total_instances": 15,
    "total_tp": 405,
    "total_fp": 591,
    "total_fn": 587,
    "cost_summary": {
        "total_input_tokens": 22612,
        "total_output_tokens": 14429,
        "total_tokens": 37041,
        "input_cost_usd": 0.009045,
        "output_cost_usd": 0.028858,
        "total_cost_usd": 0.037903,
        "pricing_date": "2025-10-28",
        "input_price_per_million": 0.4,
        "output_price_per_million": 2.0
    }
}