{
    "f1_micro": 0.5402124430955993,
    "f1_macro": 0.538,
    "micro_precision": 0.5421319796954315,
    "micro_recall": 0.5383064516129032,
    "total_instances": 15,
    "total_tp": 534,
    "total_fp": 451,
    "total_fn": 458,
    "cost_summary": {
        "total_input_tokens": 41604,
        "total_output_tokens": 13262,
        "total_tokens": 54866,
        "input_cost_usd": 0.20802,
        "output_cost_usd": 0.33155,
        "total_cost_usd": 0.53957
    }
}