{
    "fuzzy": 0.34,
    "cer": 0.713,
    "cost_summary": {
        "total_input_tokens": 4901,
        "total_output_tokens": 135892,
        "total_tokens": 140793,
        "input_cost_usd": 0.00039208000000000005,
        "output_cost_usd": 0.0475622,
        "total_cost_usd": 0.047954279999999995
    }
}