{
    "f1": 0.022,
    "precision": 0.022,
    "recall": 0.022,
    "mean_iou": 0.013,
    "true_positives": 1,
    "false_positives": 124,
    "false_negatives": 125,
    "num_pages": 46,
    "cost_summary": {
        "total_input_tokens": 111366,
        "total_output_tokens": 4392,
        "total_tokens": 115758,
        "input_cost_usd": 0.3340980000000001,
        "output_cost_usd": 0.06588000000000002,
        "total_cost_usd": 0.39997799999999983
    }
}