{
    "fuzzy": 91.53901966247498,
    "n": 50,
    "cost_summary": {
        "total_input_tokens": 31538,
        "total_output_tokens": 28573,
        "total_tokens": 60111,
        "input_cost_usd": 0.0394225,
        "output_cost_usd": 0.28573000000000004,
        "total_cost_usd": 0.3251525
    }
}