{
    "f1_micro": 0.8901803607214429,
    "f1_macro": 0.8846007604562738,
    "micro_precision": 0.8625242718446602,
    "micro_recall": 0.9196687370600414,
    "total_instances": 263,
    "total_tp": 2221,
    "total_fp": 354,
    "total_fn": 194,
    "cost_summary": {
        "total_input_tokens": 470700,
        "total_output_tokens": 47670,
        "total_tokens": 518370,
        "input_cost_usd": 0.18827999999999973,
        "output_cost_usd": 0.11440800000000008,
        "total_cost_usd": 0.3026880000000002
    }
}