{
    "fuzzy": 0.6918143141253351,
    "cost_summary": {
        "total_input_tokens": 17504,
        "total_output_tokens": 10273,
        "total_tokens": 27777,
        "input_cost_usd": 0.007001600000000001,
        "output_cost_usd": 0.0246552,
        "total_cost_usd": 0.0316568
    }
}