{
    "f1_micro": 0.30309173846933607,
    "f1_macro": 0.31333333333333335,
    "micro_precision": 0.30479102956167176,
    "micro_recall": 0.3014112903225806,
    "total_instances": 15,
    "total_tp": 299,
    "total_fp": 682,
    "total_fn": 693,
    "cost_summary": {
        "total_input_tokens": 35555,
        "total_output_tokens": 14925,
        "total_tokens": 50480,
        "input_cost_usd": 0.0028443999999999995,
        "output_cost_usd": 0.0044775,
        "total_cost_usd": 0.007321899999999998
    }
}