{
    "f1_macro": 0.5,
    "f1_micro": 0.52,
    "cost_summary": {
        "total_input_tokens": 98997,
        "total_output_tokens": 5557,
        "total_tokens": 104554,
        "input_cost_usd": 0.007424774999999998,
        "output_cost_usd": 0.0016671,
        "total_cost_usd": 0.009091875000000003
    }
}