{
    "fuzzy": 95.14538831449876,
    "n": 50,
    "cost_summary": {
        "total_input_tokens": 33621,
        "total_output_tokens": 37846,
        "total_tokens": 71467,
        "input_cost_usd": 0.04202625000000001,
        "output_cost_usd": 0.37845999999999985,
        "total_cost_usd": 0.42048624999999995
    }
}