{
    "fuzzy": 0.8529615428558149,
    "cost_summary": {
        "total_input_tokens": 84479,
        "total_output_tokens": 49394,
        "total_tokens": 133873,
        "input_cost_usd": 0.0084479,
        "output_cost_usd": 0.007409099999999999,
        "total_cost_usd": 0.015857000000000007
    }
}