{
    "f1_micro": 0.9055312678198061,
    "f1_macro": 0.8749180327868852,
    "micro_precision": 0.8894697535474234,
    "micro_recall": 0.9221835075493612,
    "total_instances": 61,
    "total_tp": 2382,
    "total_fp": 296,
    "total_fn": 201,
    "cost_summary": {
        "total_input_tokens": 201361,
        "total_output_tokens": 36632,
        "total_tokens": 237993,
        "input_cost_usd": 0.5034024999999999,
        "output_cost_usd": 0.36632,
        "total_cost_usd": 0.8697225000000001
    }
}