{
    "f1_micro": 0.0,
    "f1_macro": 0.0,
    "micro_precision": 0.0,
    "micro_recall": 0.0,
    "total_instances": 263,
    "total_tp": 0,
    "total_fp": 0,
    "total_fn": 2415,
    "cost_summary": {
        "total_input_tokens": 254584,
        "total_output_tokens": 41283,
        "total_tokens": 295867,
        "input_cost_usd": 0.02545840000000006,
        "output_cost_usd": 0.012384899999999968,
        "total_cost_usd": 0.03784329999999996
    }
}