{
    "f1_micro": 0.3885882931628135,
    "f1_macro": 0.38400000000000006,
    "micro_precision": 0.3794428434197887,
    "micro_recall": 0.39818548387096775,
    "total_instances": 15,
    "total_tp": 395,
    "total_fp": 646,
    "total_fn": 597,
    "cost_summary": {
        "total_input_tokens": 35814,
        "total_output_tokens": 16676,
        "total_tokens": 52490,
        "input_cost_usd": 0.10744199999999998,
        "output_cost_usd": 0.25014000000000003,
        "total_cost_usd": 0.357582
    }
}