{
    "f1": 0.033,
    "precision": 0.043,
    "recall": 0.029,
    "mean_iou": 0.033,
    "true_positives": 2,
    "false_positives": 124,
    "false_negatives": 124,
    "num_pages": 46,
    "cost_summary": {
        "total_input_tokens": 111412,
        "total_output_tokens": 3622,
        "total_tokens": 115034,
        "input_cost_usd": 0.3342359999999998,
        "output_cost_usd": 0.05432999999999999,
        "total_cost_usd": 0.388566
    }
}