{
    "fuzzy": 0.772,
    "cer": 0.246,
    "cost_summary": {
        "total_input_tokens": 39651,
        "total_output_tokens": 2811,
        "total_tokens": 42462,
        "input_cost_usd": 0.010309260000000002,
        "output_cost_usd": 0.00584688,
        "total_cost_usd": 0.01615614
    }
}