{
    "f1_micro": 0.9075662283209454,
    "f1_macro": 0.8726229508196721,
    "micro_precision": 0.8937687687687688,
    "micro_recall": 0.9217963608207511,
    "total_instances": 61,
    "total_tp": 2381,
    "total_fp": 283,
    "total_fn": 202,
    "cost_summary": {
        "total_input_tokens": 189405,
        "total_output_tokens": 37330,
        "total_tokens": 226735,
        "input_cost_usd": 0.23675625000000014,
        "output_cost_usd": 0.37329999999999997,
        "total_cost_usd": 0.6100562500000003
    }
}