{
    "f1_micro": 0.9753791609218042,
    "f1_macro": 0.9140983606557377,
    "micro_precision": 0.9675654552559594,
    "micro_recall": 0.9833200953137411,
    "total_instances": 61,
    "total_tp": 2476,
    "total_fp": 83,
    "total_fn": 42,
    "cost_summary": {
        "total_input_tokens": 323514,
        "total_output_tokens": 61387,
        "total_tokens": 384901,
        "input_cost_usd": 0.02102841,
        "output_cost_usd": 0.015960620000000002,
        "total_cost_usd": 0.03698903
    }
}