{
    "fuzzy": 0.79,
    "cer": 0.217,
    "cost_summary": {
        "total_input_tokens": 21035,
        "total_output_tokens": 14160,
        "total_tokens": 35195,
        "input_cost_usd": 0.10517499999999999,
        "output_cost_usd": 0.35400000000000004,
        "total_cost_usd": 0.45917499999999994
    }
}