{
    "f1_macro": 0.54,
    "f1_micro": 0.5,
    "cost_summary": {
        "total_input_tokens": 156873,
        "total_output_tokens": 2005,
        "total_tokens": 158878,
        "input_cost_usd": 0.023530950000000005,
        "output_cost_usd": 0.001203,
        "total_cost_usd": 0.024733949999999998
    }
}