{
    "f1_micro": 0.0,
    "f1_macro": 0.0,
    "micro_precision": 0.0,
    "micro_recall": 0.0,
    "total_instances": 15,
    "total_tp": 0,
    "total_fp": 0,
    "total_fn": 992,
    "cost_summary": {
        "total_input_tokens": 9015,
        "total_output_tokens": 18746,
        "total_tokens": 27761,
        "input_cost_usd": 0.018030000000000004,
        "output_cost_usd": 0.11247600000000002,
        "total_cost_usd": 0.13050600000000004
    }
}