{
    "fuzzy": 86.27787093631781,
    "n": 50,
    "cost_summary": {
        "total_input_tokens": 31731,
        "total_output_tokens": 1078482,
        "total_tokens": 1110213,
        "input_cost_usd": 0.0063462,
        "output_cost_usd": 1.2402543000000001,
        "total_cost_usd": 1.2466004999999996
    }
}