{
    "f1_micro": 0.8714146341463415,
    "f1_macro": 0.862851711026616,
    "micro_precision": 0.8239852398523986,
    "micro_recall": 0.9246376811594202,
    "total_instances": 263,
    "total_tp": 2233,
    "total_fp": 477,
    "total_fn": 182,
    "cost_summary": {
        "total_input_tokens": 706230,
        "total_output_tokens": 57317,
        "total_tokens": 763547,
        "input_cost_usd": 2.11869,
        "output_cost_usd": 0.8597549999999998,
        "total_cost_usd": 2.978445000000001
    }
}