{
    "fuzzy": 0.9089876225354613,
    "cost_summary": {
        "total_input_tokens": 27126,
        "total_output_tokens": 4429,
        "total_tokens": 31555,
        "input_cost_usd": 0.054251999999999995,
        "output_cost_usd": 0.026573999999999997,
        "total_cost_usd": 0.080826
    }
}