{
    "fuzzy": 92.3666016923913,
    "n": 50,
    "cost_summary": {
        "total_input_tokens": 33621,
        "total_output_tokens": 142220,
        "total_tokens": 175841,
        "input_cost_usd": 0.06724200000000001,
        "output_cost_usd": 1.1377599999999997,
        "total_cost_usd": 1.205002
    }
}