{
    "f1_micro": 0.46877774489493934,
    "f1_macro": 0.32532319391634984,
    "micro_precision": 0.8215767634854771,
    "micro_recall": 0.3279503105590062,
    "total_instances": 263,
    "total_tp": 792,
    "total_fp": 172,
    "total_fn": 1623,
    "cost_summary": {
        "total_input_tokens": 185513,
        "total_output_tokens": 55962,
        "total_tokens": 241475,
        "input_cost_usd": 0.3246477499999993,
        "output_cost_usd": 0.7834679999999998,
        "total_cost_usd": 1.1081157500000003
    }
}