{
    "fuzzy": 0.6665416511003212,
    "cost_summary": {
        "total_input_tokens": 6335,
        "total_output_tokens": 64904,
        "total_tokens": 71239,
        "input_cost_usd": 0.001267,
        "output_cost_usd": 0.07463959999999999,
        "total_cost_usd": 0.07590659999999999
    }
}