{
    "f1_micro": 0.47503782148260215,
    "f1_macro": 0.48733333333333334,
    "micro_precision": 0.47527749747729564,
    "micro_recall": 0.4747983870967742,
    "total_instances": 15,
    "total_tp": 471,
    "total_fp": 520,
    "total_fn": 521,
    "cost_summary": {
        "total_input_tokens": 41619,
        "total_output_tokens": 15899,
        "total_tokens": 57518,
        "input_cost_usd": 0.12485700000000002,
        "output_cost_usd": 0.23848499999999995,
        "total_cost_usd": 0.363342
    }
}