{
    "f1_micro": 0.3951029493600445,
    "f1_macro": 0.39666666666666667,
    "micro_precision": 0.4409937888198758,
    "micro_recall": 0.35786290322580644,
    "total_instances": 15,
    "total_tp": 355,
    "total_fp": 450,
    "total_fn": 637,
    "cost_summary": {
        "total_input_tokens": 23130,
        "total_output_tokens": 85999,
        "total_tokens": 109129,
        "input_cost_usd": 0.001157,
        "output_cost_usd": 0.0344,
        "total_cost_usd": 0.035556,
        "pricing_date": "2025-10-28",
        "input_price_per_million": 0.05,
        "output_price_per_million": 0.4
    }
}