{
    "fuzzy": 0.6991079946143347,
    "cost_summary": {
        "total_input_tokens": 93247,
        "total_output_tokens": 6141,
        "total_tokens": 99388,
        "input_cost_usd": 0.279741,
        "output_cost_usd": 0.09211500000000002,
        "total_cost_usd": 0.3718560000000001
    }
}