{
    "f1_micro": 0.22432113341204252,
    "f1_macro": 0.24400000000000002,
    "micro_precision": 0.2706552706552707,
    "micro_recall": 0.19153225806451613,
    "total_instances": 15,
    "total_tp": 190,
    "total_fp": 512,
    "total_fn": 802,
    "cost_summary": {
        "total_input_tokens": 40660,
        "total_output_tokens": 74891,
        "total_tokens": 115551,
        "input_cost_usd": 0.004066,
        "output_cost_usd": 0.01123365,
        "total_cost_usd": 0.015299649999999998
    }
}