{
    "fuzzy": 0.6692095011388903,
    "cost_summary": {
        "total_input_tokens": 1716,
        "total_output_tokens": 13236,
        "total_tokens": 14952,
        "input_cost_usd": 0.0005147999999999999,
        "output_cost_usd": 0.03309,
        "total_cost_usd": 0.0336048
    }
}