{
    "f1_micro": 0.6799830004249894,
    "f1_macro": 0.6708745247148289,
    "micro_precision": 0.706090026478376,
    "micro_recall": 0.6557377049180327,
    "total_instances": 263,
    "total_tp": 1600,
    "total_fp": 666,
    "total_fn": 840
}