{
    "f1_micro": 0.6485605649103748,
    "f1_macro": 0.6393916349809886,
    "micro_precision": 0.6728024042073629,
    "micro_recall": 0.6260048933939182,
    "total_instances": 263,
    "total_tp": 1791,
    "total_fp": 871,
    "total_fn": 1070
}