{
    "f1_micro": 0.6491387126019945,
    "f1_macro": 0.6397338403041825,
    "micro_precision": 0.6724267468069121,
    "micro_recall": 0.627409744128987,
    "total_instances": 263,
    "total_tp": 1790,
    "total_fp": 872,
    "total_fn": 1063
}