{
    "f1_micro": 0.7296943231441049,
    "f1_macro": 0.7179087452471483,
    "micro_precision": 0.771824480369515,
    "micro_recall": 0.6919254658385093,
    "total_instances": 263,
    "total_tp": 1671,
    "total_fp": 494,
    "total_fn": 744
}