{
    "f1_micro": 0.7013100436681223,
    "f1_macro": 0.689467680608365,
    "micro_precision": 0.7418013856812933,
    "micro_recall": 0.6650103519668737,
    "total_instances": 263,
    "total_tp": 1606,
    "total_fp": 559,
    "total_fn": 809
}