{
    "f1_micro": 0.7003924989097252,
    "f1_macro": 0.6886692015209126,
    "micro_precision": 0.7418013856812933,
    "micro_recall": 0.6633622470053697,
    "total_instances": 263,
    "total_tp": 1606,
    "total_fp": 559,
    "total_fn": 815
}