{
    "f1_micro": 0.6607636967349197,
    "f1_macro": 0.6514448669201521,
    "micro_precision": 0.6993361967981258,
    "micro_recall": 0.6262237762237762,
    "total_instances": 263,
    "total_tp": 1791,
    "total_fp": 770,
    "total_fn": 1069
}