{
    "f1_micro": 0.7008098052090173,
    "f1_macro": 0.6893916349809887,
    "micro_precision": 0.7394919168591224,
    "micro_recall": 0.6659733777038269,
    "total_instances": 263,
    "total_tp": 1601,
    "total_fp": 564,
    "total_fn": 803
}