{
    "fuzzy": 94.9457819040607,
    "n": 50,
    "cost_summary": {
        "total_input_tokens": 33664,
        "total_output_tokens": 28373,
        "total_tokens": 62037,
        "input_cost_usd": 0.058912000000000006,
        "output_cost_usd": 0.39722200000000013,
        "total_cost_usd": 0.4561340000000001
    }
}