{
    "f1_macro": 0.51,
    "f1_micro": 0.63,
    "cost_summary": {
        "total_input_tokens": 75845,
        "total_output_tokens": 1452,
        "total_tokens": 77297,
        "input_cost_usd": 0.13272875,
        "output_cost_usd": 0.020328000000000002,
        "total_cost_usd": 0.15305675
    }
}