{
    "f1_micro": 0.00860832137733142,
    "f1_macro": 0.0013114754098360656,
    "micro_precision": 0.044444444444444446,
    "micro_recall": 0.004765687053216839,
    "total_instances": 61,
    "total_tp": 12,
    "total_fp": 258,
    "total_fn": 2506,
    "cost_summary": {
        "total_input_tokens": 1854,
        "total_output_tokens": 5036,
        "total_tokens": 6890,
        "input_cost_usd": 0.0007416,
        "output_cost_usd": 0.010072,
        "total_cost_usd": 0.0108136
    }
}