{
    "fuzzy": 0.6605634521040449,
    "cost_summary": {
        "total_input_tokens": 15016,
        "total_output_tokens": 7551,
        "total_tokens": 22567,
        "input_cost_usd": 0.007508,
        "output_cost_usd": 0.0113265,
        "total_cost_usd": 0.0188345
    }
}