{
    "f1_macro": 0.61,
    "f1_micro": 0.56,
    "cost_summary": {
        "total_input_tokens": 79548,
        "total_output_tokens": 2525,
        "total_tokens": 82073,
        "input_cost_usd": 0.019886999999999995,
        "output_cost_usd": 0.003787500000000001,
        "total_cost_usd": 0.023674500000000005
    }
}