{
    "f1_micro": 0.8499899051080154,
    "f1_macro": 0.8419391634980988,
    "micro_precision": 0.8293932230102443,
    "micro_recall": 0.8716356107660456,
    "total_instances": 263,
    "total_tp": 2105,
    "total_fp": 433,
    "total_fn": 310,
    "cost_summary": {
        "total_input_tokens": 498059,
        "total_output_tokens": 42201,
        "total_tokens": 540260,
        "input_cost_usd": 0.8716032500000012,
        "output_cost_usd": 0.5908140000000002,
        "total_cost_usd": 1.4624172500000008
    }
}