{
    "f1": 0.0,
    "precision": 0.0,
    "recall": 0.0,
    "mean_iou": 0.0,
    "true_positives": 0,
    "false_positives": 122,
    "false_negatives": 126,
    "num_pages": 46,
    "cost_summary": {
        "total_input_tokens": 98808,
        "total_output_tokens": 4370,
        "total_tokens": 103178,
        "input_cost_usd": 1.4821199999999994,
        "output_cost_usd": 0.32775000000000004,
        "total_cost_usd": 1.8098700000000008
    }
}