{
    "fuzzy": 0.624560807345877,
    "cost_summary": {
        "total_input_tokens": 5832,
        "total_output_tokens": 10836,
        "total_tokens": 16668,
        "input_cost_usd": 0.011664,
        "output_cost_usd": 0.13003199999999998,
        "total_cost_usd": 0.141696
    }
}