{
    "fuzzy": 0.043549226288863416,
    "cost_summary": {
        "total_input_tokens": 4946,
        "total_output_tokens": 2931,
        "total_tokens": 7877,
        "input_cost_usd": 0.0024730000000000004,
        "output_cost_usd": 0.004396499999999999,
        "total_cost_usd": 0.0068695
    }
}