{
    "f1_micro": 0.4681064791562029,
    "f1_macro": 0.45466666666666666,
    "micro_precision": 0.46646646646646645,
    "micro_recall": 0.46975806451612906,
    "total_instances": 15,
    "total_tp": 466,
    "total_fp": 533,
    "total_fn": 526,
    "cost_summary": {
        "total_input_tokens": 28027,
        "total_output_tokens": 16977,
        "total_tokens": 45004,
        "input_cost_usd": 0.084081,
        "output_cost_usd": 0.254655,
        "total_cost_usd": 0.338736,
        "pricing_date": "2025-10-28",
        "input_price_per_million": 3.0,
        "output_price_per_million": 15.0
    }
}