{
    "f1": 0.048,
    "precision": 0.05,
    "recall": 0.046,
    "mean_iou": 0.055,
    "true_positives": 6,
    "false_positives": 32,
    "false_negatives": 120,
    "num_pages": 46,
    "cost_summary": {
        "total_input_tokens": 216568,
        "total_output_tokens": 3955,
        "total_tokens": 220523,
        "input_cost_usd": 0.43313599999999974,
        "output_cost_usd": 0.03954999999999999,
        "total_cost_usd": 0.4726860000000002
    }
}