{
    "fuzzy": 58.70927774357088,
    "n": 50,
    "cost_summary": {
        "total_input_tokens": 40325,
        "total_output_tokens": 44940,
        "total_tokens": 85265,
        "input_cost_usd": 0.0060487499999999994,
        "output_cost_usd": 0.006740999999999999,
        "total_cost_usd": 0.012789749999999997
    }
}