{
    "f1_micro": 0.45220030349013657,
    "f1_macro": 0.46,
    "micro_precision": 0.45380710659898477,
    "micro_recall": 0.45060483870967744,
    "total_instances": 15,
    "total_tp": 447,
    "total_fp": 538,
    "total_fn": 545,
    "cost_summary": {
        "total_input_tokens": 78968,
        "total_output_tokens": 17970,
        "total_tokens": 96938,
        "input_cost_usd": 0.39484000000000014,
        "output_cost_usd": 0.44925,
        "total_cost_usd": 0.8440900000000001
    }
}