{
    "f1_micro": 0.4959677419354839,
    "f1_macro": 0.5053333333333333,
    "micro_precision": 0.4959677419354839,
    "micro_recall": 0.4959677419354839,
    "total_instances": 15,
    "total_tp": 492,
    "total_fp": 500,
    "total_fn": 500,
    "cost_summary": {
        "total_input_tokens": 34963,
        "total_output_tokens": 13928,
        "total_tokens": 48891,
        "input_cost_usd": 0.06118524999999999,
        "output_cost_usd": 0.194992,
        "total_cost_usd": 0.25617725
    }
}