{
    "f1_macro": 0.46,
    "f1_micro": 0.47,
    "cost_summary": {
        "total_input_tokens": 382927,
        "total_output_tokens": 3170,
        "total_tokens": 386097,
        "input_cost_usd": 0.03829270000000002,
        "output_cost_usd": 0.001268,
        "total_cost_usd": 0.039560700000000004
    }
}