{
    "fuzzy": 94.74484567137566,
    "n": 50,
    "cost_summary": {
        "total_input_tokens": 33894,
        "total_output_tokens": 61670,
        "total_tokens": 95564,
        "input_cost_usd": 0.06778800000000001,
        "output_cost_usd": 0.49335999999999985,
        "total_cost_usd": 0.561148
    }
}