{
    "f1_macro": 0.56,
    "f1_micro": 0.52,
    "cost_summary": {
        "total_input_tokens": 156159,
        "total_output_tokens": 67053,
        "total_tokens": 223212,
        "input_cost_usd": 0.015615899999999997,
        "output_cost_usd": 0.01005795,
        "total_cost_usd": 0.02567385
    }
}