{
    "f1_micro": 0.8572004028197381,
    "f1_macro": 0.8498098859315589,
    "micro_precision": 0.8345098039215686,
    "micro_recall": 0.881159420289855,
    "total_instances": 263,
    "total_tp": 2128,
    "total_fp": 422,
    "total_fn": 287,
    "cost_summary": {
        "total_input_tokens": 185415,
        "total_output_tokens": 45117,
        "total_tokens": 230532,
        "input_cost_usd": 0.055625,
        "output_cost_usd": 0.112792,
        "total_cost_usd": 0.168417,
        "pricing_date": "2025-09-30",
        "input_price_per_million": 0.3,
        "output_price_per_million": 2.5
    }
}