{
    "f1_micro": 0.7577039274924471,
    "f1_macro": 0.7509125475285171,
    "micro_precision": 0.7376470588235294,
    "micro_recall": 0.7788819875776397,
    "total_instances": 263,
    "total_tp": 1881,
    "total_fp": 669,
    "total_fn": 534,
    "cost_summary": {
        "total_input_tokens": 185415,
        "total_output_tokens": 45117,
        "total_tokens": 230532,
        "input_cost_usd": 0.055625,
        "output_cost_usd": 0.112792,
        "total_cost_usd": 0.168417,
        "pricing_date": "2025-09-30",
        "input_price_per_million": 0.3,
        "output_price_per_million": 2.5
    }
}