{
    "f1_micro": 0.8566707971912432,
    "f1_macro": 0.8455893536121672,
    "micro_precision": 0.8545529460238979,
    "micro_recall": 0.8587991718426501,
    "total_instances": 263,
    "total_tp": 2074,
    "total_fp": 353,
    "total_fn": 341,
    "cost_summary": {
        "total_input_tokens": 468076,
        "total_output_tokens": 41331,
        "total_tokens": 509407,
        "input_cost_usd": 0.5850950000000005,
        "output_cost_usd": 0.10332750000000002,
        "total_cost_usd": 0.6884225000000002
    }
}