{
    "f1_macro": 0.5,
    "f1_micro": 0.57,
    "cost_summary": {
        "total_input_tokens": 102920,
        "total_output_tokens": 2418,
        "total_tokens": 105338,
        "input_cost_usd": 0.025729999999999992,
        "output_cost_usd": 0.004836,
        "total_cost_usd": 0.030566000000000006
    }
}