{
    "f1_macro": 0.45,
    "f1_micro": 0.52,
    "cost_summary": {
        "total_input_tokens": 17430,
        "total_output_tokens": 1729,
        "total_tokens": 19159,
        "input_cost_usd": 0.005228999999999998,
        "output_cost_usd": 0.004322500000000002,
        "total_cost_usd": 0.009551500000000001
    }
}