{
    "f1_macro": 0.59,
    "f1_micro": 0.54,
    "cost_summary": {
        "total_input_tokens": 72946,
        "total_output_tokens": 2024,
        "total_tokens": 74970,
        "input_cost_usd": 0.09118249999999997,
        "output_cost_usd": 0.020239999999999998,
        "total_cost_usd": 0.11142250000000001
    }
}