{
    "fuzzy": 0.9027698665295738,
    "cost_summary": {
        "total_input_tokens": 96512,
        "total_output_tokens": 5543,
        "total_tokens": 102055,
        "input_cost_usd": 0.03860480000000001,
        "output_cost_usd": 0.013303200000000003,
        "total_cost_usd": 0.05190799999999999
    }
}