{
    "f1_micro": 0.47931382441977793,
    "f1_macro": 0.47400000000000003,
    "micro_precision": 0.4797979797979798,
    "micro_recall": 0.4788306451612903,
    "total_instances": 15,
    "total_tp": 475,
    "total_fp": 515,
    "total_fn": 517,
    "cost_summary": {
        "total_input_tokens": 29878,
        "total_output_tokens": 8837,
        "total_tokens": 38715,
        "input_cost_usd": 0.05228650000000001,
        "output_cost_usd": 0.123718,
        "total_cost_usd": 0.1760045
    }
}