{
    "f1_micro": 0.8521199586349535,
    "f1_macro": 0.8494296577946768,
    "micro_precision": 0.840244731475187,
    "micro_recall": 0.8643356643356643,
    "total_instances": 263,
    "total_tp": 2472,
    "total_fp": 470,
    "total_fn": 388
}