{
    "f1_micro": 0.8972515856236787,
    "f1_macro": 0.8950570342205323,
    "micro_precision": 0.9166306695464362,
    "micro_recall": 0.8786749482401657,
    "total_instances": 263,
    "total_tp": 2122,
    "total_fp": 193,
    "total_fn": 293
}