{
    "f1_micro": 0.8743377834286925,
    "f1_macro": 0.8721673003802282,
    "micro_precision": 0.8911447084233262,
    "micro_recall": 0.858153078202995,
    "total_instances": 263,
    "total_tp": 2063,
    "total_fp": 252,
    "total_fn": 341
}