{
    "f1_micro": 0.8373983739837398,
    "f1_macro": 0.833574144486692,
    "micro_precision": 0.812356227407164,
    "micro_recall": 0.8640335547011534,
    "total_instances": 263,
    "total_tp": 2472,
    "total_fp": 571,
    "total_fn": 389
}