{
    "f1_micro": 0.8875264270613108,
    "f1_macro": 0.885893536121673,
    "micro_precision": 0.906695464362851,
    "micro_recall": 0.8691511387163561,
    "total_instances": 263,
    "total_tp": 2099,
    "total_fp": 216,
    "total_fn": 316
}