{
    "f1_micro": 0.8591924574707932,
    "f1_macro": 0.8579087452471482,
    "micro_precision": 0.8593685936859369,
    "micro_recall": 0.8590163934426229,
    "total_instances": 263,
    "total_tp": 2096,
    "total_fp": 343,
    "total_fn": 344
}