{
    "f1_micro": 0.8351424694708278,
    "f1_macro": 0.83106463878327,
    "micro_precision": 0.8090699967137693,
    "micro_recall": 0.8629512793550649,
    "total_instances": 263,
    "total_tp": 2462,
    "total_fp": 581,
    "total_fn": 391
}