{
    "f1_micro": 0.8800675675675675,
    "f1_macro": 0.8783269961977186,
    "micro_precision": 0.9002159827213823,
    "micro_recall": 0.8608013217678645,
    "total_instances": 263,
    "total_tp": 2084,
    "total_fp": 231,
    "total_fn": 337
}