{
    "f1_micro": 0.9255008753160863,
    "f1_macro": 0.8727868852459016,
    "micro_precision": 0.9300234558248631,
    "micro_recall": 0.9210220673635308,
    "total_instances": 61,
    "total_tp": 2379,
    "total_fp": 179,
    "total_fn": 204,
    "cost_summary": {
        "total_input_tokens": 243335,
        "total_output_tokens": 166399,
        "total_tokens": 409734,
        "input_cost_usd": 0.060833749999999964,
        "output_cost_usd": 0.33279799999999987,
        "total_cost_usd": 0.3936317499999999
    }
}