{
    "fuzzy": 0.8595852171460263,
    "cost_summary": {
        "total_input_tokens": 103227,
        "total_output_tokens": 13034,
        "total_tokens": 116261,
        "input_cost_usd": 0.5161350000000001,
        "output_cost_usd": 0.39102,
        "total_cost_usd": 0.9071549999999998
    }
}