{
    "f1_micro": 0.46209016393442626,
    "f1_macro": 0.452,
    "micro_precision": 0.46979166666666666,
    "micro_recall": 0.45463709677419356,
    "total_instances": 15,
    "total_tp": 451,
    "total_fp": 509,
    "total_fn": 541,
    "cost_summary": {
        "total_input_tokens": 39915,
        "total_output_tokens": 13648,
        "total_tokens": 53563,
        "input_cost_usd": 0.015966,
        "output_cost_usd": 0.027296,
        "total_cost_usd": 0.043261999999999995
    }
}