{
    "f1_macro": 0.6,
    "f1_micro": 0.55,
    "cost_summary": {
        "total_input_tokens": 72946,
        "total_output_tokens": 2004,
        "total_tokens": 74950,
        "input_cost_usd": 0.09118249999999997,
        "output_cost_usd": 0.020039999999999995,
        "total_cost_usd": 0.11122249999999999
    }
}