{
    "fuzzy": 0.838,
    "cer": 0.206,
    "cost_summary": {
        "total_input_tokens": 10884,
        "total_output_tokens": 24217,
        "total_tokens": 35101,
        "input_cost_usd": 0.002721,
        "output_cost_usd": 0.048434,
        "total_cost_usd": 0.051155000000000006
    }
}