{
    "f1_micro": 0.7782672540381792,
    "f1_macro": 0.7755133079847909,
    "micro_precision": 0.7886904761904762,
    "micro_recall": 0.7681159420289855,
    "total_instances": 263,
    "total_tp": 1855,
    "total_fp": 497,
    "total_fn": 560
}