{
    "f1_micro": 0.37425149700598803,
    "f1_macro": 0.36533333333333334,
    "micro_precision": 0.3705533596837945,
    "micro_recall": 0.3780241935483871,
    "total_instances": 15,
    "total_tp": 375,
    "total_fp": 637,
    "total_fn": 617,
    "cost_summary": {
        "total_input_tokens": 18780,
        "total_output_tokens": 8585,
        "total_tokens": 27365,
        "input_cost_usd": 0.046950000000000006,
        "output_cost_usd": 0.08585,
        "total_cost_usd": 0.1328
    }
}