{
    "f1_micro": 0.3980440097799511,
    "f1_macro": 0.396,
    "micro_precision": 0.3865147198480532,
    "micro_recall": 0.4102822580645161,
    "total_instances": 15,
    "total_tp": 407,
    "total_fp": 646,
    "total_fn": 585,
    "cost_summary": {
        "total_input_tokens": 16723,
        "total_output_tokens": 11515,
        "total_tokens": 28238,
        "input_cost_usd": 0.0083615,
        "output_cost_usd": 0.034545,
        "total_cost_usd": 0.0429065
    }
}