{
    "f1_micro": 0.17461113898645259,
    "f1_macro": 0.17933333333333332,
    "micro_precision": 0.17382617382617382,
    "micro_recall": 0.17540322580645162,
    "total_instances": 15,
    "total_tp": 174,
    "total_fp": 827,
    "total_fn": 818,
    "cost_summary": {
        "total_input_tokens": 27757,
        "total_output_tokens": 20565,
        "total_tokens": 48322,
        "input_cost_usd": 0.416355,
        "output_cost_usd": 1.542375,
        "total_cost_usd": 1.95873,
        "pricing_date": "2025-10-28",
        "input_price_per_million": 15.0,
        "output_price_per_million": 75.0
    }
}