{
    "fuzzy": 0.016369421468346697,
    "cost_summary": {
        "total_input_tokens": 5051,
        "total_output_tokens": 5924,
        "total_tokens": 10975,
        "input_cost_usd": 0.010102,
        "output_cost_usd": 0.035544,
        "total_cost_usd": 0.045646000000000006
    }
}