{
    "f1_macro": 0.56,
    "f1_micro": 0.57,
    "cost_summary": {
        "total_input_tokens": 47657,
        "total_output_tokens": 4218,
        "total_tokens": 51875,
        "input_cost_usd": 0.006195409999999999,
        "output_cost_usd": 0.00160284,
        "total_cost_usd": 0.0077982500000000005
    }
}