{
    "fuzzy": 75.65268035746055,
    "n": 50,
    "cost_summary": {
        "total_input_tokens": 40325,
        "total_output_tokens": 32775,
        "total_tokens": 73100,
        "input_cost_usd": 0.020162499999999996,
        "output_cost_usd": 0.0163875,
        "total_cost_usd": 0.03655
    }
}