{
    "f1_micro": 0.7093159000700444,
    "f1_macro": 0.6081368821292775,
    "micro_precision": 0.813169164882227,
    "micro_recall": 0.6289855072463768,
    "total_instances": 263,
    "total_tp": 1519,
    "total_fp": 349,
    "total_fn": 896,
    "cost_summary": {
        "total_input_tokens": 482478,
        "total_output_tokens": 176693,
        "total_tokens": 659171,
        "input_cost_usd": 0.0,
        "output_cost_usd": 0.0,
        "total_cost_usd": 0.07862267
    }
}