{
    "f1_micro": 0.8934639216470118,
    "f1_macro": 0.8357377049180328,
    "micro_precision": 0.8993963782696177,
    "micro_recall": 0.8876092136616363,
    "total_instances": 61,
    "total_tp": 2235,
    "total_fp": 250,
    "total_fn": 283,
    "cost_summary": {
        "total_input_tokens": 221186,
        "total_output_tokens": 68118,
        "total_tokens": 289304,
        "input_cost_usd": 0.016588949999999998,
        "output_cost_usd": 0.020435400000000006,
        "total_cost_usd": 0.037024350000000004
    }
}