{
    "total_input_tokens": 31047256,
    "total_output_tokens": 6685307,
    "total_tokens": 37732563,
    "input_cost_usd": 64.503884,
    "output_cost_usd": 48.32388399999999,
    "total_cost_usd": 112.82777300000002,
    "by_date": {
        "2025-09-30": {
            "total_input_tokens": 17102251,
            "total_output_tokens": 1625024,
            "total_tokens": 18727275,
            "input_cost_usd": 25.375071999999992,
            "output_cost_usd": 15.428913000000001,
            "total_cost_usd": 40.80398899999998,
            "benchmarks": [
                "T0001",
                "T0002",
                "T0003",
                "T0004",
                "T0005",
                "T0006",
                "T0007",
                "T0008",
                "T0009",
                "T0010",
                "T0012",
                "T0013",
                "T0017",
                "T0018",
                "T0020",
                "T0023",
                "T0024",
                "T0025",
                "T0027",
                "T0031",
                "T0033",
                "T0035",
                "T0036",
                "T0038",
                "T0039",
                "T0042",
                "T0043",
                "T0044",
                "T0045",
                "T0052",
                "T0053",
                "T0056",
                "T0057",
                "T0060",
                "T0061",
                "T0062",
                "T0063",
                "T0066",
                "T0067",
                "T0068",
                "T0069",
                "T0070",
                "T0071",
                "T0072",
                "T0073",
                "T0074",
                "T0075",
                "T0076",
                "T0077",
                "T0078",
                "T0079",
                "T0082",
                "T0083",
                "T0084",
                "T0085",
                "T0086",
                "T0090",
                "T0092",
                "T0093",
                "T0094",
                "T0095",
                "T0098",
                "T0099",
                "T0100",
                "T0101",
                "T0102",
                "T0103",
                "T0104",
                "T0105",
                "T0106",
                "T0107",
                "T0108",
                "T0109",
                "T0110",
                "T0111",
                "T0112",
                "T0113",
                "T0114",
                "T0115",
                "T0116",
                "T0117",
                "T0118",
                "T0119",
                "T0120",
                "T0121",
                "T0122",
                "T0123",
                "T0124",
                "T0125",
                "T0126",
                "T0127",
                "T0128",
                "T0129",
                "T0130",
                "T0131",
                "T0132",
                "T0133",
                "T0160",
                "T0193",
                "T0194",
                "T0195",
                "T0196",
                "T0197",
                "T0198",
                "T0199",
                "T0200",
                "T0230"
            ]
        },
        "2025-10-01": {
            "total_input_tokens": 12904276,
            "total_output_tokens": 4974456,
            "total_tokens": 17878732,
            "input_cost_usd": 38.88836500000001,
            "output_cost_usd": 32.78880199999999,
            "total_cost_usd": 71.67716800000004,
            "benchmarks": [
                "T0129",
                "T0130",
                "T0131",
                "T0132",
                "T0133",
                "T0134",
                "T0135",
                "T0136",
                "T0137",
                "T0138",
                "T0139",
                "T0140",
                "T0141",
                "T0143",
                "T0144",
                "T0145",
                "T0146",
                "T0147",
                "T0148",
                "T0151",
                "T0152",
                "T0155",
                "T0159",
                "T0160",
                "T0165",
                "T0166",
                "T0167",
                "T0168",
                "T0169",
                "T0170",
                "T0171",
                "T0172",
                "T0173",
                "T0174",
                "T0175",
                "T0176",
                "T0177",
                "T0178",
                "T0179",
                "T0180",
                "T0181",
                "T0182",
                "T0183",
                "T0184",
                "T0185",
                "T0186",
                "T0187",
                "T0188",
                "T0189",
                "T0190",
                "T0191",
                "T0192",
                "T0201",
                "T0202",
                "T0203",
                "T0204",
                "T0205",
                "T0206",
                "T0207",
                "T0208",
                "T0209",
                "T0210",
                "T0211",
                "T0212",
                "T0213",
                "T0214",
                "T0215",
                "T0216",
                "T0217",
                "T0218",
                "T0219",
                "T0220",
                "T0221",
                "T0222",
                "T0223",
                "T0224",
                "T0225",
                "T0226",
                "T0227",
                "T0228",
                "T0229"
            ]
        },
        "2025-10-02": {
            "total_input_tokens": 1040729,
            "total_output_tokens": 85827,
            "total_tokens": 1126556,
            "input_cost_usd": 0.240447,
            "output_cost_usd": 0.106169,
            "total_cost_usd": 0.346616,
            "benchmarks": [
                "T0161",
                "T0162"
            ]
        }
    },
    "by_provider": {
        "openai": {
            "total_input_tokens": 16323685,
            "total_output_tokens": 4098088,
            "total_tokens": 20421773,
            "input_cost_usd": 7.645519999999999,
            "output_cost_usd": 19.578367999999998,
            "total_cost_usd": 27.223892,
            "benchmark_count": 63
        },
        "genai": {
            "total_input_tokens": 3052230,
            "total_output_tokens": 1614973,
            "total_tokens": 4667203,
            "input_cost_usd": 0.7196140000000001,
            "output_cost_usd": 2.0037520000000004,
            "total_cost_usd": 2.723367,
            "benchmark_count": 53
        },
        "anthropic": {
            "total_input_tokens": 6293860,
            "total_output_tokens": 620007,
            "total_tokens": 6913867,
            "input_cost_usd": 50.648160000000004,
            "output_cost_usd": 25.558785000000007,
            "total_cost_usd": 76.206945,
            "benchmark_count": 44
        },
        "mistral": {
            "total_input_tokens": 5377481,
            "total_output_tokens": 352239,
            "total_tokens": 5729720,
            "input_cost_usd": 5.490589999999999,
            "output_cost_usd": 1.1829790000000002,
            "total_cost_usd": 6.6735690000000005,
            "benchmark_count": 30
        }
    },
    "by_model": {
        "openai/gpt-4o": {
            "total_input_tokens": 626870,
            "total_output_tokens": 50637,
            "total_tokens": 677507,
            "input_cost_usd": 1.567174,
            "output_cost_usd": 0.50637,
            "total_cost_usd": 2.073544,
            "benchmark_count": 8
        },
        "genai/gemini-2.0-flash": {
            "total_input_tokens": 830262,
            "total_output_tokens": 75366,
            "total_tokens": 905628,
            "input_cost_usd": 0.083026,
            "output_cost_usd": 0.030147,
            "total_cost_usd": 0.113173,