{
    "f1_micro": 0.5335570469798657,
    "f1_macro": 0.3860836501901141,
    "micro_precision": 0.8217054263565892,
    "micro_recall": 0.3950310559006211,
    "total_instances": 263,
    "total_tp": 954,
    "total_fp": 207,
    "total_fn": 1461,
    "cost_summary": {
        "total_input_tokens": 219964,
        "total_output_tokens": 22189,
        "total_tokens": 242153,
        "input_cost_usd": 0.021996400000000013,
        "output_cost_usd": 0.008875599999999997,
        "total_cost_usd": 0.030872000000000007
    }
}