{
    "f1_micro": 0.5303030303030303,
    "f1_macro": 0.538,
    "micro_precision": 0.5313765182186235,
    "micro_recall": 0.5292338709677419,
    "total_instances": 15,
    "total_tp": 525,
    "total_fp": 463,
    "total_fn": 467,
    "cost_summary": {
        "total_input_tokens": 46711,
        "total_output_tokens": 63434,
        "total_tokens": 110145,
        "input_cost_usd": 0.015181075,
        "output_cost_usd": 0.12369629999999998,
        "total_cost_usd": 0.138877375
    }
}