{
    "f1_macro": 0.49,
    "f1_micro": 0.58,
    "cost_summary": {
        "total_input_tokens": 74080,
        "total_output_tokens": 1483,
        "total_tokens": 75563,
        "input_cost_usd": 0.12964000000000006,
        "output_cost_usd": 0.020761999999999996,
        "total_cost_usd": 0.150402
    }
}