{
    "f1_macro": 0.53,
    "f1_micro": 0.62,
    "cost_summary": {
        "total_input_tokens": 103320,
        "total_output_tokens": 83353,
        "total_tokens": 186673,
        "input_cost_usd": 0.033579000000000005,
        "output_cost_usd": 0.16253835,
        "total_cost_usd": 0.19611735000000002
    }
}