{
    "f1_macro": 0.74,
    "f1_micro": 0.83,
    "cost_summary": {
        "total_input_tokens": 99045,
        "total_output_tokens": 1244,
        "total_tokens": 100289,
        "input_cost_usd": 0.12380624999999995,
        "output_cost_usd": 0.003110000000000001,
        "total_cost_usd": 0.12691625
    }
}