{
    "f1_micro": 0.8279742765273311,
    "f1_macro": 0.8230798479087452,
    "micro_precision": 0.8043732916829364,
    "micro_recall": 0.8530020703933747,
    "total_instances": 263,
    "total_tp": 2060,
    "total_fp": 501,
    "total_fn": 355,
    "cost_summary": {
        "total_input_tokens": 524234,
        "total_output_tokens": 44969,
        "total_tokens": 569203,
        "input_cost_usd": 0.7863510000000031,
        "output_cost_usd": 0.33726750000000033,
        "total_cost_usd": 1.1236184999999996
    }
}