{
    "fuzzy": 0.9499479874025267,
    "cost_summary": {
        "total_input_tokens": 17457,
        "total_output_tokens": 5459,
        "total_tokens": 22916,
        "input_cost_usd": 0.0052371000000000015,
        "output_cost_usd": 0.013647500000000002,
        "total_cost_usd": 0.018884599999999994
    }
}