{
    "f1_macro": 0.5,
    "f1_micro": 0.57,
    "cost_summary": {
        "total_input_tokens": 17430,
        "total_output_tokens": 1585,
        "total_tokens": 19015,
        "input_cost_usd": 0.005228999999999998,
        "output_cost_usd": 0.0039625,
        "total_cost_usd": 0.0091915
    }
}