{
    "fuzzy": 0.31239721319199143,
    "cost_summary": {
        "total_input_tokens": 22656,
        "total_output_tokens": 1317,
        "total_tokens": 23973,
        "input_cost_usd": 0.0090624,
        "output_cost_usd": 0.002634,
        "total_cost_usd": 0.0116964
    }
}