{
    "fuzzy": 0.538,
    "cer": 0.516,
    "cost_summary": {
        "total_input_tokens": 51114,
        "total_output_tokens": 2160,
        "total_tokens": 53274,
        "input_cost_usd": 0.0051113999999999995,
        "output_cost_usd": 0.0008640000000000001,
        "total_cost_usd": 0.0059754000000000005
    }
}