{
    "f1_micro": 0.6761076269471982,
    "f1_macro": 0.6690874524714829,
    "micro_precision": 0.660996835443038,
    "micro_recall": 0.6919254658385093,
    "total_instances": 263,
    "total_tp": 1671,
    "total_fp": 857,
    "total_fn": 744,
    "cost_summary": {
        "total_input_tokens": 561580,
        "total_output_tokens": 69058,
        "total_tokens": 630638,
        "input_cost_usd": 8.4237,
        "output_cost_usd": 5.17935,
        "total_cost_usd": 13.60305,
        "pricing_date": "2025-10-01",
        "input_price_per_million": 15.0,
        "output_price_per_million": 75.0
    }
}