{
    "f1_micro": 0.5136226034308778,
    "f1_macro": 0.5246666666666667,
    "micro_precision": 0.5141414141414141,
    "micro_recall": 0.5131048387096774,
    "total_instances": 15,
    "total_tp": 509,
    "total_fp": 481,
    "total_fn": 483,
    "cost_summary": {
        "total_input_tokens": 46771,
        "total_output_tokens": 31743,
        "total_tokens": 78514,
        "input_cost_usd": 0.0187084,
        "output_cost_usd": 0.050788799999999995,
        "total_cost_usd": 0.06949720000000001
    }
}