{
    "f1": 0.885,
    "precision": 0.901,
    "recall": 0.879,
    "mean_iou": 0.723,
    "true_positives": 103,
    "false_positives": 19,
    "false_negatives": 23,
    "num_pages": 46,
    "cost_summary": {
        "total_input_tokens": 90436,
        "total_output_tokens": 2262,
        "total_tokens": 92698,
        "input_cost_usd": 0.1582630000000001,
        "output_cost_usd": 0.03166800000000001,
        "total_cost_usd": 0.18993100000000002
    }
}