{
    "f1_micro": 0.5583038869257951,
    "f1_macro": 0.5493333333333333,
    "micro_precision": 0.5591506572295247,
    "micro_recall": 0.5574596774193549,
    "total_instances": 15,
    "total_tp": 553,
    "total_fp": 436,
    "total_fn": 439,
    "cost_summary": {
        "total_input_tokens": 48342,
        "total_output_tokens": 8992,
        "total_tokens": 57334,
        "input_cost_usd": 0.12085499999999999,
        "output_cost_usd": 0.13488,
        "total_cost_usd": 0.255735
    }
}