{
    "f1_micro": 0.6718243972652034,
    "f1_macro": 0.6249809885931559,
    "micro_precision": 0.6902033271719039,
    "micro_recall": 0.6543988783736417,
    "total_instances": 263,
    "total_tp": 1867,
    "total_fp": 838,
    "total_fn": 986
}