{
    "f1_micro": 0.6903353057199211,
    "f1_macro": 0.6485171102661597,
    "micro_precision": 0.7332402234636871,
    "micro_recall": 0.6521739130434783,
    "total_instances": 263,
    "total_tp": 1575,
    "total_fp": 573,
    "total_fn": 840
}