{
    "f1_micro": 0.6730523627075352,
    "f1_macro": 0.6323954372623574,
    "micro_precision": 0.7001771479185119,
    "micro_recall": 0.6479508196721312,
    "total_instances": 263,
    "total_tp": 1581,
    "total_fp": 677,
    "total_fn": 859
}