{
    "f1_micro": 0.6894287590282339,
    "f1_macro": 0.6479847908745247,
    "micro_precision": 0.7332402234636871,
    "micro_recall": 0.6505576208178439,
    "total_instances": 263,
    "total_tp": 1575,
    "total_fp": 573,
    "total_fn": 846
}