{
    "f1_micro": 0.6837014053659428,
    "f1_macro": 0.6366539923954373,
    "micro_precision": 0.7151584574264986,
    "micro_recall": 0.6548951048951049,
    "total_instances": 263,
    "total_tp": 1873,
    "total_fp": 746,
    "total_fn": 987
}