{
    "f1_micro": 0.7017313171159325,
    "f1_macro": 0.6589733840304183,
    "micro_precision": 0.7453445065176909,
    "micro_recall": 0.6629399585921325,
    "total_instances": 263,
    "total_tp": 1601,
    "total_fp": 547,
    "total_fn": 814
}