{
    "f1_micro": 0.6858523725834799,
    "f1_macro": 0.6434220532319391,
    "micro_precision": 0.7267225325884544,
    "micro_recall": 0.6493344425956739,
    "total_instances": 263,
    "total_tp": 1561,
    "total_fp": 587,
    "total_fn": 843
}