{
    "f1_micro": 0.6730147323032698,
    "f1_macro": 0.626083650190114,
    "micro_precision": 0.6924214417744917,
    "micro_recall": 0.6546662006291506,
    "total_instances": 263,
    "total_tp": 1873,
    "total_fp": 832,
    "total_fn": 988
}