{
    "fuzzy": 0.0,
    "cost_summary": {
        "total_input_tokens": 26884,
        "total_output_tokens": 10446,
        "total_tokens": 37330,
        "input_cost_usd": 0.053767999999999996,
        "output_cost_usd": 0.10446,
        "total_cost_usd": 0.15822799999999998
    }
}