{
    "fuzzy": 0.026,
    "cer": 0.988,
    "cost_summary": {
        "total_input_tokens": 8315,
        "total_output_tokens": 56433,
        "total_tokens": 64748,
        "input_cost_usd": 0.024945000000000002,
        "output_cost_usd": 0.8464950000000001,
        "total_cost_usd": 0.87144
    }
}