{
    "f1_micro": 0.8854606931530009,
    "f1_macro": 0.8826615969581748,
    "micro_precision": 0.8999140893470791,
    "micro_recall": 0.8714642262895175,
    "total_instances": 263,
    "total_tp": 2095,
    "total_fp": 233,
    "total_fn": 309
}