{
    "f1_micro": 0.8772373131185512,
    "f1_macro": 0.8749809885931559,
    "micro_precision": 0.8947594501718213,
    "micro_recall": 0.8603882693102024,
    "total_instances": 263,
    "total_tp": 2083,
    "total_fp": 245,
    "total_fn": 338
}