{
    "f1_micro": 0.877645844088797,
    "f1_macro": 0.8727376425855513,
    "micro_precision": 0.8641138597085734,
    "micro_recall": 0.8916083916083916,
    "total_instances": 263,
    "total_tp": 2550,
    "total_fp": 401,
    "total_fn": 310
}