{
    "f1_micro": 0.858255715495343,
    "f1_macro": 0.8523574144486692,
    "micro_precision": 0.8302752293577982,
    "micro_recall": 0.8881878724150017,
    "total_instances": 263,
    "total_tp": 2534,
    "total_fp": 518,
    "total_fn": 319
}