{
    "f1_micro": 0.8767569769810553,
    "f1_macro": 0.8736501901140685,
    "micro_precision": 0.871607938436614,
    "micro_recall": 0.8819672131147541,
    "total_instances": 263,
    "total_tp": 2152,
    "total_fp": 317,
    "total_fn": 288
}