{
    "f1_micro": 0.8960573476702509,
    "f1_macro": 0.8936121673003803,
    "micro_precision": 0.9128006872852233,
    "micro_recall": 0.8799171842650103,
    "total_instances": 263,
    "total_tp": 2125,
    "total_fp": 203,
    "total_fn": 290
}