{
    "f1_micro": 0.8867805186590766,
    "f1_macro": 0.8848288973384031,
    "micro_precision": 0.9033505154639175,
    "micro_recall": 0.8708074534161491,
    "total_instances": 263,
    "total_tp": 2103,
    "total_fp": 225,
    "total_fn": 312
}