{
    "f1_micro": 0.8625063419583968,
    "f1_macro": 0.8567680608365019,
    "micro_precision": 0.8355176933158585,
    "micro_recall": 0.8912967493883258,
    "total_instances": 263,
    "total_tp": 2550,
    "total_fp": 502,
    "total_fn": 311
}