{
    "f1_macro": 0.51,
    "f1_micro": 0.5,
    "cost_summary": {
        "total_input_tokens": 98997,
        "total_output_tokens": 5013,
        "total_tokens": 104010,
        "input_cost_usd": 0.009899699999999994,
        "output_cost_usd": 0.0020052000000000004,
        "total_cost_usd": 0.011904900000000005
    }
}