{
    "f1_micro": 0.9099249374478732,
    "f1_macro": 0.8091803278688524,
    "micro_precision": 0.9578577699736611,
    "micro_recall": 0.8665607625099285,
    "total_instances": 61,
    "total_tp": 2182,
    "total_fp": 96,
    "total_fn": 336,
    "cost_summary": {
        "total_input_tokens": 129475,
        "total_output_tokens": 53830,
        "total_tokens": 183305,
        "input_cost_usd": 0.03236875000000001,
        "output_cost_usd": 0.08074499999999998,
        "total_cost_usd": 0.11311374999999999
    }
}