{
    "fuzzy": 0.729,
    "cer": 0.283,
    "cost_summary": {
        "total_input_tokens": 39589,
        "total_output_tokens": 44021,
        "total_tokens": 83610,
        "input_cost_usd": 0.015439709999999997,
        "output_cost_usd": 0.10300914000000001,
        "total_cost_usd": 0.11844885
    }
}