{
    "fuzzy": 0.9088672235234978,
    "cost_summary": {
        "total_input_tokens": 96512,
        "total_output_tokens": 5367,
        "total_tokens": 101879,
        "input_cost_usd": 0.024127999999999986,
        "output_cost_usd": 0.010733999999999997,
        "total_cost_usd": 0.034862000000000004
    }
}