{
    "f1_macro": 0.27,
    "f1_micro": 0.24,
    "cost_summary": {
        "total_input_tokens": 32094,
        "total_output_tokens": 1888,
        "total_tokens": 33982,
        "input_cost_usd": 0.064188,
        "output_cost_usd": 0.011327999999999998,
        "total_cost_usd": 0.07551600000000001
    }
}