{
    "f1_micro": 0.6748292912644219,
    "f1_macro": 0.6232699619771863,
    "micro_precision": 0.7822052401746725,
    "micro_recall": 0.5933747412008281,
    "total_instances": 263,
    "total_tp": 1433,
    "total_fp": 399,
    "total_fn": 982,
    "cost_summary": {
        "total_input_tokens": 390864,
        "total_output_tokens": 819940,
        "total_tokens": 1210804,
        "input_cost_usd": 0.05863,
        "output_cost_usd": 0.491964,
        "total_cost_usd": 0.550594,
        "pricing_date": "2025-10-17",
        "input_price_per_million": 0.15,
        "output_price_per_million": 0.6
    }
}