{
    "f1_micro": 0.47992067426871593,
    "f1_macro": 0.4826666666666667,
    "micro_precision": 0.4721951219512195,
    "micro_recall": 0.4879032258064516,
    "total_instances": 15,
    "total_tp": 484,
    "total_fp": 541,
    "total_fn": 508,
    "cost_summary": {
        "total_input_tokens": 4275,
        "total_output_tokens": 12268,
        "total_tokens": 16543,
        "input_cost_usd": 0.0012825,
        "output_cost_usd": 0.030670000000000003,
        "total_cost_usd": 0.0319525
    }
}