{
    "fuzzy": 0.791,
    "cer": 0.228,
    "cost_summary": {
        "total_input_tokens": 36276,
        "total_output_tokens": 2359,
        "total_tokens": 38635,
        "input_cost_usd": 0.014510400000000005,
        "output_cost_usd": 0.0037744000000000007,
        "total_cost_usd": 0.018284800000000004
    }
}