{
    "f1_micro": 0.8885782747603834,
    "f1_macro": 0.8809125475285171,
    "micro_precision": 0.8580794446586965,
    "micro_recall": 0.9213250517598344,
    "total_instances": 263,
    "total_tp": 2225,
    "total_fp": 368,
    "total_fn": 190,
    "cost_summary": {
        "total_input_tokens": 406240,
        "total_output_tokens": 47779,
        "total_tokens": 454019,
        "input_cost_usd": 0.10155999999999975,
        "output_cost_usd": 0.07166850000000002,
        "total_cost_usd": 0.1732285
    }
}