{
    "f1_micro": 0.7092690894242547,
    "f1_macro": 0.7045627376425856,
    "micro_precision": 0.6995569875151026,
    "micro_recall": 0.7192546583850932,
    "total_instances": 263,
    "total_tp": 1737,
    "total_fp": 746,
    "total_fn": 678,
    "cost_summary": {
        "total_input_tokens": 434613,
        "total_output_tokens": 807745,
        "total_tokens": 1242358,
        "input_cost_usd": 0.021731,
        "output_cost_usd": 0.323098,
        "total_cost_usd": 0.344829,
        "pricing_date": "2025-10-01",
        "input_price_per_million": 0.05,
        "output_price_per_million": 0.4
    }
}