{
    "f1_micro": 0.7705185790118416,
    "f1_macro": 0.7659315589353612,
    "micro_precision": 0.7599677809101892,
    "micro_recall": 0.7813664596273292,
    "total_instances": 263,
    "total_tp": 1887,
    "total_fp": 596,
    "total_fn": 528,
    "cost_summary": {
        "total_input_tokens": 434613,
        "total_output_tokens": 807745,
        "total_tokens": 1242358,
        "input_cost_usd": 0.021731,
        "output_cost_usd": 0.323098,
        "total_cost_usd": 0.344829,
        "pricing_date": "2025-10-01",
        "input_price_per_million": 0.05,
        "output_price_per_million": 0.4
    }
}