{
    "f1_micro": 0.47104247104247093,
    "f1_macro": 0.20426229508196722,
    "micro_precision": 0.934040047114252,
    "micro_recall": 0.3149324861000794,
    "total_instances": 61,
    "total_tp": 793,
    "total_fp": 56,
    "total_fn": 1725,
    "cost_summary": {
        "total_input_tokens": 56322,
        "total_output_tokens": 19226,
        "total_tokens": 75548,
        "input_cost_usd": 0.0056322,
        "output_cost_usd": 0.0057678,
        "total_cost_usd": 0.0114
    }
}