{
    "f1_macro": 0.0,
    "f1_micro": 0.0,
    "cost_summary": {
        "total_input_tokens": 33345,
        "total_output_tokens": 2508,
        "total_tokens": 35853,
        "input_cost_usd": 0.06668999999999996,
        "output_cost_usd": 0.01253999999999999,
        "total_cost_usd": 0.07923000000000006
    }
}