{
    "fuzzy": 0.9579943912140354,
    "cost_summary": {
        "total_input_tokens": 93280,
        "total_output_tokens": 6391,
        "total_tokens": 99671,
        "input_cost_usd": 0.4664000000000003,
        "output_cost_usd": 0.159775,
        "total_cost_usd": 0.626175
    }
}