{
    "f1_micro": 0.5030303030303032,
    "f1_macro": 0.5113333333333333,
    "micro_precision": 0.5040485829959515,
    "micro_recall": 0.5020161290322581,
    "total_instances": 15,
    "total_tp": 498,
    "total_fp": 490,
    "total_fn": 494,
    "cost_summary": {
        "total_input_tokens": 46456,
        "total_output_tokens": 15854,
        "total_tokens": 62310,
        "input_cost_usd": 0.0278736,
        "output_cost_usd": 0.0570744,
        "total_cost_usd": 0.084948
    }
}