{
    "f1_micro": 0.48689516129032256,
    "f1_macro": 0.4906666666666667,
    "micro_precision": 0.48689516129032256,
    "micro_recall": 0.48689516129032256,
    "total_instances": 15,
    "total_tp": 483,
    "total_fp": 509,
    "total_fn": 509,
    "cost_summary": {
        "total_input_tokens": 41604,
        "total_output_tokens": 17305,
        "total_tokens": 58909,
        "input_cost_usd": 0.04160399999999999,
        "output_cost_usd": 0.08652499999999999,
        "total_cost_usd": 0.128129
    }
}