{
    "fuzzy": 0.94,
    "cer": 0.078,
    "cost_summary": {
        "total_input_tokens": 3925,
        "total_output_tokens": 10387,
        "total_tokens": 14312,
        "input_cost_usd": 0.0011775,
        "output_cost_usd": 0.025967499999999998,
        "total_cost_usd": 0.027144999999999996
    }
}