{
    "f1_macro": 0.57,
    "f1_micro": 0.53,
    "cost_summary": {
        "total_input_tokens": 127000,
        "total_output_tokens": 31815,
        "total_tokens": 158815,
        "input_cost_usd": 0.03174999999999999,
        "output_cost_usd": 0.06362999999999999,
        "total_cost_usd": 0.09538
    }
}