{
    "fuzzy": 56.6073118189298,
    "n": 50,
    "cost_summary": {
        "total_input_tokens": 29099,
        "total_output_tokens": 17486,
        "total_tokens": 46585,
        "input_cost_usd": 0.002327919999999999,
        "output_cost_usd": 0.0052458,
        "total_cost_usd": 0.007573719999999999
    }
}