{
    "f1_macro": 0.5504017310853989,
    "f1_micro": 0.5684210526315788
}