{
    "f1_micro": 0.0,
    "f1_macro": 0.0,
    "micro_precision": 0.0,
    "micro_recall": 0.0,
    "total_instances": 263,
    "total_tp": 0,
    "total_fp": 0,
    "total_fn": 2415,
    "cost_summary": {
        "total_input_tokens": 314548,
        "total_output_tokens": 24722,
        "total_tokens": 339270,
        "input_cost_usd": 0.15727399999999955,
        "output_cost_usd": 0.03708299999999998,
        "total_cost_usd": 0.1943569999999992
    }
}