{
    "fuzzy": 0.734,
    "cer": 0.289,
    "cost_summary": {
        "total_input_tokens": 39659,
        "total_output_tokens": 18792,
        "total_tokens": 58451,
        "input_cost_usd": 0.01031134,
        "output_cost_usd": 0.029315520000000005,
        "total_cost_usd": 0.03962686000000001
    }
}