{
    "f1_micro": 0.5597110072248195,
    "f1_macro": 0.5718032786885247,
    "micro_precision": 0.6019195612431444,
    "micro_recall": 0.5230341540905481,
    "total_instances": 61,
    "total_tp": 1317,
    "total_fp": 871,
    "total_fn": 1201,
    "cost_summary": {
        "total_input_tokens": 195993,
        "total_output_tokens": 265259,
        "total_tokens": 461252,
        "input_cost_usd": 0.0,
        "output_cost_usd": 0.0,
        "total_cost_usd": 0.0
    }
}