{
    "fuzzy": 0.715513093933812,
    "cost_summary": {
        "total_input_tokens": 18111,
        "total_output_tokens": 15203,
        "total_tokens": 33314,
        "input_cost_usd": 0.090555,
        "output_cost_usd": 0.45609,
        "total_cost_usd": 0.546645
    }
}