{
    "f1_micro": 0.817783343769568,
    "f1_macro": 0.8050570342205323,
    "micro_precision": 0.8244949494949495,
    "micro_recall": 0.8111801242236025,
    "total_instances": 263,
    "total_tp": 1959,
    "total_fp": 417,
    "total_fn": 456,
    "cost_summary": {
        "total_input_tokens": 676699,
        "total_output_tokens": 46398,
        "total_tokens": 723097,
        "input_cost_usd": 0.0676699000000002,
        "output_cost_usd": 0.018559199999999984,
        "total_cost_usd": 0.08622910000000006
    }
}