{
    "fuzzy": 0.948,
    "cer": 0.06,
    "cost_summary": {
        "total_input_tokens": 3925,
        "total_output_tokens": 9892,
        "total_tokens": 13817,
        "input_cost_usd": 0.004906249999999999,
        "output_cost_usd": 0.09892,
        "total_cost_usd": 0.10382625000000001
    }
}