{
    "f1_micro": 0.44433094994892747,
    "f1_macro": 0.422,
    "micro_precision": 0.4503105590062112,
    "micro_recall": 0.43850806451612906,
    "total_instances": 15,
    "total_tp": 435,
    "total_fp": 531,
    "total_fn": 557,
    "cost_summary": {
        "total_input_tokens": 24480,
        "total_output_tokens": 9068,
        "total_tokens": 33548,
        "input_cost_usd": 0.009792,
        "output_cost_usd": 0.014509,
        "total_cost_usd": 0.024301,
        "pricing_date": "2025-10-28",
        "input_price_per_million": 0.4,
        "output_price_per_million": 1.6
    }
}