{
    "f1_micro": 0.9666534339023423,
    "f1_macro": 0.9124590163934425,
    "micro_precision": 0.9662698412698413,
    "micro_recall": 0.9670373312152502,
    "total_instances": 61,
    "total_tp": 2435,
    "total_fp": 85,
    "total_fn": 83,
    "cost_summary": {
        "total_input_tokens": 264893,
        "total_output_tokens": 61065,
        "total_tokens": 325958,
        "input_cost_usd": 0.1589357999999999,
        "output_cost_usd": 0.21983400000000003,
        "total_cost_usd": 0.37876979999999993
    }
}