{
    "f1_macro": 0.5356546231546232,
    "f1_micro": 0.4974619289340102
}