{
    "f1_micro": 0.9645110410094637,
    "f1_macro": 0.9103278688524591,
    "micro_precision": 0.9577133907595928,
    "micro_recall": 0.971405877680699,
    "total_instances": 61,
    "total_tp": 2446,
    "total_fp": 108,
    "total_fn": 72,
    "cost_summary": {
        "total_input_tokens": 323392,
        "total_output_tokens": 202811,
        "total_tokens": 526203,
        "input_cost_usd": 0.08408192000000005,
        "output_cost_usd": 0.31638516,
        "total_cost_usd": 0.40046708000000014
    }
}