{
    "f1_micro": 0.00562474889513861,
    "f1_macro": 0.002775665399239544,
    "micro_precision": 0.0945945945945946,
    "micro_recall": 0.002898550724637681,
    "total_instances": 263,
    "total_tp": 7,
    "total_fp": 67,
    "total_fn": 2408,
    "cost_summary": {
        "total_input_tokens": 314548,
        "total_output_tokens": 41165,
        "total_tokens": 355713,
        "input_cost_usd": 0.1258192000000003,
        "output_cost_usd": 0.08233000000000017,
        "total_cost_usd": 0.2081491999999998
    }
}