{
    "f1_micro": 0.7804366078925273,
    "f1_macro": 0.7777566539923955,
    "micro_precision": 0.7914005959982972,
    "micro_recall": 0.7697722567287785,
    "total_instances": 263,
    "total_tp": 1859,
    "total_fp": 490,
    "total_fn": 556
}