{
    "f1_micro": 0.7851458885941645,
    "f1_macro": 0.7787832699619771,
    "micro_precision": 0.7739340305711987,
    "micro_recall": 0.7966873706004141,
    "total_instances": 263,
    "total_tp": 1924,
    "total_fp": 562,
    "total_fn": 491,
    "cost_summary": {
        "total_input_tokens": 566577,
        "total_output_tokens": 56103,
        "total_tokens": 622680,
        "input_cost_usd": 8.498655,
        "output_cost_usd": 4.207725,
        "total_cost_usd": 12.70638,
        "pricing_date": "2025-10-01",
        "input_price_per_million": 15.0,
        "output_price_per_million": 75.0
    }
}