{
    "f1_micro": 0.6884309324627625,
    "f1_macro": 0.6814068441064639,
    "micro_precision": 0.6786001609010458,
    "micro_recall": 0.6985507246376812,
    "total_instances": 263,
    "total_tp": 1687,
    "total_fp": 799,
    "total_fn": 728,
    "cost_summary": {
        "total_input_tokens": 566577,
        "total_output_tokens": 56103,
        "total_tokens": 622680,
        "input_cost_usd": 8.498655,
        "output_cost_usd": 4.207725,
        "total_cost_usd": 12.70638,
        "pricing_date": "2025-10-01",
        "input_price_per_million": 15.0,
        "output_price_per_million": 75.0
    }
}