{
    "f1_macro": 0.59,
    "f1_micro": 0.61,
    "cost_summary": {
        "total_input_tokens": 345336,
        "total_output_tokens": 30814,
        "total_tokens": 376150,
        "input_cost_usd": 1.7266799999999993,
        "output_cost_usd": 0.9244199999999999,
        "total_cost_usd": 2.6511000000000005
    }
}