{
    "fuzzy": 97.5424671385933,
    "n": 50,
    "cost_summary": {
        "total_input_tokens": 69408,
        "total_output_tokens": 456593,
        "total_tokens": 526001,
        "input_cost_usd": 0.20822399999999996,
        "output_cost_usd": 6.848895000000001,
        "total_cost_usd": 7.057119000000002
    }
}