{
    "f1_macro": 0.54,
    "f1_micro": 0.63,
    "cost_summary": {
        "total_input_tokens": 102995,
        "total_output_tokens": 79559,
        "total_tokens": 182554,
        "input_cost_usd": 0.012050414999999997,
        "output_cost_usd": 0.108598035,
        "total_cost_usd": 0.12064845000000002
    }
}