{
    "f1_micro": 0.014760147601476016,
    "f1_macro": 0.009505703422053232,
    "micro_precision": 0.06779661016949153,
    "micro_recall": 0.008281573498964804,
    "total_instances": 263,
    "total_tp": 20,
    "total_fp": 275,
    "total_fn": 2395,
    "cost_summary": {
        "total_input_tokens": 131310,
        "total_output_tokens": 727,
        "total_tokens": 132037,
        "input_cost_usd": 0.019697,
        "output_cost_usd": 0.000436,
        "total_cost_usd": 0.020133,
        "pricing_date": "2025-10-03",
        "input_price_per_million": 0.15,
        "output_price_per_million": 0.6
    }
}