{
    "f1": 0.956,
    "precision": 0.967,
    "recall": 0.96,
    "mean_iou": 0.889,
    "true_positives": 118,
    "false_positives": 6,
    "false_negatives": 8,
    "num_pages": 46,
    "cost_summary": {
        "total_input_tokens": 158148,
        "total_output_tokens": 52509,
        "total_tokens": 210657,
        "input_cost_usd": 0.7907400000000004,
        "output_cost_usd": 1.5752700000000002,
        "total_cost_usd": 2.3660099999999997
    }
}