{
    "f1_micro": 0.5020161290322581,
    "f1_macro": 0.5086666666666667,
    "micro_precision": 0.5020161290322581,
    "micro_recall": 0.5020161290322581,
    "total_instances": 15,
    "total_tp": 498,
    "total_fp": 494,
    "total_fn": 494,
    "cost_summary": {
        "total_input_tokens": 33810,
        "total_output_tokens": 16563,
        "total_tokens": 50373,
        "input_cost_usd": 0.00253575,
        "output_cost_usd": 0.004968900000000001,
        "total_cost_usd": 0.007504649999999999
    }
}