{
    "f1_macro": 0.43,
    "f1_micro": 0.42,
    "cost_summary": {
        "total_input_tokens": 246184,
        "total_output_tokens": 5178,
        "total_tokens": 251362,
        "input_cost_usd": 0.03692759999999997,
        "output_cost_usd": 0.0007766999999999999,
        "total_cost_usd": 0.037704299999999996
    }
}