{
    "f1_macro": 0.58,
    "f1_micro": 0.57,
    "cost_summary": {
        "total_input_tokens": 222630,
        "total_output_tokens": 5656,
        "total_tokens": 228286,
        "input_cost_usd": 1.1131499999999996,
        "output_cost_usd": 0.14139999999999994,
        "total_cost_usd": 1.2545500000000003
    }
}