{
    "f1_micro": 0.39690222652468543,
    "f1_macro": 0.414,
    "micro_precision": 0.3817504655493482,
    "micro_recall": 0.41330645161290325,
    "total_instances": 15,
    "total_tp": 410,
    "total_fp": 664,
    "total_fn": 582,
    "cost_summary": {
        "total_input_tokens": 46882,
        "total_output_tokens": 13719,
        "total_tokens": 60601,
        "input_cost_usd": 0.0,
        "output_cost_usd": 0.0,
        "total_cost_usd": 0.0
    }
}