{
    "fuzzy": 0.8248118359278452,
    "cost_summary": {
        "total_input_tokens": 63492,
        "total_output_tokens": 4969,
        "total_tokens": 68461,
        "input_cost_usd": 0.15872999999999998,
        "output_cost_usd": 0.074535,
        "total_cost_usd": 0.233265
    }
}