{
    "fuzzy": 0.6751899712221697,
    "cost_summary": {
        "total_input_tokens": 16179,
        "total_output_tokens": 9198,
        "total_tokens": 25377,
        "input_cost_usd": 0.048537000000000004,
        "output_cost_usd": 0.13797,
        "total_cost_usd": 0.18650699999999998
    }
}