{
    "f1_micro": 0.0,
    "f1_macro": 0.0,
    "micro_precision": 0.0,
    "micro_recall": 0.0,
    "total_instances": 15,
    "total_tp": 0,
    "total_fp": 492,
    "total_fn": 992,
    "cost_summary": {
        "total_input_tokens": 2970,
        "total_output_tokens": 7476,
        "total_tokens": 10446,
        "input_cost_usd": 0.00044550000000000004,
        "output_cost_usd": 0.0011213999999999998,
        "total_cost_usd": 0.0015669000000000002
    }
}