{
    "f1_micro": 0.3880445795339413,
    "f1_macro": 0.36933333333333335,
    "micro_precision": 0.390020366598778,
    "micro_recall": 0.3860887096774194,
    "total_instances": 15,
    "total_tp": 383,
    "total_fp": 599,
    "total_fn": 609,
    "cost_summary": {
        "total_input_tokens": 19380,
        "total_output_tokens": 8579,
        "total_tokens": 27959,
        "input_cost_usd": 0.007752,
        "output_cost_usd": 0.013726,
        "total_cost_usd": 0.021478,
        "pricing_date": "2025-10-28",
        "input_price_per_million": 0.4,
        "output_price_per_million": 1.6
    }
}