{
    "fuzzy": 90.77787098358081,
    "n": 50,
    "cost_summary": {
        "total_input_tokens": 31538,
        "total_output_tokens": 74754,
        "total_tokens": 106292,
        "input_cost_usd": 0.0094614,
        "output_cost_usd": 0.18688500000000002,
        "total_cost_usd": 0.19634640000000006
    }
}