{
    "f1_macro": 0.4124925462134765,
    "f1_micro": 0.423841059602649
}