{
    "f1_micro": 0.5600403632694247,
    "f1_macro": 0.5673333333333334,
    "micro_precision": 0.5606060606060606,
    "micro_recall": 0.5594758064516129,
    "total_instances": 15,
    "total_tp": 555,
    "total_fp": 435,
    "total_fn": 437,
    "cost_summary": {
        "total_input_tokens": 39915,
        "total_output_tokens": 13924,
        "total_tokens": 53839,
        "input_cost_usd": 0.0039915,
        "output_cost_usd": 0.0041772,
        "total_cost_usd": 0.0081687
    }
}