{
    "f1_macro": 0.61,
    "f1_micro": 0.56,
    "cost_summary": {
        "total_input_tokens": 177638,
        "total_output_tokens": 3097,
        "total_tokens": 180735,
        "input_cost_usd": 0.0710552,
        "output_cost_usd": 0.007432800000000001,
        "total_cost_usd": 0.078488
    }
}