{
    "f1_micro": 0.45238095238095244,
    "f1_macro": 0.458,
    "micro_precision": 0.4883177570093458,
    "micro_recall": 0.4213709677419355,
    "total_instances": 15,
    "total_tp": 418,
    "total_fp": 438,
    "total_fn": 574,
    "cost_summary": {
        "total_input_tokens": 45891,
        "total_output_tokens": 62919,
        "total_tokens": 108810,
        "input_cost_usd": 0.0045891000000000005,
        "output_cost_usd": 0.00943785,
        "total_cost_usd": 0.014026950000000002
    }
}