{
    "f1_macro": 0.49,
    "f1_micro": 0.56,
    "cost_summary": {
        "total_input_tokens": 74080,
        "total_output_tokens": 24391,
        "total_tokens": 98471,
        "input_cost_usd": 0.018519999999999995,
        "output_cost_usd": 0.048782,
        "total_cost_usd": 0.067302
    }
}