{
    "f1_macro": 0.55,
    "f1_micro": 0.6,
    "cost_summary": {
        "total_input_tokens": 65074,
        "total_output_tokens": 1615,
        "total_tokens": 66689,
        "input_cost_usd": 0.02602960000000001,
        "output_cost_usd": 0.00323,
        "total_cost_usd": 0.029259600000000004
    }
}