{
    "fuzzy": 0.886359109986807,
    "cost_summary": {
        "total_input_tokens": 97733,
        "total_output_tokens": 58174,
        "total_tokens": 155907,
        "input_cost_usd": 0.02541058,
        "output_cost_usd": 0.09075143999999999,
        "total_cost_usd": 0.11616202000000002
    }
}