{
    "f1_micro": 0.3866467364225211,
    "f1_macro": 0.39,
    "micro_precision": 0.38226600985221676,
    "micro_recall": 0.3911290322580645,
    "total_instances": 15,
    "total_tp": 388,
    "total_fp": 627,
    "total_fn": 604,
    "cost_summary": {
        "total_input_tokens": 26347,
        "total_output_tokens": 16657,
        "total_tokens": 43004,
        "input_cost_usd": 0.079041,
        "output_cost_usd": 0.249855,
        "total_cost_usd": 0.328896,
        "pricing_date": "2025-10-28",
        "input_price_per_million": 3.0,
        "output_price_per_million": 15.0
    }
}