{
    "f1_macro": 0.3526436781609195,
    "f1_micro": 0.42307692307692313
}