{
    "f1_macro": 0.0,
    "f1_micro": 0.0,
    "cost_summary": {
        "total_input_tokens": 20480,
        "total_output_tokens": 1792,
        "total_tokens": 22272,
        "input_cost_usd": 0.040960000000000024,
        "output_cost_usd": 0.010752,
        "total_cost_usd": 0.05171199999999999
    }
}