{
    "fuzzy": 0.6277033862843007,
    "cost_summary": {
        "total_input_tokens": 61624,
        "total_output_tokens": 3329,
        "total_tokens": 64953,
        "input_cost_usd": 0.006162400000000001,
        "output_cost_usd": 0.0013315999999999998,
        "total_cost_usd": 0.007494000000000002
    }
}