{
    "f1_micro": 0.5303030303030303,
    "f1_macro": 0.5113333333333333,
    "micro_precision": 0.5313765182186235,
    "micro_recall": 0.5292338709677419,
    "total_instances": 15,
    "total_tp": 525,
    "total_fp": 463,
    "total_fn": 467,
    "cost_summary": {
        "total_input_tokens": 9780,
        "total_output_tokens": 16310,
        "total_tokens": 26090,
        "input_cost_usd": 0.012225,
        "output_cost_usd": 0.1631,
        "total_cost_usd": 0.175325,
        "pricing_date": "2025-10-28",
        "input_price_per_million": 1.25,
        "output_price_per_million": 10.0
    }
}