{
    "f1_micro": 0.8306683066830669,
    "f1_macro": 0.8232699619771864,
    "micro_precision": 0.8225740966301258,
    "micro_recall": 0.8389233954451346,
    "total_instances": 263,
    "total_tp": 2026,
    "total_fp": 437,
    "total_fn": 389,
    "cost_summary": {
        "total_input_tokens": 634168,
        "total_output_tokens": 54217,
        "total_tokens": 688385,
        "input_cost_usd": 9.51251999999998,
        "output_cost_usd": 4.066274999999998,
        "total_cost_usd": 13.578795000000014
    }
}