{
    "f1_micro": 0.18008948545861295,
    "f1_macro": 0.21600000000000003,
    "micro_precision": 0.2022613065326633,
    "micro_recall": 0.1622983870967742,
    "total_instances": 15,
    "total_tp": 161,
    "total_fp": 635,
    "total_fn": 831,
    "cost_summary": {
        "total_input_tokens": 7053,
        "total_output_tokens": 10056,
        "total_tokens": 17109,
        "input_cost_usd": 0.014106000000000002,
        "output_cost_usd": 0.06033600000000001,
        "total_cost_usd": 0.07444200000000001
    }
}