{
    "f1_micro": 0.4937076476282672,
    "f1_macro": 0.5,
    "micro_precision": 0.4748603351955307,
    "micro_recall": 0.5141129032258065,
    "total_instances": 15,
    "total_tp": 510,
    "total_fp": 564,
    "total_fn": 482,
    "cost_summary": {
        "total_input_tokens": 66803,
        "total_output_tokens": 16846,
        "total_tokens": 83649,
        "input_cost_usd": 0.133606,
        "output_cost_usd": 0.16846,
        "total_cost_usd": 0.302066
    }
}