{
    "f1_micro": 0.9534516765285996,
    "f1_macro": 0.8950819672131147,
    "micro_precision": 0.9471003134796239,
    "micro_recall": 0.9598888006354249,
    "total_instances": 61,
    "total_tp": 2417,
    "total_fp": 135,
    "total_fn": 101,
    "cost_summary": {
        "total_input_tokens": 141043,
        "total_output_tokens": 47847,
        "total_tokens": 188890,
        "input_cost_usd": 0.07052150000000004,
        "output_cost_usd": 0.143541,
        "total_cost_usd": 0.2140625
    }
}