{
    "f1_micro": 0.3708647707486941,
    "f1_macro": 0.1859016393442623,
    "micro_precision": 0.6885775862068966,
    "micro_recall": 0.25377283558379665,
    "total_instances": 61,
    "total_tp": 639,
    "total_fp": 289,
    "total_fn": 1879,
    "cost_summary": {
        "total_input_tokens": 52507,
        "total_output_tokens": 18468,
        "total_tokens": 70975,
        "input_cost_usd": 0.10501400000000002,
        "output_cost_usd": 0.11080799999999998,
        "total_cost_usd": 0.215822
    }
}