{
    "f1_micro": 0.02729044834307992,
    "f1_macro": 0.02733333333333333,
    "micro_precision": 0.4117647058823529,
    "micro_recall": 0.014112903225806451,
    "total_instances": 15,
    "total_tp": 14,
    "total_fp": 20,
    "total_fn": 978,
    "cost_summary": {
        "total_input_tokens": 2749,
        "total_output_tokens": 344,
        "total_tokens": 3093,
        "input_cost_usd": 0.005498,
        "output_cost_usd": 0.0017200000000000002,
        "total_cost_usd": 0.0072180000000000005
    }
}