{
    "fuzzy": 0.9542312819323364,
    "cost_summary": {
        "total_input_tokens": 143428,
        "total_output_tokens": 7998,
        "total_tokens": 151426,
        "input_cost_usd": 1.4342800000000004,
        "output_cost_usd": 0.3998999999999999,
        "total_cost_usd": 1.8341800000000004
    }
}