{
    "f1_micro": 0.4994954591321897,
    "f1_macro": 0.514,
    "micro_precision": 0.5,
    "micro_recall": 0.49899193548387094,
    "total_instances": 15,
    "total_tp": 495,
    "total_fp": 495,
    "total_fn": 497,
    "cost_summary": {
        "total_input_tokens": 34963,
        "total_output_tokens": 12693,
        "total_tokens": 47656,
        "input_cost_usd": 0.06118524999999999,
        "output_cost_usd": 0.17770199999999997,
        "total_cost_usd": 0.23888725
    }
}