{
    "f1_micro": 0.874851485148515,
    "f1_macro": 0.8660655737704918,
    "micro_precision": 0.8724328593996841,
    "micro_recall": 0.8772835583796664,
    "total_instances": 61,
    "total_tp": 2209,
    "total_fp": 323,
    "total_fn": 309,
    "cost_summary": {
        "total_input_tokens": 217644,
        "total_output_tokens": 51261,
        "total_tokens": 268905,
        "input_cost_usd": 0.017411519999999982,
        "output_cost_usd": 0.015378299999999998,
        "total_cost_usd": 0.032789820000000004
    }
}