{
    "f1_micro": 0.833570412517781,
    "f1_macro": 0.830532319391635,
    "micro_precision": 0.8184357541899442,
    "micro_recall": 0.8492753623188406,
    "total_instances": 263,
    "total_tp": 2051,
    "total_fp": 455,
    "total_fn": 364,
    "cost_summary": {
        "total_input_tokens": 221710,
        "total_output_tokens": 702896,
        "total_tokens": 924606,
        "input_cost_usd": 0.04434199999999995,
        "output_cost_usd": 0.8083304000000003,
        "total_cost_usd": 0.8526724000000001
    }
}