{
    "fuzzy": 0.862,
    "cer": 0.149,
    "cost_summary": {
        "total_input_tokens": 10622,
        "total_output_tokens": 9821,
        "total_tokens": 20443,
        "input_cost_usd": 0.0007966500000000001,
        "output_cost_usd": 0.0029463000000000002,
        "total_cost_usd": 0.00374295
    }
}