{
    "fuzzy": 0.208,
    "cer": 0.811,
    "cost_summary": {
        "total_input_tokens": 11284,
        "total_output_tokens": 5577,
        "total_tokens": 16861,
        "input_cost_usd": 0.0009027199999999999,
        "output_cost_usd": 0.0027885,
        "total_cost_usd": 0.0036912200000000003
    }
}