{
    "f1_micro": 0.0008254230293025175,
    "f1_macro": 0.0004182509505703422,
    "micro_precision": 0.125,
    "micro_recall": 0.00041407867494824016,
    "total_instances": 263,
    "total_tp": 1,
    "total_fp": 7,
    "total_fn": 2414,
    "cost_summary": {
        "total_input_tokens": 314548,
        "total_output_tokens": 30251,
        "total_tokens": 344799,
        "input_cost_usd": 0.6290959999999982,
        "output_cost_usd": 0.151255,
        "total_cost_usd": 0.780351
    }
}