{
    "fuzzy": 97.39285238778113,
    "n": 50,
    "cost_summary": {
        "total_input_tokens": 74096,
        "total_output_tokens": 36903,
        "total_tokens": 110999,
        "input_cost_usd": 0.22228799999999996,
        "output_cost_usd": 0.553545,
        "total_cost_usd": 0.775833
    }
}