{
    "f1_micro": 0.04849884526558892,
    "f1_macro": 0.06066666666666667,
    "micro_precision": 0.05675675675675676,
    "micro_recall": 0.04233870967741935,
    "total_instances": 15,
    "total_tp": 42,
    "total_fp": 698,
    "total_fn": 950,
    "cost_summary": {
        "total_input_tokens": 16905,
        "total_output_tokens": 101510,
        "total_tokens": 118415,
        "input_cost_usd": 0.0,
        "output_cost_usd": 0.0,
        "total_cost_usd": 0.0
    }
}