{
    "f1_macro": 0.55,
    "f1_micro": 0.54,
    "cost_summary": {
        "total_input_tokens": 281983,
        "total_output_tokens": 5144,
        "total_tokens": 287127,
        "input_cost_usd": 0.018328894999999998,
        "output_cost_usd": 0.0013374400000000003,
        "total_cost_usd": 0.019666334999999997
    }
}