{
    "f1_micro": 0.3981808994441637,
    "f1_macro": 0.42400000000000004,
    "micro_precision": 0.39918946301925023,
    "micro_recall": 0.3971774193548387,
    "total_instances": 15,
    "total_tp": 394,
    "total_fp": 593,
    "total_fn": 598,
    "cost_summary": {
        "total_input_tokens": 28027,
        "total_output_tokens": 16550,
        "total_tokens": 44577,
        "input_cost_usd": 0.084081,
        "output_cost_usd": 0.24825,
        "total_cost_usd": 0.332331,
        "pricing_date": "2025-10-28",
        "input_price_per_million": 3.0,
        "output_price_per_million": 15.0
    }
}