{
    "f1_micro": 0.31129476584022037,
    "f1_macro": 0.28,
    "micro_precision": 0.272508038585209,
    "micro_recall": 0.36295503211991437,
    "total_instances": 15,
    "total_tp": 339,
    "total_fp": 905,
    "total_fn": 595,
    "cost_summary": {
        "total_input_tokens": 34650,
        "total_output_tokens": 18111,
        "total_tokens": 52761,
        "input_cost_usd": 0.00693,
        "output_cost_usd": 0.0036222000000000003,
        "total_cost_usd": 0.010552200000000001
    }
}