{
    "f1_micro": 0.45491388044579534,
    "f1_macro": 0.464,
    "micro_precision": 0.45723014256619143,
    "micro_recall": 0.4526209677419355,
    "total_instances": 15,
    "total_tp": 449,
    "total_fp": 533,
    "total_fn": 543,
    "cost_summary": {
        "total_input_tokens": 4275,
        "total_output_tokens": 14870,
        "total_tokens": 19145,
        "input_cost_usd": 0.005343749999999999,
        "output_cost_usd": 0.1487,
        "total_cost_usd": 0.15404375
    }
}