{
    "fuzzy": 0.8067322364556673,
    "cost_summary": {
        "total_input_tokens": 43655,
        "total_output_tokens": 5036,
        "total_tokens": 48691,
        "input_cost_usd": 0.07639625,
        "output_cost_usd": 0.070504,
        "total_cost_usd": 0.14690025
    }
}