{
    "fuzzy": 0.562,
    "cer": 0.483,
    "cost_summary": {
        "total_input_tokens": 449952,
        "total_output_tokens": 2434,
        "total_tokens": 452386,
        "input_cost_usd": 0.0674928,
        "output_cost_usd": 0.0014604000000000002,
        "total_cost_usd": 0.06895319999999999
    }
}