{
    "f1_macro": 0.38,
    "f1_micro": 0.44,
    "cost_summary": {
        "total_input_tokens": 11144,
        "total_output_tokens": 306,
        "total_tokens": 11450,
        "input_cost_usd": 0.005572,
        "output_cost_usd": 0.00045899999999999994,
        "total_cost_usd": 0.006031
    }
}