{
    "f1": 0.003,
    "precision": 0.002,
    "recall": 0.003,
    "mean_iou": 0.012,
    "true_positives": 1,
    "false_positives": 439,
    "false_negatives": 125,
    "num_pages": 46,
    "cost_summary": {
        "total_input_tokens": 11684,
        "total_output_tokens": 13820,
        "total_tokens": 25504,
        "input_cost_usd": 0.004673600000000001,
        "output_cost_usd": 0.027639999999999987,
        "total_cost_usd": 0.0323136
    }
}