{
    "fuzzy": 93.44615762761298,
    "n": 50,
    "cost_summary": {
        "total_input_tokens": 40325,
        "total_output_tokens": 30100,
        "total_tokens": 70425,
        "input_cost_usd": 0.0040325,
        "output_cost_usd": 0.009030000000000002,
        "total_cost_usd": 0.013062500000000003
    }
}