{
    "f1_micro": 0.9768545994065281,
    "f1_macro": 0.9172131147540984,
    "micro_precision": 0.9731966890027591,
    "micro_recall": 0.9805401111993646,
    "total_instances": 61,
    "total_tp": 2469,
    "total_fp": 68,
    "total_fn": 49,
    "cost_summary": {
        "total_input_tokens": 264893,
        "total_output_tokens": 61296,
        "total_tokens": 326189,
        "input_cost_usd": 0.10595719999999995,
        "output_cost_usd": 0.1961472,
        "total_cost_usd": 0.3021044000000001
    }
}