{
    "f1_macro": 0.57,
    "f1_micro": 0.59,
    "cost_summary": {
        "total_input_tokens": 205086,
        "total_output_tokens": 3340,
        "total_tokens": 208426,
        "input_cost_usd": 0.35890049999999996,
        "output_cost_usd": 0.04676,
        "total_cost_usd": 0.4056605000000001
    }
}