{
    "f1_micro": 0.36032171581769434,
    "f1_macro": 0.3893333333333333,
    "micro_precision": 0.3848797250859107,
    "micro_recall": 0.3387096774193548,
    "total_instances": 15,
    "total_tp": 336,
    "total_fp": 537,
    "total_fn": 656,
    "cost_summary": {
        "total_input_tokens": 16156,
        "total_output_tokens": 11769,
        "total_tokens": 27925,
        "input_cost_usd": 0.006462,
        "output_cost_usd": 0.023538,
        "total_cost_usd": 0.03,
        "pricing_date": "2025-10-28",
        "input_price_per_million": 0.4,
        "output_price_per_million": 2.0
    }
}