{
    "f1_macro": 0.22,
    "f1_micro": 0.2,
    "cost_summary": {
        "total_input_tokens": 54409,
        "total_output_tokens": 3144,
        "total_tokens": 57553,
        "input_cost_usd": 0.10881800000000014,
        "output_cost_usd": 0.018863999999999995,
        "total_cost_usd": 0.127682
    }
}