{
    "fuzzy": 0.9675834307254851,
    "cost_summary": {
        "total_input_tokens": 93280,
        "total_output_tokens": 6372,
        "total_tokens": 99652,
        "input_cost_usd": 0.27984000000000003,
        "output_cost_usd": 0.09558000000000001,
        "total_cost_usd": 0.37542000000000003
    }
}