{
    "fuzzy": 98.19187028584375,
    "n": 50,
    "cost_summary": {
        "total_input_tokens": 40358,
        "total_output_tokens": 27013,
        "total_tokens": 67371,
        "input_cost_usd": 0.08071600000000001,
        "output_cost_usd": 0.16207800000000003,
        "total_cost_usd": 0.24279399999999998
    }
}