{
    "f1_micro": 0.8800492105802747,
    "f1_macro": 0.8664638783269962,
    "micro_precision": 0.8716490658001624,
    "micro_recall": 0.8886128364389234,
    "total_instances": 263,
    "total_tp": 2146,
    "total_fp": 316,
    "total_fn": 269,
    "cost_summary": {
        "total_input_tokens": 477609,
        "total_output_tokens": 866856,
        "total_tokens": 1344465,
        "input_cost_usd": 0.1552229249999996,
        "output_cost_usd": 1.6903692000000003,
        "total_cost_usd": 1.8455921249999998
    }
}