{
    "f1_macro": 0.26,
    "f1_micro": 0.32,
    "cost_summary": {
        "total_input_tokens": 49418,
        "total_output_tokens": 998,
        "total_tokens": 50416,
        "input_cost_usd": 0.09883599999999997,
        "output_cost_usd": 0.005987999999999999,
        "total_cost_usd": 0.104824
    }
}