{
    "f1": 0.076,
    "precision": 0.076,
    "recall": 0.076,
    "mean_iou": 0.053,
    "true_positives": 4,
    "false_positives": 91,
    "false_negatives": 122,
    "num_pages": 46,
    "cost_summary": {
        "total_input_tokens": 1703610,
        "total_output_tokens": 1516,
        "total_tokens": 1705126,
        "input_cost_usd": 0.2555415000000002,
        "output_cost_usd": 0.0009096000000000001,
        "total_cost_usd": 0.2564511
    }
}