{
    "fuzzy": 97.35000711854161,
    "n": 50,
    "cost_summary": {
        "total_input_tokens": 27921,
        "total_output_tokens": 29739,
        "total_tokens": 57660,
        "input_cost_usd": 0.048861749999999995,
        "output_cost_usd": 0.41634600000000005,
        "total_cost_usd": 0.46520775000000003
    }
}