{
    "f1_macro": 0.4917641735401021,
    "f1_micro": 0.48717948717948717
}