{
    "f1_macro": 0.55,
    "f1_micro": 0.55,
    "cost_summary": {
        "total_input_tokens": 280558,
        "total_output_tokens": 5620,
        "total_tokens": 286178,
        "input_cost_usd": 0.08416740000000002,
        "output_cost_usd": 0.013488000000000002,
        "total_cost_usd": 0.0976554
    }
}