{
    "fuzzy": 97.90194620004343,
    "n": 50,
    "cost_summary": {
        "total_input_tokens": 81422,
        "total_output_tokens": 52854,
        "total_tokens": 134276,
        "input_cost_usd": 0.8142199999999996,
        "output_cost_usd": 2.642699999999999,
        "total_cost_usd": 3.45692
    }
}