{
    "f1": 0.098,
    "precision": 0.109,
    "recall": 0.094,
    "mean_iou": 0.075,
    "true_positives": 5,
    "false_positives": 114,
    "false_negatives": 121,
    "num_pages": 46,
    "cost_summary": {
        "total_input_tokens": 60030,
        "total_output_tokens": 1753,
        "total_tokens": 61783,
        "input_cost_usd": 0.12006000000000004,
        "output_cost_usd": 0.014024000000000002,
        "total_cost_usd": 0.13408399999999998
    }
}