{
    "fuzzy": 96.1899768042405,
    "n": 50,
    "cost_summary": {
        "total_input_tokens": 31538,
        "total_output_tokens": 25059,
        "total_tokens": 56597,
        "input_cost_usd": 0.007884500000000001,
        "output_cost_usd": 0.037588500000000004,
        "total_cost_usd": 0.045473
    }
}