{
    "f1_macro": 0.35,
    "f1_micro": 0.4,
    "cost_summary": {
        "total_input_tokens": 91650,
        "total_output_tokens": 2351,
        "total_tokens": 94001,
        "input_cost_usd": 0.013747500000000003,
        "output_cost_usd": 0.00035265,
        "total_cost_usd": 0.01410015
    }
}