{
    "fuzzy": 0.55,
    "cer": 0.471,
    "cost_summary": {
        "total_input_tokens": 12113,
        "total_output_tokens": 9267,
        "total_tokens": 21380,
        "input_cost_usd": 0.0012113000000000002,
        "output_cost_usd": 0.0037068000000000005,
        "total_cost_usd": 0.0049181
    }
}