{
    "f1_macro": 0.72,
    "f1_micro": 0.84,
    "cost_summary": {
        "total_input_tokens": 46620,
        "total_output_tokens": 1157,
        "total_tokens": 47777,
        "input_cost_usd": 0.023309999999999997,
        "output_cost_usd": 0.003470999999999999,
        "total_cost_usd": 0.026781000000000003
    }
}