{
    "fuzzy": 5.76171464032901,
    "n": 50,
    "cost_summary": {
        "total_input_tokens": 40325,
        "total_output_tokens": 49310,
        "total_tokens": 89635,
        "input_cost_usd": 0.008065,
        "output_cost_usd": 0.009862000000000001,
        "total_cost_usd": 0.017927000000000002
    }
}