{
    "f1_macro": 0.55,
    "f1_micro": 0.55,
    "cost_summary": {
        "total_input_tokens": 258010,
        "total_output_tokens": 120389,
        "total_tokens": 378399,
        "input_cost_usd": 0.025801000000000008,
        "output_cost_usd": 0.01805835,
        "total_cost_usd": 0.04385935
    }
}