{
    "fuzzy": 0.8412159311829486,
    "cost_summary": {
        "total_input_tokens": 23963,
        "total_output_tokens": 5051,
        "total_tokens": 29014,
        "input_cost_usd": 0.04193525,
        "output_cost_usd": 0.07071400000000001,
        "total_cost_usd": 0.11264924999999999
    }
}