{
    "f1_macro": 0.1980952380952381,
    "f1_micro": 0.2545454545454546
}