{
    "f1_macro": 0.49976076555023924,
    "f1_micro": 0.5000000000000001
}