{
    "f1_micro": 0.8592314118629908,
    "f1_macro": 0.8538403041825096,
    "micro_precision": 0.866835229667088,
    "micro_recall": 0.85175983436853,
    "total_instances": 263,
    "total_tp": 2057,
    "total_fp": 316,
    "total_fn": 358,
    "cost_summary": {
        "total_input_tokens": 401338,
        "total_output_tokens": 245201,
        "total_tokens": 646539,
        "input_cost_usd": 0.802676,
        "output_cost_usd": 1.961608,
        "total_cost_usd": 2.764284,
        "pricing_date": "2025-09-30",
        "input_price_per_million": 2.0,
        "output_price_per_million": 8.0
    }
}