{
    "f1_micro": 0.7944862155388471,
    "f1_macro": 0.7900380228136882,
    "micro_precision": 0.8015170670037927,
    "micro_recall": 0.7875776397515528,
    "total_instances": 263,
    "total_tp": 1902,
    "total_fp": 471,
    "total_fn": 513,
    "cost_summary": {
        "total_input_tokens": 401338,
        "total_output_tokens": 245201,
        "total_tokens": 646539,
        "input_cost_usd": 0.802676,
        "output_cost_usd": 1.961608,
        "total_cost_usd": 2.764284,
        "pricing_date": "2025-09-30",
        "input_price_per_million": 2.0,
        "output_price_per_million": 8.0
    }
}