{
    "f1_macro": 0.45,
    "f1_micro": 0.46,
    "cost_summary": {
        "total_input_tokens": 207012,
        "total_output_tokens": 6071,
        "total_tokens": 213083,
        "input_cost_usd": 3.105180000000002,
        "output_cost_usd": 0.4553250000000001,
        "total_cost_usd": 3.5605049999999996
    }
}