{
    "f1_macro": 0.0,
    "f1_micro": 0.0,
    "cost_summary": {
        "total_input_tokens": 36480,
        "total_output_tokens": 2774,
        "total_tokens": 39254,
        "input_cost_usd": 0.07296000000000011,
        "output_cost_usd": 0.016644000000000013,
        "total_cost_usd": 0.08960400000000003
    }
}