{
    "f1_macro": 0.48,
    "f1_micro": 0.44,
    "cost_summary": {
        "total_input_tokens": 66544,
        "total_output_tokens": 1386,
        "total_tokens": 67930,
        "input_cost_usd": 0.0266176,
        "output_cost_usd": 0.0027719999999999997,
        "total_cost_usd": 0.029389600000000005
    }
}