{
    "fuzzy": 93.22596502395396,
    "n": 50,
    "cost_summary": {
        "total_input_tokens": 35438,
        "total_output_tokens": 30114,
        "total_tokens": 65552,
        "input_cost_usd": 0.0035437999999999993,
        "output_cost_usd": 0.012045600000000002,
        "total_cost_usd": 0.015589400000000002
    }
}