{
    "fuzzy": 0.653,
    "cer": 0.355,
    "cost_summary": {
        "total_input_tokens": 29709,
        "total_output_tokens": 49847,
        "total_tokens": 79556,
        "input_cost_usd": 0.009655425,
        "output_cost_usd": 0.09720165,
        "total_cost_usd": 0.106857075
    }
}