{
    "f1_macro": 0.59,
    "f1_micro": 0.53,
    "cost_summary": {
        "total_input_tokens": 178858,
        "total_output_tokens": 44778,
        "total_tokens": 223636,
        "input_cost_usd": 0.029064424999999998,
        "output_cost_usd": 0.058211399999999996,
        "total_cost_usd": 0.087275825
    }
}