{
    "fuzzy": 0.938777636136832,
    "cost_summary": {
        "total_input_tokens": 44967,
        "total_output_tokens": 5495,
        "total_tokens": 50462,
        "input_cost_usd": 0.08993400000000004,
        "output_cost_usd": 0.06594000000000001,
        "total_cost_usd": 0.15587399999999998
    }
}