{
    "fuzzy": 0.201,
    "cer": 0.909,
    "cost_summary": {
        "total_input_tokens": 9036,
        "total_output_tokens": 2236,
        "total_tokens": 11272,
        "input_cost_usd": 0.0036144000000000007,
        "output_cost_usd": 0.004472,
        "total_cost_usd": 0.0080864
    }
}