{
    "fuzzy": 89.7206033864043,
    "n": 50,
    "cost_summary": {
        "total_input_tokens": 31538,
        "total_output_tokens": 215161,
        "total_tokens": 246699,
        "input_cost_usd": 0.0094614,
        "output_cost_usd": 0.5379024999999998,
        "total_cost_usd": 0.5473638999999999
    }
}