{
    "f1_micro": 0.42000990589400694,
    "f1_macro": 0.41600000000000004,
    "micro_precision": 0.41285296981499514,
    "micro_recall": 0.4274193548387097,
    "total_instances": 15,
    "total_tp": 424,
    "total_fp": 603,
    "total_fn": 568,
    "cost_summary": {
        "total_input_tokens": 65843,
        "total_output_tokens": 18419,
        "total_tokens": 84262,
        "input_cost_usd": 0.329215,
        "output_cost_usd": 0.46047499999999997,
        "total_cost_usd": 0.78969
    }
}