{
    "f1_micro": 0.5150433452320244,
    "f1_macro": 0.5033333333333333,
    "micro_precision": 0.5211558307533539,
    "micro_recall": 0.5090725806451613,
    "total_instances": 15,
    "total_tp": 505,
    "total_fp": 464,
    "total_fn": 487,
    "cost_summary": {
        "total_input_tokens": 20925,
        "total_output_tokens": 8787,
        "total_tokens": 29712,
        "input_cost_usd": 0.026156249999999995,
        "output_cost_usd": 0.08787,
        "total_cost_usd": 0.11402625000000001
    }
}