{
    "f1_micro": 0.870756646216769,
    "f1_macro": 0.8461596958174905,
    "micro_precision": 0.8602020202020202,
    "micro_recall": 0.8815734989648033,
    "total_instances": 263,
    "total_tp": 2129,
    "total_fp": 346,
    "total_fn": 286,
    "cost_summary": {
        "total_input_tokens": 770402,
        "total_output_tokens": 68005,
        "total_tokens": 838407,
        "input_cost_usd": 7.704020000000027,
        "output_cost_usd": 3.400249999999999,
        "total_cost_usd": 11.104270000000001
    }
}