{
    "f1_micro": 0.5712846347607052,
    "f1_macro": 0.5693333333333334,
    "micro_precision": 0.5709969788519638,
    "micro_recall": 0.5715725806451613,
    "total_instances": 15,
    "total_tp": 567,
    "total_fp": 426,
    "total_fn": 425,
    "cost_summary": {
        "total_input_tokens": 47302,
        "total_output_tokens": 59207,
        "total_tokens": 106509,
        "input_cost_usd": 0.0047302,
        "output_cost_usd": 0.008881049999999998,
        "total_cost_usd": 0.01361125
    }
}