{
    "f1_macro": 0.53,
    "f1_micro": 0.48,
    "cost_summary": {
        "total_input_tokens": 27006,
        "total_output_tokens": 2973,
        "total_tokens": 29979,
        "input_cost_usd": 0.008101799999999998,
        "output_cost_usd": 0.007432500000000002,
        "total_cost_usd": 0.015534300000000001
    }
}