{
    "f1_macro": 0.0,
    "f1_micro": 0.0,
    "cost_summary": {
        "total_input_tokens": 18720,
        "total_output_tokens": 2057,
        "total_tokens": 20777,
        "input_cost_usd": 0.007487999999999996,
        "output_cost_usd": 0.0041140000000000005,
        "total_cost_usd": 0.011602
    }
}