{
    "f1_macro": 0.28,
    "f1_micro": 0.25,
    "cost_summary": {
        "total_input_tokens": 32094,
        "total_output_tokens": 1873,
        "total_tokens": 33967,
        "input_cost_usd": 0.064188,
        "output_cost_usd": 0.011237999999999998,
        "total_cost_usd": 0.07542599999999999
    }
}