{
    "fuzzy": 0.807,
    "cer": 0.202,
    "cost_summary": {
        "total_input_tokens": 35904,
        "total_output_tokens": 3320,
        "total_tokens": 39224,
        "input_cost_usd": 0.17951999999999999,
        "output_cost_usd": 0.08299999999999999,
        "total_cost_usd": 0.26252000000000003
    }
}