{
    "f1_micro": 0.501008064516129,
    "f1_macro": 0.49933333333333335,
    "micro_precision": 0.501008064516129,
    "micro_recall": 0.501008064516129,
    "total_instances": 15,
    "total_tp": 497,
    "total_fp": 495,
    "total_fn": 495,
    "cost_summary": {
        "total_input_tokens": 9855,
        "total_output_tokens": 16851,
        "total_tokens": 26706,
        "input_cost_usd": 0.0029565,
        "output_cost_usd": 0.04212749999999999,
        "total_cost_usd": 0.045084
    }
}