{
    "fuzzy": 0.14635157394592263,
    "cost_summary": {
        "total_input_tokens": 19734,
        "total_output_tokens": 2826,
        "total_tokens": 22560,
        "input_cost_usd": 0.039468,
        "output_cost_usd": 0.014129999999999997,
        "total_cost_usd": 0.05359800000000001
    }
}