{
    "f1_macro": 0.55,
    "f1_micro": 0.54,
    "cost_summary": {
        "total_input_tokens": 280558,
        "total_output_tokens": 5610,
        "total_tokens": 286168,
        "input_cost_usd": 0.07013949999999998,
        "output_cost_usd": 0.011219999999999999,
        "total_cost_usd": 0.0813595
    }
}