{
    "f1_micro": 0.3836144578313253,
    "f1_macro": 0.37866666666666665,
    "micro_precision": 0.3674976915974146,
    "micro_recall": 0.4012096774193548,
    "total_instances": 15,
    "total_tp": 398,
    "total_fp": 685,
    "total_fn": 594,
    "cost_summary": {
        "total_input_tokens": 18308,
        "total_output_tokens": 59045,
        "total_tokens": 77353,
        "input_cost_usd": 0.0036615999999999992,
        "output_cost_usd": 0.06790175,
        "total_cost_usd": 0.07156335000000001
    }
}