{
    "f1_micro": 0.8920978740473325,
    "f1_macro": 0.8843726235741445,
    "micro_precision": 0.8650330610657332,
    "micro_recall": 0.9209109730848861,
    "total_instances": 263,
    "total_tp": 2224,
    "total_fp": 347,
    "total_fn": 191,
    "cost_summary": {
        "total_input_tokens": 770402,
        "total_output_tokens": 70286,
        "total_tokens": 840688,
        "input_cost_usd": 3.8520100000000137,
        "output_cost_usd": 1.75715,
        "total_cost_usd": 5.609159999999996
    }
}