{
    "fuzzy": 0.7721146597707476,
    "cost_summary": {
        "total_input_tokens": 97667,
        "total_output_tokens": 10379,
        "total_tokens": 108046,
        "input_cost_usd": 0.0390668,
        "output_cost_usd": 0.0166064,
        "total_cost_usd": 0.05567320000000001
    }
}