{
    "fuzzy": 0.584,
    "cer": 0.424,
    "cost_summary": {
        "total_input_tokens": 12238,
        "total_output_tokens": 49508,
        "total_tokens": 61746,
        "input_cost_usd": 0.00397735,
        "output_cost_usd": 0.0965406,
        "total_cost_usd": 0.10051795000000001
    }
}