{
    "fuzzy": 94.99277064027763,
    "n": 50,
    "cost_summary": {
        "total_input_tokens": 33621,
        "total_output_tokens": 270593,
        "total_tokens": 304214,
        "input_cost_usd": 0.04202625000000001,
        "output_cost_usd": 2.7059299999999986,
        "total_cost_usd": 2.747956249999999
    }
}