{
    "f1_macro": 0.49,
    "f1_micro": 0.44,
    "cost_summary": {
        "total_input_tokens": 27006,
        "total_output_tokens": 3604,
        "total_tokens": 30610,
        "input_cost_usd": 0.0027006000000000005,
        "output_cost_usd": 0.0014416,
        "total_cost_usd": 0.0041422
    }
}