{
    "fuzzy": 88.754812598349,
    "n": 50,
    "cost_summary": {
        "total_input_tokens": 40325,
        "total_output_tokens": 33448,
        "total_tokens": 73773,
        "input_cost_usd": 0.01613,
        "output_cost_usd": 0.06689600000000001,
        "total_cost_usd": 0.08302599999999999
    }
}