{
    "f1_micro": 0.873056994818653,
    "f1_macro": 0.8254098360655738,
    "micro_precision": 0.8362282878411911,
    "micro_recall": 0.9132791327913279,
    "total_instances": 61,
    "total_tp": 2359,
    "total_fp": 462,
    "total_fn": 224,
    "cost_summary": {
        "total_input_tokens": 281677,
        "total_output_tokens": 37385,
        "total_tokens": 319062,
        "input_cost_usd": 0.11267079999999992,
        "output_cost_usd": 0.05981599999999998,
        "total_cost_usd": 0.17248679999999994
    }
}