{
    "f1_macro": 0.41,
    "f1_micro": 0.42,
    "cost_summary": {
        "total_input_tokens": 248954,
        "total_output_tokens": 5584,
        "total_tokens": 254538,
        "input_cost_usd": 0.049790799999999996,
        "output_cost_usd": 0.0011168,
        "total_cost_usd": 0.050907600000000004
    }
}