{
    "f1_micro": 0.3319796954314721,
    "f1_macro": 0.32733333333333337,
    "micro_precision": 0.3343558282208589,
    "micro_recall": 0.32963709677419356,
    "total_instances": 15,
    "total_tp": 327,
    "total_fp": 651,
    "total_fn": 665,
    "cost_summary": {
        "total_input_tokens": 554730,
        "total_output_tokens": 12291,
        "total_tokens": 567021,
        "input_cost_usd": 0.0832095,
        "output_cost_usd": 0.0073746,
        "total_cost_usd": 0.09058409999999999
    }
}