{
    "fuzzy": 0.37388814826024924,
    "cost_summary": {
        "total_input_tokens": 33900,
        "total_output_tokens": 1807,
        "total_tokens": 35707,
        "input_cost_usd": 0.0678,
        "output_cost_usd": 0.010841999999999997,
        "total_cost_usd": 0.07864199999999999
    }
}