{
    "fuzzy": 0.5382372072810214,
    "cost_summary": {
        "total_input_tokens": 15016,
        "total_output_tokens": 5424,
        "total_tokens": 20440,
        "input_cost_usd": 0.030032,
        "output_cost_usd": 0.027120000000000002,
        "total_cost_usd": 0.057151999999999994
    }
}