{
    "fuzzy": 0.0,
    "cer": 1.0,
    "cost_summary": {
        "total_input_tokens": 3930,
        "total_output_tokens": 1128,
        "total_tokens": 5058,
        "input_cost_usd": 0.0015720000000000003,
        "output_cost_usd": 0.0022559999999999998,
        "total_cost_usd": 0.0038280000000000002
    }
}