{
    "f1_micro": 0.8736624741880984,
    "f1_macro": 0.8283606557377049,
    "micro_precision": 0.8284086863652546,
    "micro_recall": 0.9241461477362987,
    "total_instances": 61,
    "total_tp": 2327,
    "total_fp": 482,
    "total_fn": 191,
    "cost_summary": {
        "total_input_tokens": 90463,
        "total_output_tokens": 61746,
        "total_tokens": 152209,
        "input_cost_usd": 0.009046299999999997,
        "output_cost_usd": 0.024698399999999992,
        "total_cost_usd": 0.0337447
    }
}