{
    "fuzzy": 0.39502807076012514,
    "cost_summary": {
        "total_input_tokens": 145540,
        "total_output_tokens": 7097,
        "total_tokens": 152637,
        "input_cost_usd": 0.29107999999999995,
        "output_cost_usd": 0.07097,
        "total_cost_usd": 0.36205000000000004
    }
}