{
    "fuzzy": 0.8007747225110153,
    "cost_summary": {
        "total_input_tokens": 75238,
        "total_output_tokens": 3689,
        "total_tokens": 78927,
        "input_cost_usd": 0.13166649999999996,
        "output_cost_usd": 0.05164599999999998,
        "total_cost_usd": 0.18331249999999996
    }
}