{
    "f1": 0.0,
    "precision": 0.0,
    "recall": 0.0,
    "mean_iou": 0.0,
    "true_positives": 0,
    "false_positives": 123,
    "false_negatives": 126,
    "num_pages": 46,
    "cost_summary": {
        "total_input_tokens": 111366,
        "total_output_tokens": 4344,
        "total_tokens": 115710,
        "input_cost_usd": 0.11136600000000013,
        "output_cost_usd": 0.021720000000000003,
        "total_cost_usd": 0.13308599999999998
    }
}