{
    "fuzzy": 93.30092288039813,
    "n": 50,
    "cost_summary": {
        "total_input_tokens": 40325,
        "total_output_tokens": 35511,
        "total_tokens": 75836,
        "input_cost_usd": 0.020162499999999996,
        "output_cost_usd": 0.0532665,
        "total_cost_usd": 0.073429
    }
}