{
    "f1_macro": 0.62,
    "f1_micro": 0.58,
    "cost_summary": {
        "total_input_tokens": 137358,
        "total_output_tokens": 2917,
        "total_tokens": 140275,
        "input_cost_usd": 0.6867899999999998,
        "output_cost_usd": 0.072925,
        "total_cost_usd": 0.759715
    }
}