{
    "f1_macro": 0.5508208271683225,
    "f1_micro": 0.5853658536585366
}