{
    "fuzzy": 0.181,
    "cer": 0.916,
    "cost_summary": {
        "total_input_tokens": 9036,
        "total_output_tokens": 1866,
        "total_tokens": 10902,
        "input_cost_usd": 0.0009036000000000002,
        "output_cost_usd": 0.0005598,
        "total_cost_usd": 0.0014633999999999997
    }
}