{
    "fuzzy": 93.8352528070891,
    "n": 50,
    "cost_summary": {
        "total_input_tokens": 32177,
        "total_output_tokens": 410865,
        "total_tokens": 443042,
        "input_cost_usd": 0.01254903,
        "output_cost_usd": 0.9614241,
        "total_cost_usd": 0.97397313
    }
}