{
    "f1_micro": 0.4485101934134867,
    "f1_macro": 0.45,
    "micro_precision": 0.46579804560260585,
    "micro_recall": 0.4324596774193548,
    "total_instances": 15,
    "total_tp": 429,
    "total_fp": 492,
    "total_fn": 563,
    "cost_summary": {
        "total_input_tokens": 40846,
        "total_output_tokens": 92687,
        "total_tokens": 133533,
        "input_cost_usd": 0.0020423,
        "output_cost_usd": 0.03707479999999999,
        "total_cost_usd": 0.0391171
    }
}