{
    "f1_macro": 0.5,
    "f1_micro": 0.47,
    "cost_summary": {
        "total_input_tokens": 39286,
        "total_output_tokens": 561,
        "total_tokens": 39847,
        "input_cost_usd": 0.019642999999999997,
        "output_cost_usd": 0.0008415,
        "total_cost_usd": 0.020484499999999996
    }
}