{
    "f1_macro": 0.41,
    "f1_micro": 0.52,
    "cost_summary": {
        "total_input_tokens": 103465,
        "total_output_tokens": 2625,
        "total_tokens": 106090,
        "input_cost_usd": 0.020175675000000004,
        "output_cost_usd": 0.0040950000000000005,
        "total_cost_usd": 0.024270675
    }
}