{
    "f1_macro": 0.43,
    "f1_micro": 0.51,
    "cost_summary": {
        "total_input_tokens": 91650,
        "total_output_tokens": 1631,
        "total_tokens": 93281,
        "input_cost_usd": 0.13747499999999999,
        "output_cost_usd": 0.012232499999999999,
        "total_cost_usd": 0.14970749999999994
    }
}