{
    "f1_micro": 0.001988071570576541,
    "f1_macro": 0.0006666666666666666,
    "micro_precision": 0.07142857142857142,
    "micro_recall": 0.0010080645161290322,
    "total_instances": 15,
    "total_tp": 1,
    "total_fp": 13,
    "total_fn": 991,
    "cost_summary": {
        "total_input_tokens": 8220,
        "total_output_tokens": 1388,
        "total_tokens": 9608,
        "input_cost_usd": 0.0008220000000000004,
        "output_cost_usd": 0.00041639999999999993,
        "total_cost_usd": 0.0012384000000000002
    }
}