{
    "fuzzy": 0.663,
    "cer": 0.359,
    "cost_summary": {
        "total_input_tokens": 39408,
        "total_output_tokens": 2763,
        "total_tokens": 42171,
        "input_cost_usd": 0.009852,
        "output_cost_usd": 0.005526,
        "total_cost_usd": 0.015378000000000001
    }
}