{
    "fuzzy": 0.5221808491795941,
    "cost_summary": {
        "total_input_tokens": 7915,
        "total_output_tokens": 8291,
        "total_tokens": 16206,
        "input_cost_usd": 0.00989375,
        "output_cost_usd": 0.08291,
        "total_cost_usd": 0.09280375
    }
}