{
    "fuzzy": 0.65,
    "cer": 0.383,
    "cost_summary": {
        "total_input_tokens": 21192,
        "total_output_tokens": 2274,
        "total_tokens": 23466,
        "input_cost_usd": 0.052980000000000006,
        "output_cost_usd": 0.022740000000000003,
        "total_cost_usd": 0.07571999999999998
    }
}