{
    "f1_micro": 0.044961862705740666,
    "f1_macro": 0.04684410646387833,
    "micro_precision": 0.04361370716510903,
    "micro_recall": 0.0463960231980116,
    "total_instances": 263,
    "total_tp": 112,
    "total_fp": 2456,
    "total_fn": 2302,
    "cost_summary": {
        "total_input_tokens": 787234,
        "total_output_tokens": 69475,
        "total_tokens": 856709,
        "input_cost_usd": 1.574468000000005,
        "output_cost_usd": 0.6947500000000001,
        "total_cost_usd": 2.2692180000000004
    }
}