{
    "fuzzy": 79.07654006389272,
    "n": 50,
    "cost_summary": {
        "total_input_tokens": 44830,
        "total_output_tokens": 69277,
        "total_tokens": 114107,
        "input_cost_usd": 0.08965999999999999,
        "output_cost_usd": 0.4156619999999999,
        "total_cost_usd": 0.5053219999999999
    }
}