{
    "f1_macro": 0.45,
    "f1_micro": 0.56,
    "cost_summary": {
        "total_input_tokens": 46819,
        "total_output_tokens": 2423,
        "total_tokens": 49242,
        "input_cost_usd": 0.003511425000000001,
        "output_cost_usd": 0.0007268999999999999,
        "total_cost_usd": 0.004238325
    }
}