{
    "f1_micro": 0.7757244855102897,
    "f1_macro": 0.7735361216730038,
    "micro_precision": 0.7869620792501065,
    "micro_recall": 0.7648033126293996,
    "total_instances": 263,
    "total_tp": 1847,
    "total_fp": 500,
    "total_fn": 568,
    "cost_summary": {
        "total_input_tokens": 462166,
        "total_output_tokens": 41296,
        "total_tokens": 503462,
        "input_cost_usd": 0.184866,
        "output_cost_usd": 0.082592,
        "total_cost_usd": 0.267458,
        "pricing_date": "2025-10-01",
        "input_price_per_million": 0.4,
        "output_price_per_million": 2.0
    }
}