{
    "f1_macro": 0.55,
    "f1_micro": 0.51,
    "cost_summary": {
        "total_input_tokens": 157824,
        "total_output_tokens": 2271,
        "total_tokens": 160095,
        "input_cost_usd": 0.012625919999999992,
        "output_cost_usd": 0.0006813,
        "total_cost_usd": 0.013307219999999996
    }
}