{
    "fuzzy": 0.827224248838423,
    "cost_summary": {
        "total_input_tokens": 48756,
        "total_output_tokens": 143037,
        "total_tokens": 191793,
        "input_cost_usd": 0.009751199999999993,
        "output_cost_usd": 0.16449255000000002,
        "total_cost_usd": 0.17424374999999995
    }
}