{
    "f1_micro": 0.37480954799390553,
    "f1_macro": 0.35733333333333334,
    "micro_precision": 0.37768679631525076,
    "micro_recall": 0.3719758064516129,
    "total_instances": 15,
    "total_tp": 369,
    "total_fp": 608,
    "total_fn": 623,
    "cost_summary": {
        "total_input_tokens": 34650,
        "total_output_tokens": 13709,
        "total_tokens": 48359,
        "input_cost_usd": 0.05197500000000001,
        "output_cost_usd": 0.1028175,
        "total_cost_usd": 0.15479249999999997
    }
}