{
    "fuzzy": 0.773113112660661,
    "cost_summary": {
        "total_input_tokens": 93631,
        "total_output_tokens": 13587,
        "total_tokens": 107218,
        "input_cost_usd": 0.01872620000000001,
        "output_cost_usd": 0.0027174,
        "total_cost_usd": 0.0214436
    }
}