{
    "fuzzy": 0.87,
    "cer": 0.141,
    "cost_summary": {
        "total_input_tokens": 3935,
        "total_output_tokens": 10076,
        "total_tokens": 14011,
        "input_cost_usd": 0.0011805,
        "output_cost_usd": 0.025189999999999997,
        "total_cost_usd": 0.026370500000000005
    }
}