{
    "f1_macro": 0.54,
    "f1_micro": 0.52,
    "cost_summary": {
        "total_input_tokens": 44436,
        "total_output_tokens": 3764,
        "total_tokens": 48200,
        "input_cost_usd": 0.013330799999999995,
        "output_cost_usd": 0.009410000000000002,
        "total_cost_usd": 0.022740800000000005
    }
}