{
    "fuzzy": 0.9079150325007159,
    "cost_summary": {
        "total_input_tokens": 70455,
        "total_output_tokens": 13523,
        "total_tokens": 83978,
        "input_cost_usd": 0.007045500000000004,
        "output_cost_usd": 0.0054092,
        "total_cost_usd": 0.0124547
    }
}