{
    "f1_micro": 0.746793545717832,
    "f1_macro": 0.7319391634980988,
    "micro_precision": 0.7461761058288549,
    "micro_recall": 0.7474120082815735,
    "total_instances": 263,
    "total_tp": 1805,
    "total_fp": 614,
    "total_fn": 610,
    "cost_summary": {
        "total_input_tokens": 460660,
        "total_output_tokens": 863066,
        "total_tokens": 1323726,
        "input_cost_usd": 1.38198,
        "output_cost_usd": 12.94599,
        "total_cost_usd": 14.32797,
        "pricing_date": "2025-10-20",
        "input_price_per_million": 3.0,
        "output_price_per_million": 15.0
    }
}