{
    "f1_macro": 0.53,
    "f1_micro": 0.6,
    "cost_summary": {
        "total_input_tokens": 18540,
        "total_output_tokens": 1829,
        "total_tokens": 20369,
        "input_cost_usd": 0.002410200000000001,
        "output_cost_usd": 0.0006950199999999998,
        "total_cost_usd": 0.00310522
    }
}