{
    "f1": 0.0,
    "precision": 0.0,
    "recall": 0.0,
    "mean_iou": 0.0,
    "true_positives": 0,
    "false_positives": 1043,
    "false_negatives": 126,
    "num_pages": 46,
    "cost_summary": {
        "total_input_tokens": 12282,
        "total_output_tokens": 25654,
        "total_tokens": 37936,
        "input_cost_usd": 0.024563999999999992,
        "output_cost_usd": 0.15392399999999995,
        "total_cost_usd": 0.17848800000000004
    }
}