{
    "fuzzy": 0.6646623155464176,
    "cost_summary": {
        "total_input_tokens": 14809,
        "total_output_tokens": 8986,
        "total_tokens": 23795,
        "input_cost_usd": 0.22213499999999997,
        "output_cost_usd": 0.6739499999999999,
        "total_cost_usd": 0.8960849999999999
    }
}