{
    "fuzzy": 0.5263157894736842,
    "cost_summary": {
        "total_input_tokens": 2665,
        "total_output_tokens": 95,
        "total_tokens": 2760,
        "input_cost_usd": 0.00026649999999999997,
        "output_cost_usd": 3.8e-05,
        "total_cost_usd": 0.0003045
    }
}