{
    "f1_micro": 0.74624765478424,
    "f1_macro": 0.6371863117870723,
    "micro_precision": 0.8604651162790697,
    "micro_recall": 0.6587991718426501,
    "total_instances": 263,
    "total_tp": 1591,
    "total_fp": 258,
    "total_fn": 824,
    "cost_summary": {
        "total_input_tokens": 496006,
        "total_output_tokens": 3098256,
        "total_tokens": 3594262,
        "input_cost_usd": 0.04960060000000002,
        "output_cost_usd": 0.46473840000000005,
        "total_cost_usd": 0.5143389999999999
    }
}