{
    "fuzzy": 0.8937049912749041,
    "cost_summary": {
        "total_input_tokens": 84238,
        "total_output_tokens": 6162,
        "total_tokens": 90400,
        "input_cost_usd": 1.2635700000000005,
        "output_cost_usd": 0.46215000000000006,
        "total_cost_usd": 1.7257199999999997
    }
}