{
    "fuzzy": 91.77514968691446,
    "n": 50,
    "cost_summary": {
        "total_input_tokens": 33621,
        "total_output_tokens": 189522,
        "total_tokens": 223143,
        "input_cost_usd": 0.008405250000000001,
        "output_cost_usd": 0.37904399999999994,
        "total_cost_usd": 0.38744925
    }
}