{
    "f1_micro": 0.42057942057942055,
    "f1_macro": 0.43066666666666664,
    "micro_precision": 0.4168316831683168,
    "micro_recall": 0.42439516129032256,
    "total_instances": 15,
    "total_tp": 421,
    "total_fp": 589,
    "total_fn": 571,
    "cost_summary": {
        "total_input_tokens": 17347,
        "total_output_tokens": 13358,
        "total_tokens": 30705,
        "input_cost_usd": 0.034694,
        "output_cost_usd": 0.080148,
        "total_cost_usd": 0.114842,
        "pricing_date": "2025-10-28",
        "input_price_per_million": 2.0,
        "output_price_per_million": 6.0
    }
}