{
    "f1_macro": 0.48,
    "f1_micro": 0.57,
    "cost_summary": {
        "total_input_tokens": 46819,
        "total_output_tokens": 2171,
        "total_tokens": 48990,
        "input_cost_usd": 0.004681899999999999,
        "output_cost_usd": 0.0008684,
        "total_cost_usd": 0.0055503
    }
}