{
    "f1_macro": 0.43,
    "f1_micro": 0.57,
    "cost_summary": {
        "total_input_tokens": 91650,
        "total_output_tokens": 1957,
        "total_tokens": 93607,
        "input_cost_usd": 0.009165000000000003,
        "output_cost_usd": 0.0005871,
        "total_cost_usd": 0.009752100000000001
    }
}