{
    "fuzzy": 0.8619478638118572,
    "cost_summary": {
        "total_input_tokens": 90736,
        "total_output_tokens": 4247,
        "total_tokens": 94983,
        "input_cost_usd": 0.13610399999999998,
        "output_cost_usd": 0.03185249999999999,
        "total_cost_usd": 0.16795649999999993
    }
}