{
    "fuzzy": 0.765,
    "cer": 0.264,
    "cost_summary": {
        "total_input_tokens": 40236,
        "total_output_tokens": 2650,
        "total_tokens": 42886,
        "input_cost_usd": 0.10059000000000001,
        "output_cost_usd": 0.03975,
        "total_cost_usd": 0.14034000000000002
    }
}