{
    "f1_micro": 0.7977504686523642,
    "f1_macro": 0.765893536121673,
    "micro_precision": 0.8025984911986589,
    "micro_recall": 0.7929606625258799,
    "total_instances": 263,
    "total_tp": 1915,
    "total_fp": 471,
    "total_fn": 500,
    "cost_summary": {
        "total_input_tokens": 488316,
        "total_output_tokens": 42223,
        "total_tokens": 530539,
        "input_cost_usd": 0.9766320000000024,
        "output_cost_usd": 0.2533380000000001,
        "total_cost_usd": 1.229969999999999
    }
}