{
    "f1_macro": 0.0,
    "f1_micro": 0.0,
    "cost_summary": {
        "total_input_tokens": 18720,
        "total_output_tokens": 1408,
        "total_tokens": 20128,
        "input_cost_usd": 0.03744,
        "output_cost_usd": 0.007039999999999997,
        "total_cost_usd": 0.04448000000000001
    }
}