{
    "f1_macro": 0.53,
    "f1_micro": 0.61,
    "cost_summary": {
        "total_input_tokens": 102920,
        "total_output_tokens": 1902,
        "total_tokens": 104822,
        "input_cost_usd": 0.041167999999999996,
        "output_cost_usd": 0.0060864000000000005,
        "total_cost_usd": 0.0472544
    }
}