{
    "f1_micro": 0.8659251769464105,
    "f1_macro": 0.8602281368821293,
    "micro_precision": 0.8462450592885375,
    "micro_recall": 0.8865424430641822,
    "total_instances": 263,
    "total_tp": 2141,
    "total_fp": 389,
    "total_fn": 274,
    "cost_summary": {
        "total_input_tokens": 187256,
        "total_output_tokens": 38205,
        "total_tokens": 225461,
        "input_cost_usd": 0.05617680000000022,
        "output_cost_usd": 0.09551250000000004,
        "total_cost_usd": 0.15168929999999992
    }
}