{
    "f1_micro": 0.8844453799200168,
    "f1_macro": 0.8819771863117871,
    "micro_precision": 0.8994006849315068,
    "micro_recall": 0.8699792960662526,
    "total_instances": 263,
    "total_tp": 2101,
    "total_fp": 235,
    "total_fn": 314
}