{
    "f1_micro": 0.8500590318772138,
    "f1_macro": 0.8445247148288972,
    "micro_precision": 0.8192457737321196,
    "micro_recall": 0.8832807570977917,
    "total_instances": 263,
    "total_tp": 2520,
    "total_fp": 556,
    "total_fn": 333
}