{
    "f1_micro": 0.852619167929931,
    "f1_macro": 0.8472623574144487,
    "micro_precision": 0.8228218465539662,
    "micro_recall": 0.8846557147850402,
    "total_instances": 263,
    "total_tp": 2531,
    "total_fp": 545,
    "total_fn": 330
}