{
    "f1_micro": 0.8795459323102797,
    "f1_macro": 0.8774144486692015,
    "micro_precision": 0.8955479452054794,
    "micro_recall": 0.8641057414291615,
    "total_instances": 263,
    "total_tp": 2092,
    "total_fp": 244,
    "total_fn": 329
}