{
    "f1_micro": 0.8970743001473375,
    "f1_macro": 0.8939163498098859,
    "micro_precision": 0.9122431506849316,
    "micro_recall": 0.8824016563146998,
    "total_instances": 263,
    "total_tp": 2131,
    "total_fp": 205,
    "total_fn": 284
}