{
    "f1_micro": 0.871565235090576,
    "f1_macro": 0.8697718631178707,
    "micro_precision": 0.8657501010917914,
    "micro_recall": 0.8774590163934426,
    "total_instances": 263,
    "total_tp": 2141,
    "total_fp": 332,
    "total_fn": 299
}