{
    "f1_micro": 0.8675235646958013,
    "f1_macro": 0.8633460076045627,
    "micro_precision": 0.8507563025210084,
    "micro_recall": 0.884965034965035,
    "total_instances": 263,
    "total_tp": 2531,
    "total_fp": 444,
    "total_fn": 329
}