{
    "f1_micro": 0.8831223628691983,
    "f1_macro": 0.8812927756653992,
    "micro_precision": 0.8959760273972602,
    "micro_recall": 0.8706322795341098,
    "total_instances": 263,
    "total_tp": 2093,
    "total_fp": 243,
    "total_fn": 311
}