{
    "f1_macro": 0.5188121819700767,
    "f1_micro": 0.5194805194805195
}