{
    "f1_macro": 0.0,
    "f1_micro": 0.0,
    "cost_summary": {
        "total_input_tokens": 14625,
        "total_output_tokens": 1110,
        "total_tokens": 15735,
        "input_cost_usd": 0.0014624999999999994,
        "output_cost_usd": 0.000333,
        "total_cost_usd": 0.0017954999999999996
    }
}