{
    "f1_micro": 0.23353573096683794,
    "f1_macro": 0.23600000000000002,
    "micro_precision": 0.2175805047867711,
    "micro_recall": 0.25201612903225806,
    "total_instances": 15,
    "total_tp": 250,
    "total_fp": 899,
    "total_fn": 742,
    "cost_summary": {
        "total_input_tokens": 41767,
        "total_output_tokens": 51885,
        "total_tokens": 93652,
        "input_cost_usd": 0.0,
        "output_cost_usd": 0.0,
        "total_cost_usd": 0.0
    }
}