{
    "fuzzy": 0.8620106634132588,
    "cost_summary": {
        "total_input_tokens": 50703,
        "total_output_tokens": 4958,
        "total_tokens": 55661,
        "input_cost_usd": 0.1267575,
        "output_cost_usd": 0.07437,
        "total_cost_usd": 0.2011275
    }
}