{
    "f1_micro": 0.5347432024169184,
    "f1_macro": 0.544,
    "micro_precision": 0.53420523138833,
    "micro_recall": 0.5352822580645161,
    "total_instances": 15,
    "total_tp": 531,
    "total_fp": 463,
    "total_fn": 461,
    "cost_summary": {
        "total_input_tokens": 47094,
        "total_output_tokens": 50061,
        "total_tokens": 97155,
        "input_cost_usd": 0.007652775,
        "output_cost_usd": 0.0650793,
        "total_cost_usd": 0.07273207499999998
    }
}