{
    "f1_micro": 0.14014598540145984,
    "f1_macro": 0.14733333333333334,
    "micro_precision": 0.1354656632173095,
    "micro_recall": 0.14516129032258066,
    "total_instances": 15,
    "total_tp": 144,
    "total_fp": 919,
    "total_fn": 848,
    "cost_summary": {
        "total_input_tokens": 10374,
        "total_output_tokens": 19905,
        "total_tokens": 30279,
        "input_cost_usd": 0.0008299199999999999,
        "output_cost_usd": 0.006966749999999999,
        "total_cost_usd": 0.007796669999999999
    }
}