{
    "f1_micro": 0.8222409435551812,
    "f1_macro": 0.8146768060836501,
    "micro_precision": 0.8366909558508359,
    "micro_recall": 0.8082815734989648,
    "total_instances": 263,
    "total_tp": 1952,
    "total_fp": 381,
    "total_fn": 463
}