{
    "f1_micro": 0.8123284779396241,
    "f1_macro": 0.8063117870722434,
    "micro_precision": 0.8246892413201886,
    "micro_recall": 0.800332778702163,
    "total_instances": 263,
    "total_tp": 1924,
    "total_fp": 409,
    "total_fn": 480
}