{
    "f1_micro": 0.796708107161618,
    "f1_macro": 0.7894296577946768,
    "micro_precision": 0.7979656260961067,
    "micro_recall": 0.7954545454545454,
    "total_instances": 263,
    "total_tp": 2275,
    "total_fp": 576,
    "total_fn": 585
}