{
    "f1_micro": 0.8186790071518721,
    "f1_macro": 0.8111026615969581,
    "micro_precision": 0.8341191598799829,
    "micro_recall": 0.8038000826104915,
    "total_instances": 263,
    "total_tp": 1946,
    "total_fp": 387,
    "total_fn": 475
}