{
    "f1_micro": 0.7973962571196094,
    "f1_macro": 0.7926996197718631,
    "micro_precision": 0.7915993537964459,
    "micro_recall": 0.8032786885245902,
    "total_instances": 263,
    "total_tp": 1960,
    "total_fp": 516,
    "total_fn": 480
}