{
    "f1_micro": 0.8374052232518955,
    "f1_macro": 0.829657794676806,
    "micro_precision": 0.8521217316759537,
    "micro_recall": 0.8231884057971014,
    "total_instances": 263,
    "total_tp": 1988,
    "total_fp": 345,
    "total_fn": 427
}