{
    "f1_micro": 0.7827283674522623,
    "f1_macro": 0.7745247148288973,
    "micro_precision": 0.7706639566395664,
    "micro_recall": 0.7951765117091926,
    "total_instances": 263,
    "total_tp": 2275,
    "total_fp": 677,
    "total_fn": 586
}