{
    "fuzzy": 0.04670258658710439,
    "cost_summary": {
        "total_input_tokens": 4946,
        "total_output_tokens": 2194,
        "total_tokens": 7140,
        "input_cost_usd": 0.0019784000000000004,
        "output_cost_usd": 0.004388,
        "total_cost_usd": 0.006366400000000001
    }
}