{
    "f1_micro": 0.30736163353036006,
    "f1_macro": 0.29333333333333333,
    "micro_precision": 0.3291139240506329,
    "micro_recall": 0.28830645161290325,
    "total_instances": 15,
    "total_tp": 286,
    "total_fp": 583,
    "total_fn": 706,
    "cost_summary": {
        "total_input_tokens": 4804,
        "total_output_tokens": 12809,
        "total_tokens": 17613,
        "input_cost_usd": 0.00062452,
        "output_cost_usd": 0.00486742,
        "total_cost_usd": 0.00549194
    }
}