{
    "f1_micro": 0.6719347438185063,
    "f1_macro": 0.5299619771863118,
    "micro_precision": 0.8740053050397878,
    "micro_recall": 0.5457556935817806,
    "total_instances": 263,
    "total_tp": 1318,
    "total_fp": 190,
    "total_fn": 1097,
    "cost_summary": {
        "total_input_tokens": 245334,
        "total_output_tokens": 29044,
        "total_tokens": 274378,
        "input_cost_usd": 0.49066799999999916,
        "output_cost_usd": 0.3485280000000001,
        "total_cost_usd": 0.8391960000000002
    }
}