{
    "f1_macro": 0.55,
    "f1_micro": 0.65,
    "cost_summary": {
        "total_input_tokens": 103020,
        "total_output_tokens": 4801,
        "total_tokens": 107821,
        "input_cost_usd": 0.041207999999999995,
        "output_cost_usd": 0.0076815999999999985,
        "total_cost_usd": 0.04888959999999999
    }
}