{
    "f1_micro": 0.8503359804520465,
    "f1_macro": 0.8402281368821293,
    "micro_precision": 0.8365384615384616,
    "micro_recall": 0.8645962732919255,
    "total_instances": 263,
    "total_tp": 2088,
    "total_fp": 408,
    "total_fn": 327,
    "cost_summary": {
        "total_input_tokens": 634168,
        "total_output_tokens": 54479,
        "total_tokens": 688647,
        "input_cost_usd": 1.902503999999995,
        "output_cost_usd": 0.817185,
        "total_cost_usd": 2.7196889999999994
    }
}