{
    "fuzzy": 0.6534479568163537,
    "cost_summary": {
        "total_input_tokens": 17504,
        "total_output_tokens": 10117,
        "total_tokens": 27621,
        "input_cost_usd": 0.007001600000000001,
        "output_cost_usd": 0.032374400000000005,
        "total_cost_usd": 0.039376
    }
}