{
    "f1_micro": 0.06327991385317032,
    "f1_macro": 0.10622950819672132,
    "micro_precision": 0.03445778145695364,
    "micro_recall": 0.38690937257939584,
    "total_instances": 61,
    "total_tp": 999,
    "total_fp": 27993,
    "total_fn": 1583,
    "cost_summary": {
        "total_input_tokens": 125483,
        "total_output_tokens": 717530,
        "total_tokens": 843013,
        "input_cost_usd": 0.250966,
        "output_cost_usd": 4.30518,
        "total_cost_usd": 4.556145999999999
    }
}