{
    "f1_micro": 0.6927634363097757,
    "f1_macro": 0.6846007604562738,
    "micro_precision": 0.7083513630463003,
    "micro_recall": 0.6778467908902691,
    "total_instances": 263,
    "total_tp": 1637,
    "total_fp": 674,
    "total_fn": 778,
    "cost_summary": {
        "total_input_tokens": 185415,
        "total_output_tokens": 214729,
        "total_tokens": 400144,
        "input_cost_usd": 0.018541,
        "output_cost_usd": 0.085892,
        "total_cost_usd": 0.104433,
        "pricing_date": "2025-10-01",
        "input_price_per_million": 0.1,
        "output_price_per_million": 0.4
    }
}