{
    "f1_micro": 0.8221611334320154,
    "f1_macro": 0.802851711026616,
    "micro_precision": 0.8401037165082109,
    "micro_recall": 0.8049689440993789,
    "total_instances": 263,
    "total_tp": 1944,
    "total_fp": 370,
    "total_fn": 471,
    "cost_summary": {
        "total_input_tokens": 478776,
        "total_output_tokens": 381523,
        "total_tokens": 860299,
        "input_cost_usd": 0.12448176000000023,
        "output_cost_usd": 0.5951758799999997,
        "total_cost_usd": 0.71965764
    }
}