{
    "f1_micro": 0.1259625163446172,
    "f1_macro": 0.11049180327868853,
    "micro_precision": 0.07708036984352774,
    "micro_recall": 0.3443208895949166,
    "total_instances": 61,
    "total_tp": 867,
    "total_fp": 10381,
    "total_fn": 1651,
    "cost_summary": {
        "total_input_tokens": 110410,
        "total_output_tokens": 223464,
        "total_tokens": 333874,
        "input_cost_usd": 0.01656149999999998,
        "output_cost_usd": 0.0335196,
        "total_cost_usd": 0.0500811
    }
}