{
    "f1_micro": 0.7895961091139775,
    "f1_macro": 0.775703422053232,
    "micro_precision": 0.806828003457217,
    "micro_recall": 0.7730848861283643,
    "total_instances": 263,
    "total_tp": 1867,
    "total_fp": 447,
    "total_fn": 548,
    "cost_summary": {
        "total_input_tokens": 506369,
        "total_output_tokens": 41064,
        "total_tokens": 547433,
        "input_cost_usd": 0.20254760000000033,
        "output_cost_usd": 0.08212800000000003,
        "total_cost_usd": 0.2846756
    }
}