{
    "fuzzy": 91.01289414265295,
    "n": 50,
    "cost_summary": {
        "total_input_tokens": 32893,
        "total_output_tokens": 259745,
        "total_tokens": 292638,
        "input_cost_usd": 0.04111625000000001,
        "output_cost_usd": 2.5974500000000007,
        "total_cost_usd": 2.6385662500000002
    }
}