{
    "f1_micro": 0.9000815660685155,
    "f1_macro": 0.8909505703422053,
    "micro_precision": 0.8867014865407794,
    "micro_recall": 0.913871635610766,
    "total_instances": 263,
    "total_tp": 2207,
    "total_fp": 282,
    "total_fn": 208,
    "cost_summary": {
        "total_input_tokens": 696520,
        "total_output_tokens": 47772,
        "total_tokens": 744292,
        "input_cost_usd": 1.3930399999999987,
        "output_cost_usd": 0.5732640000000001,
        "total_cost_usd": 1.9663040000000003
    }
}