{
    "f1_micro": 0.8767239550180354,
    "f1_macro": 0.7445901639344262,
    "micro_precision": 0.9412300683371299,
    "micro_recall": 0.8204924543288324,
    "total_instances": 61,
    "total_tp": 2066,
    "total_fp": 129,
    "total_fn": 452,
    "cost_summary": {
        "total_input_tokens": 252769,
        "total_output_tokens": 646724,
        "total_tokens": 899493,
        "input_cost_usd": 0.025276899999999998,
        "output_cost_usd": 0.09700859999999999,
        "total_cost_usd": 0.12228550000000002
    }
}