{
    "f1_micro": 0.960270162892332,
    "f1_macro": 0.8886885245901639,
    "micro_precision": 0.9606518282988871,
    "micro_recall": 0.9598888006354249,
    "total_instances": 61,
    "total_tp": 2417,
    "total_fp": 99,
    "total_fn": 101,
    "cost_summary": {
        "total_input_tokens": 320404,
        "total_output_tokens": 251085,
        "total_tokens": 571489,
        "input_cost_usd": 0.10413129999999994,
        "output_cost_usd": 0.48961575000000007,
        "total_cost_usd": 0.59374705
    }
}