{
    "f1_macro": 0.78,
    "f1_micro": 0.89,
    "cost_summary": {
        "total_input_tokens": 167010,
        "total_output_tokens": 2443,
        "total_tokens": 169453,
        "input_cost_usd": 0.8350499999999995,
        "output_cost_usd": 0.061075000000000004,
        "total_cost_usd": 0.8961249999999998
    }
}