{
    "f1_macro": 0.52,
    "f1_micro": 0.48,
    "cost_summary": {
        "total_input_tokens": 187102,
        "total_output_tokens": 2594,
        "total_tokens": 189696,
        "input_cost_usd": 0.02806530000000002,
        "output_cost_usd": 0.0015563999999999999,
        "total_cost_usd": 0.0296217
    }
}