{
    "fuzzy": 0.672,
    "cer": 0.343,
    "cost_summary": {
        "total_input_tokens": 8090,
        "total_output_tokens": 8160,
        "total_tokens": 16250,
        "input_cost_usd": 0.0020225,
        "output_cost_usd": 0.01224,
        "total_cost_usd": 0.014262500000000001
    }
}