{
    "f1_micro": 0.8767232767232768,
    "f1_macro": 0.8688212927756654,
    "micro_precision": 0.8471042471042471,
    "micro_recall": 0.9084886128364389,
    "total_instances": 263,
    "total_tp": 2194,
    "total_fp": 396,
    "total_fn": 221,
    "cost_summary": {
        "total_input_tokens": 478541,
        "total_output_tokens": 50188,
        "total_tokens": 528729,
        "input_cost_usd": 0.12442066000000013,
        "output_cost_usd": 0.10439104000000002,
        "total_cost_usd": 0.22881170000000003
    }
}