{
    "f1_micro": 0.16178929765886285,
    "f1_macro": 0.15655737704918035,
    "micro_precision": 0.1707855251544572,
    "micro_recall": 0.15369340746624305,
    "total_instances": 61,
    "total_tp": 387,
    "total_fp": 1879,
    "total_fn": 2131,
    "cost_summary": {
        "total_input_tokens": 248371,
        "total_output_tokens": 59759,
        "total_tokens": 308130,
        "input_cost_usd": 1.2418550000000002,
        "output_cost_usd": 1.4939749999999996,
        "total_cost_usd": 2.735829999999999
    }
}