{
    "f1_micro": 0.8967957538824454,
    "f1_macro": 0.8544262295081967,
    "micro_precision": 0.8878941222265473,
    "micro_recall": 0.9058776806989675,
    "total_instances": 61,
    "total_tp": 2281,
    "total_fp": 288,
    "total_fn": 237,
    "cost_summary": {
        "total_input_tokens": 319122,
        "total_output_tokens": 516656,
        "total_tokens": 835778,
        "input_cost_usd": 0.0,
        "output_cost_usd": 0.0,
        "total_cost_usd": 0.0
    }
}