{
    "f1_micro": 0.10479573712255773,
    "f1_macro": 0.046000000000000006,
    "micro_precision": 0.44029850746268656,
    "micro_recall": 0.059475806451612906,
    "total_instances": 15,
    "total_tp": 59,
    "total_fp": 75,
    "total_fn": 933,
    "cost_summary": {
        "total_input_tokens": 5443,
        "total_output_tokens": 1588,
        "total_tokens": 7031,
        "input_cost_usd": 0.0027215,
        "output_cost_usd": 0.002382,
        "total_cost_usd": 0.0051035
    }
}