{
    "f1_micro": 0.7260301507537688,
    "f1_macro": 0.7188212927756654,
    "micro_precision": 0.70546875,
    "micro_recall": 0.7478260869565218,
    "total_instances": 263,
    "total_tp": 1806,
    "total_fp": 754,
    "total_fn": 609,
    "cost_summary": {
        "total_input_tokens": 401716,
        "total_output_tokens": 45007,
        "total_tokens": 446723,
        "input_cost_usd": 0.03213727999999998,
        "output_cost_usd": 0.013502099999999998,
        "total_cost_usd": 0.04563938
    }
}