{
    "fuzzy": 0.6176090463062762,
    "cost_summary": {
        "total_input_tokens": 17549,
        "total_output_tokens": 25732,
        "total_tokens": 43281,
        "input_cost_usd": 0.00456274,
        "output_cost_usd": 0.040141920000000005,
        "total_cost_usd": 0.04470466000000001
    }
}