{
    "f1_micro": 0.47806354009077157,
    "f1_macro": 0.4666666666666667,
    "micro_precision": 0.4783047426841574,
    "micro_recall": 0.4778225806451613,
    "total_instances": 15,
    "total_tp": 474,
    "total_fp": 517,
    "total_fn": 518,
    "cost_summary": {
        "total_input_tokens": 48333,
        "total_output_tokens": 21733,
        "total_tokens": 70066,
        "input_cost_usd": 0.24166500000000002,
        "output_cost_usd": 0.65199,
        "total_cost_usd": 0.8936549999999999
    }
}