{
    "fuzzy": 0.6925071908022428,
    "cost_summary": {
        "total_input_tokens": 17539,
        "total_output_tokens": 36324,
        "total_tokens": 53863,
        "input_cost_usd": 0.0070156,
        "output_cost_usd": 0.05811840000000001,
        "total_cost_usd": 0.06513400000000001
    }
}