{
    "f1_micro": 0.8554726869582746,
    "f1_macro": 0.8471482889733841,
    "micro_precision": 0.8334642576590731,
    "micro_recall": 0.8786749482401657,
    "total_instances": 263,
    "total_tp": 2122,
    "total_fp": 424,
    "total_fn": 293,
    "cost_summary": {
        "total_input_tokens": 498059,
        "total_output_tokens": 42068,
        "total_tokens": 540127,
        "input_cost_usd": 0.8716032500000012,
        "output_cost_usd": 0.5889519999999994,
        "total_cost_usd": 1.4605552500000016
    }
}