{
    "f1_macro": 0.56,
    "f1_micro": 0.56,
    "cost_summary": {
        "total_input_tokens": 297006,
        "total_output_tokens": 195753,
        "total_tokens": 492759,
        "input_cost_usd": 0.11583233999999999,
        "output_cost_usd": 0.45806201999999996,
        "total_cost_usd": 0.5738943599999999
    }
}