{
    "f1_micro": 0.37590361445783127,
    "f1_macro": 0.39,
    "micro_precision": 0.3601108033240997,
    "micro_recall": 0.39314516129032256,
    "total_instances": 15,
    "total_tp": 390,
    "total_fp": 693,
    "total_fn": 602,
    "cost_summary": {
        "total_input_tokens": 4275,
        "total_output_tokens": 17667,
        "total_tokens": 21942,
        "input_cost_usd": 0.0004274999999999999,
        "output_cost_usd": 0.007066800000000001,
        "total_cost_usd": 0.007494300000000001
    }
}