{
    "f1_micro": 0.45959595959595956,
    "f1_macro": 0.47533333333333333,
    "micro_precision": 0.4605263157894737,
    "micro_recall": 0.4586693548387097,
    "total_instances": 15,
    "total_tp": 455,
    "total_fp": 533,
    "total_fn": 537,
    "cost_summary": {
        "total_input_tokens": 46781,
        "total_output_tokens": 16286,
        "total_tokens": 63067,
        "input_cost_usd": 0.009122294999999999,
        "output_cost_usd": 0.02540616,
        "total_cost_usd": 0.034528455
    }
}