{
    "f1_macro": 0.6,
    "f1_micro": 0.55,
    "cost_summary": {
        "total_input_tokens": 285909,
        "total_output_tokens": 4082,
        "total_tokens": 289991,
        "input_cost_usd": 0.5718179999999997,
        "output_cost_usd": 0.040819999999999995,
        "total_cost_usd": 0.6126380000000001
    }
}