{
    "fuzzy": 83.66810981552942,
    "n": 50,
    "cost_summary": {
        "total_input_tokens": 40325,
        "total_output_tokens": 31767,
        "total_tokens": 72092,
        "input_cost_usd": 0.01613,
        "output_cost_usd": 0.06353400000000001,
        "total_cost_usd": 0.07966399999999998
    }
}