{
    "f1": 0.502,
    "precision": 0.516,
    "recall": 0.498,
    "mean_iou": 0.477,
    "true_positives": 49,
    "false_positives": 71,
    "false_negatives": 77,
    "num_pages": 46,
    "cost_summary": {
        "total_input_tokens": 110722,
        "total_output_tokens": 82623,
        "total_tokens": 193345,
        "input_cost_usd": 0.0055360999999999995,
        "output_cost_usd": 0.0330492,
        "total_cost_usd": 0.03858529999999999
    }
}