{
    "f1_micro": 0.8645003065603925,
    "f1_macro": 0.8587072243346008,
    "micro_precision": 0.8535108958837773,
    "micro_recall": 0.8757763975155279,
    "total_instances": 263,
    "total_tp": 2115,
    "total_fp": 363,
    "total_fn": 300,
    "cost_summary": {
        "total_input_tokens": 342414,
        "total_output_tokens": 41178,
        "total_tokens": 383592,
        "input_cost_usd": 0.684828000000001,
        "output_cost_usd": 0.247068,
        "total_cost_usd": 0.9318959999999993
    }
}