{
    "fuzzy": 0.6181911421115689,
    "cost_summary": {
        "total_input_tokens": 5832,
        "total_output_tokens": 9675,
        "total_tokens": 15507,
        "input_cost_usd": 0.001458,
        "output_cost_usd": 0.014512500000000001,
        "total_cost_usd": 0.0159705
    }
}