{
    "f1_micro": 0.25763358778625955,
    "f1_macro": 0.19646387832699622,
    "micro_precision": 0.5555555555555556,
    "micro_recall": 0.16770186335403728,
    "total_instances": 263,
    "total_tp": 405,
    "total_fp": 324,
    "total_fn": 2010,
    "cost_summary": {
        "total_input_tokens": 263113,
        "total_output_tokens": 3417252,
        "total_tokens": 3680365,
        "input_cost_usd": 0.0,
        "output_cost_usd": 0.0,
        "total_cost_usd": 0.0,
        "pricing_date": "2025-10-17",
        "input_price_per_million": 0.0,
        "output_price_per_million": 0.0
    }
}