{
    "f1_micro": 0.2589058524173028,
    "f1_macro": 0.19714828897338404,
    "micro_precision": 0.5582990397805213,
    "micro_recall": 0.16853002070393375,
    "total_instances": 263,
    "total_tp": 407,
    "total_fp": 322,
    "total_fn": 2008,
    "cost_summary": {
        "total_input_tokens": 263113,
        "total_output_tokens": 3417252,
        "total_tokens": 3680365,
        "input_cost_usd": 0.0,
        "output_cost_usd": 0.0,
        "total_cost_usd": 0.0,
        "pricing_date": "2025-10-17",
        "input_price_per_million": 0.0,
        "output_price_per_million": 0.0
    }
}