{
    "fuzzy": 0.408,
    "cer": 0.613,
    "cost_summary": {
        "total_input_tokens": 10514,
        "total_output_tokens": 39915,
        "total_tokens": 50429,
        "input_cost_usd": 0.0010514,
        "output_cost_usd": 0.0059872499999999995,
        "total_cost_usd": 0.00703865
    }
}