{
    "f1": 0.0,
    "precision": 0.0,
    "recall": 0.0,
    "mean_iou": 0.0,
    "true_positives": 0,
    "false_positives": 130,
    "false_negatives": 126,
    "num_pages": 46,
    "cost_summary": {
        "total_input_tokens": 13938,
        "total_output_tokens": 5426,
        "total_tokens": 19364,
        "input_cost_usd": 0.0013938000000000008,
        "output_cost_usd": 0.0021704000000000003,
        "total_cost_usd": 0.0035641999999999996
    }
}