{
    "fuzzy": 0.016,
    "cer": 0.994,
    "cost_summary": {
        "total_input_tokens": 18689,
        "total_output_tokens": 3786,
        "total_tokens": 22475,
        "input_cost_usd": 0.0018689000000000002,
        "output_cost_usd": 0.0015144000000000002,
        "total_cost_usd": 0.0033833
    }
}