{
    "fuzzy": 0.462,
    "cer": 0.566,
    "cost_summary": {
        "total_input_tokens": 18840,
        "total_output_tokens": 62926,
        "total_tokens": 81766,
        "input_cost_usd": 0.02354999999999999,
        "output_cost_usd": 0.6292599999999999,
        "total_cost_usd": 0.65281
    }
}