{
    "fuzzy": 0.645,
    "cer": 0.399,
    "cost_summary": {
        "total_input_tokens": 9264,
        "total_output_tokens": 3092,
        "total_tokens": 12356,
        "input_cost_usd": 0.0027792000000000008,
        "output_cost_usd": 0.007729999999999999,
        "total_cost_usd": 0.0105092
    }
}