{
    "f1_macro": 0.51,
    "f1_micro": 0.6,
    "cost_summary": {
        "total_input_tokens": 107953,
        "total_output_tokens": 76162,
        "total_tokens": 184115,
        "input_cost_usd": 0.042101670000000015,
        "output_cost_usd": 0.17821907999999995,
        "total_cost_usd": 0.22032075
    }
}