{
    "fuzzy": 0.9397552859268177,
    "cost_summary": {
        "total_input_tokens": 44967,
        "total_output_tokens": 5443,
        "total_tokens": 50410,
        "input_cost_usd": 0.011241750000000005,
        "output_cost_usd": 0.0081645,
        "total_cost_usd": 0.01940625
    }
}