{
    "fuzzy": 0.467,
    "cer": 0.594,
    "cost_summary": {
        "total_input_tokens": 34128,
        "total_output_tokens": 3462,
        "total_tokens": 37590,
        "input_cost_usd": 0.068256,
        "output_cost_usd": 0.020772,
        "total_cost_usd": 0.08902800000000001
    }
}