{
    "f1_macro": 0.43,
    "f1_micro": 0.51,
    "cost_summary": {
        "total_input_tokens": 103461,
        "total_output_tokens": 2039,
        "total_tokens": 105500,
        "input_cost_usd": 0.026899860000000008,
        "output_cost_usd": 0.00424112,
        "total_cost_usd": 0.03114098
    }
}