{
    "f1_macro": 0.5127515759094706,
    "f1_micro": 0.512987012987013
}