{
    "fuzzy": 0.168,
    "cer": 0.883,
    "cost_summary": {
        "total_input_tokens": 9036,
        "total_output_tokens": 1296,
        "total_tokens": 10332,
        "input_cost_usd": 0.018072,
        "output_cost_usd": 0.006479999999999999,
        "total_cost_usd": 0.024551999999999994
    }
}