{
    "f1": 0.003,
    "precision": 0.003,
    "recall": 0.003,
    "mean_iou": 0.015,
    "true_positives": 1,
    "false_positives": 373,
    "false_negatives": 125,
    "num_pages": 46,
    "cost_summary": {
        "total_input_tokens": 11684,
        "total_output_tokens": 24062,
        "total_tokens": 35746,
        "input_cost_usd": 0.0017525999999999978,
        "output_cost_usd": 0.0036092999999999997,
        "total_cost_usd": 0.0053618999999999984
    }
}