{
    "fuzzy": 91.73177608774522,
    "n": 50,
    "cost_summary": {
        "total_input_tokens": 40325,
        "total_output_tokens": 30312,
        "total_tokens": 70637,
        "input_cost_usd": 0.0040325,
        "output_cost_usd": 0.009093600000000002,
        "total_cost_usd": 0.013126099999999996
    }
}