{
    "fuzzy": 0.22504888058615438,
    "cost_summary": {
        "total_input_tokens": 19734,
        "total_output_tokens": 3737,
        "total_tokens": 23471,
        "input_cost_usd": 0.001973400000000001,
        "output_cost_usd": 0.0011211,
        "total_cost_usd": 0.0030945
    }
}