{
    "fuzzy": 55.0752567749706,
    "n": 50,
    "cost_summary": {
        "total_input_tokens": 40275,
        "total_output_tokens": 21877,
        "total_tokens": 62152,
        "input_cost_usd": 0.00604125,
        "output_cost_usd": 0.0032815500000000007,
        "total_cost_usd": 0.009322800000000001
    }
}