{
    "f1_micro": 0.37273173124080433,
    "f1_macro": 0.382,
    "micro_precision": 0.3629417382999045,
    "micro_recall": 0.38306451612903225,
    "total_instances": 15,
    "total_tp": 380,
    "total_fp": 667,
    "total_fn": 612,
    "cost_summary": {
        "total_input_tokens": 34138,
        "total_output_tokens": 41165,
        "total_tokens": 75303,
        "input_cost_usd": 0.008534500000000002,
        "output_cost_usd": 0.08233,
        "total_cost_usd": 0.0908645
    }
}