{
    "f1_micro": 0.8310282621767889,
    "f1_macro": 0.8243346007604563,
    "micro_precision": 0.8053613053613053,
    "micro_recall": 0.8583850931677018,
    "total_instances": 263,
    "total_tp": 2073,
    "total_fp": 501,
    "total_fn": 342,
    "cost_summary": {
        "total_input_tokens": 444670,
        "total_output_tokens": 55735,
        "total_tokens": 500405,
        "input_cost_usd": 1.1116750000000013,
        "output_cost_usd": 0.836025,
        "total_cost_usd": 1.9476999999999995
    }
}