{
    "fuzzy": 0.9249918850175849,
    "cost_summary": {
        "total_input_tokens": 52107,
        "total_output_tokens": 3773,
        "total_tokens": 55880,
        "input_cost_usd": 0.10421399999999993,
        "output_cost_usd": 0.030184000000000002,
        "total_cost_usd": 0.13439800000000002
    }
}