{
    "f1_micro": 0.4091858037578288,
    "f1_macro": 0.388,
    "micro_precision": 0.42424242424242425,
    "micro_recall": 0.3951612903225806,
    "total_instances": 15,
    "total_tp": 392,
    "total_fp": 532,
    "total_fn": 600,
    "cost_summary": {
        "total_input_tokens": 16723,
        "total_output_tokens": 143971,
        "total_tokens": 160694,
        "input_cost_usd": 0.033446,
        "output_cost_usd": 1.727652,
        "total_cost_usd": 1.761098
    }
}