{
    "fuzzy": 0.6680292882261429,
    "cost_summary": {
        "total_input_tokens": 1716,
        "total_output_tokens": 10093,
        "total_tokens": 11809,
        "input_cost_usd": 0.0021449999999999998,
        "output_cost_usd": 0.10092999999999999,
        "total_cost_usd": 0.103075
    }
}