{
    "f1": 0.332,
    "precision": 0.344,
    "recall": 0.328,
    "mean_iou": 0.288,
    "true_positives": 23,
    "false_positives": 99,
    "false_negatives": 103,
    "num_pages": 46,
    "cost_summary": {
        "total_input_tokens": 128754,
        "total_output_tokens": 28583,
        "total_tokens": 157337,
        "input_cost_usd": 0.033476040000000006,
        "output_cost_usd": 0.04458947999999999,
        "total_cost_usd": 0.07806552
    }
}