{
    "f1_macro": 0.54,
    "f1_micro": 0.54,
    "cost_summary": {
        "total_input_tokens": 44436,
        "total_output_tokens": 5548,
        "total_tokens": 49984,
        "input_cost_usd": 0.055545000000000004,
        "output_cost_usd": 0.05548000000000002,
        "total_cost_usd": 0.11102499999999998
    }
}