{
    "f1_micro": 0.8742926434923203,
    "f1_macro": 0.8662357414448669,
    "micro_precision": 0.8539281484405843,
    "micro_recall": 0.8956521739130435,
    "total_instances": 263,
    "total_tp": 2163,
    "total_fp": 370,
    "total_fn": 252,
    "cost_summary": {
        "total_input_tokens": 478673,
        "total_output_tokens": 49487,
        "total_tokens": 528160,
        "input_cost_usd": 0.09334123499999994,
        "output_cost_usd": 0.07719971999999999,
        "total_cost_usd": 0.17054095499999994
    }
}