{
    "fuzzy": 0.6200717999610103,
    "cost_summary": {
        "total_input_tokens": 11360,
        "total_output_tokens": 10326,
        "total_tokens": 21686,
        "input_cost_usd": 0.022719999999999997,
        "output_cost_usd": 0.12391200000000001,
        "total_cost_usd": 0.14663199999999998
    }
}