{
    "f1_macro": 0.66,
    "f1_micro": 0.8,
    "cost_summary": {
        "total_input_tokens": 176985,
        "total_output_tokens": 2727,
        "total_tokens": 179712,
        "input_cost_usd": 0.8849250000000003,
        "output_cost_usd": 0.06817500000000001,
        "total_cost_usd": 0.9531000000000002
    }
}