{
    "fuzzy": 0.6191344293914125,
    "cost_summary": {
        "total_input_tokens": 8895,
        "total_output_tokens": 9283,
        "total_tokens": 18178,
        "input_cost_usd": 0.0222375,
        "output_cost_usd": 0.09283,
        "total_cost_usd": 0.1150675
    }
}