{
    "f1_macro": 0.37,
    "f1_micro": 0.45,
    "cost_summary": {
        "total_input_tokens": 17430,
        "total_output_tokens": 2734,
        "total_tokens": 20164,
        "input_cost_usd": 0.0017430000000000006,
        "output_cost_usd": 0.0010936000000000001,
        "total_cost_usd": 0.0028366
    }
}