{
    "f1_macro": 0.53,
    "f1_micro": 0.49,
    "cost_summary": {
        "total_input_tokens": 2336253,
        "total_output_tokens": 2259,
        "total_tokens": 2338512,
        "input_cost_usd": 0.3504379500000001,
        "output_cost_usd": 0.0013553999999999997,
        "total_cost_usd": 0.35179334999999995
    }
}