{
    "f1_micro": 0.4131824889326119,
    "f1_macro": 0.4186666666666667,
    "micro_precision": 0.4034582132564842,
    "micro_recall": 0.42338709677419356,
    "total_instances": 15,
    "total_tp": 420,
    "total_fp": 621,
    "total_fn": 572,
    "cost_summary": {
        "total_input_tokens": 31719,
        "total_output_tokens": 16317,
        "total_tokens": 48036,
        "input_cost_usd": 0.475785,
        "output_cost_usd": 1.2237749999999998,
        "total_cost_usd": 1.69956
    }
}