{
    "fuzzy": 0.8721690377698419,
    "cost_summary": {
        "total_input_tokens": 17457,
        "total_output_tokens": 5644,
        "total_tokens": 23101,
        "input_cost_usd": 0.0017457000000000009,
        "output_cost_usd": 0.0022575999999999994,
        "total_cost_usd": 0.0040033
    }
}