{
    "f1_micro": 0.9198489299202685,
    "f1_macro": 0.8949180327868852,
    "micro_precision": 0.9750889679715302,
    "micro_recall": 0.8705321683876092,
    "total_instances": 61,
    "total_tp": 2192,
    "total_fp": 56,
    "total_fn": 326,
    "cost_summary": {
        "total_input_tokens": 422182,
        "total_output_tokens": 75185,
        "total_tokens": 497367,
        "input_cost_usd": 2.110909999999999,
        "output_cost_usd": 1.8796250000000003,
        "total_cost_usd": 3.9905349999999995
    }
}