{
    "f1_macro": 0.48,
    "f1_micro": 0.43,
    "cost_summary": {
        "total_input_tokens": 147918,
        "total_output_tokens": 2171,
        "total_tokens": 150089,
        "input_cost_usd": 0.22187699999999988,
        "output_cost_usd": 0.016282500000000002,
        "total_cost_usd": 0.2381594999999999
    }
}