{
    "f1_micro": 0.23338257016248154,
    "f1_macro": 0.174,
    "micro_precision": 0.43646408839779005,
    "micro_recall": 0.1592741935483871,
    "total_instances": 15,
    "total_tp": 158,
    "total_fp": 204,
    "total_fn": 834,
    "cost_summary": {
        "total_input_tokens": 15669,
        "total_output_tokens": 5426,
        "total_tokens": 21095,
        "input_cost_usd": 0.0078345,
        "output_cost_usd": 0.008139,
        "total_cost_usd": 0.0159735
    }
}