{
    "f1_micro": 0.31916010498687664,
    "f1_macro": 0.35533333333333333,
    "micro_precision": 0.3329682365826944,
    "micro_recall": 0.3064516129032258,
    "total_instances": 15,
    "total_tp": 304,
    "total_fp": 609,
    "total_fn": 688,
    "cost_summary": {
        "total_input_tokens": 34138,
        "total_output_tokens": 9625,
        "total_tokens": 43763,
        "input_cost_usd": 0.059741499999999996,
        "output_cost_usd": 0.13475,
        "total_cost_usd": 0.19449149999999998
    }
}