{
    "f1_micro": 0.8556375131717597,
    "f1_macro": 0.8338403041825095,
    "micro_precision": 0.871244635193133,
    "micro_recall": 0.8405797101449275,
    "total_instances": 263,
    "total_tp": 2030,
    "total_fp": 300,
    "total_fn": 385,
    "cost_summary": {
        "total_input_tokens": 504373,
        "total_output_tokens": 40200,
        "total_tokens": 544573,
        "input_cost_usd": 0.05043730000000008,
        "output_cost_usd": 0.012059999999999994,
        "total_cost_usd": 0.06249730000000002
    }
}