{
    "f1_micro": 0.01897198323406133,
    "f1_macro": 0.006121673003802282,
    "micro_precision": 0.020302171860245515,
    "micro_recall": 0.01780538302277433,
    "total_instances": 263,
    "total_tp": 43,
    "total_fp": 2075,
    "total_fn": 2372,
    "cost_summary": {
        "total_input_tokens": 314548,
        "total_output_tokens": 161558,
        "total_tokens": 476106,
        "input_cost_usd": 0.06290960000000015,
        "output_cost_usd": 0.03231160000000003,
        "total_cost_usd": 0.09522120000000023
    }
}