{
    "f1_micro": 0.8885184413419462,
    "f1_macro": 0.8834220532319392,
    "micro_precision": 0.8942953020134228,
    "micro_recall": 0.882815734989648,
    "total_instances": 263,
    "total_tp": 2132,
    "total_fp": 252,
    "total_fn": 283
}