{
    "f1_micro": 0.8424643788882198,
    "f1_macro": 0.8399619771863118,
    "micro_precision": 0.8254030672434133,
    "micro_recall": 0.8602459016393442,
    "total_instances": 263,
    "total_tp": 2099,
    "total_fp": 444,
    "total_fn": 341
}