{
    "f1_micro": 0.8245672436750999,
    "f1_macro": 0.8188593155893537,
    "micro_precision": 0.7851030110935023,
    "micro_recall": 0.8682089029092184,
    "total_instances": 263,
    "total_tp": 2477,
    "total_fp": 678,
    "total_fn": 376
}