{
    "f1_micro": 0.8711758584807492,
    "f1_macro": 0.8664638783269962,
    "micro_precision": 0.8779362416107382,
    "micro_recall": 0.8645187938868236,
    "total_instances": 263,
    "total_tp": 2093,
    "total_fp": 291,
    "total_fn": 328
}