{
    "f1_micro": 0.862155388471178,
    "f1_macro": 0.8574524714828897,
    "micro_precision": 0.8657718120805369,
    "micro_recall": 0.8585690515806988,
    "total_instances": 263,
    "total_tp": 2064,
    "total_fp": 320,
    "total_fn": 340
}