{
    "f1_micro": 0.8776828505938739,
    "f1_macro": 0.8732319391634981,
    "micro_precision": 0.8833892617449665,
    "micro_recall": 0.8720496894409938,
    "total_instances": 263,
    "total_tp": 2106,
    "total_fp": 278,
    "total_fn": 309
}