{
    "f1_micro": 0.8407169428474806,
    "f1_macro": 0.835893536121673,
    "micro_precision": 0.8140144073346431,
    "micro_recall": 0.8692307692307693,
    "total_instances": 263,
    "total_tp": 2486,
    "total_fp": 568,
    "total_fn": 374
}