{
    "f1_micro": 0.8264627659574468,
    "f1_macro": 0.8209125475285172,
    "micro_precision": 0.7879556259904913,
    "micro_recall": 0.8689269486193638,
    "total_instances": 263,
    "total_tp": 2486,
    "total_fp": 669,
    "total_fn": 375
}