{
    "f1_micro": 0.8052601044285439,
    "f1_macro": 0.7971482889733841,
    "micro_precision": 0.7554426705370102,
    "micro_recall": 0.8621118012422361,
    "total_instances": 263,
    "total_tp": 2082,
    "total_fp": 674,
    "total_fn": 333,
    "cost_summary": {
        "total_input_tokens": 204857,
        "total_output_tokens": 54765,
        "total_tokens": 259622,
        "input_cost_usd": 0.016388560000000062,
        "output_cost_usd": 0.019167749999999994,
        "total_cost_usd": 0.03555631
    }
}