{
    "f1_micro": 0.44059153493115755,
    "f1_macro": 0.42,
    "micro_precision": 0.4458204334365325,
    "micro_recall": 0.43548387096774194,
    "total_instances": 15,
    "total_tp": 432,
    "total_fp": 537,
    "total_fn": 560,
    "cost_summary": {
        "total_input_tokens": 16723,
        "total_output_tokens": 14504,
        "total_tokens": 31227,
        "input_cost_usd": 0.00418075,
        "output_cost_usd": 0.021755999999999998,
        "total_cost_usd": 0.02593675
    }
}