{
    "f1_micro": 0.4479114242576749,
    "f1_macro": 0.452,
    "micro_precision": 0.4472361809045226,
    "micro_recall": 0.4485887096774194,
    "total_instances": 15,
    "total_tp": 445,
    "total_fp": 550,
    "total_fn": 547,
    "cost_summary": {
        "total_input_tokens": 28042,
        "total_output_tokens": 17050,
        "total_tokens": 45092,
        "input_cost_usd": 0.42063,
        "output_cost_usd": 1.27875,
        "total_cost_usd": 1.69938,
        "pricing_date": "2025-10-28",
        "input_price_per_million": 15.0,
        "output_price_per_million": 75.0
    }
}