{
    "fuzzy": 0.9053185546570406,
    "cost_summary": {
        "total_input_tokens": 20454,
        "total_output_tokens": 4782,
        "total_tokens": 25236,
        "input_cost_usd": 0.00265902,
        "output_cost_usd": 0.00181716,
        "total_cost_usd": 0.00447618
    }
}