{
    "f1_micro": 0.4509903504316912,
    "f1_macro": 0.45266666666666666,
    "micro_precision": 0.45445240532241554,
    "micro_recall": 0.4475806451612903,
    "total_instances": 15,
    "total_tp": 444,
    "total_fp": 533,
    "total_fn": 548,
    "cost_summary": {
        "total_input_tokens": 40921,
        "total_output_tokens": 14445,
        "total_tokens": 55366,
        "input_cost_usd": 0.0163684,
        "output_cost_usd": 0.034668000000000004,
        "total_cost_usd": 0.0510364
    }
}