{
    "fuzzy": 85.19258482761916,
    "n": 50,
    "cost_summary": {
        "total_input_tokens": 40325,
        "total_output_tokens": 34323,
        "total_tokens": 74648,
        "input_cost_usd": 0.01613,
        "output_cost_usd": 0.06864599999999998,
        "total_cost_usd": 0.08477599999999999
    }
}