{
    "f1_micro": 0.3530037214247741,
    "f1_macro": 0.30066666666666664,
    "micro_precision": 0.3734533183352081,
    "micro_recall": 0.3346774193548387,
    "total_instances": 15,
    "total_tp": 332,
    "total_fp": 557,
    "total_fn": 660,
    "cost_summary": {
        "total_input_tokens": 28248,
        "total_output_tokens": 7158,
        "total_tokens": 35406,
        "input_cost_usd": 0.002825,
        "output_cost_usd": 0.002863,
        "total_cost_usd": 0.005688,
        "pricing_date": "2025-10-28",
        "input_price_per_million": 0.1,
        "output_price_per_million": 0.4
    }
}