{
    "f1_micro": 0.2949117341640706,
    "f1_macro": 0.324,
    "micro_precision": 0.30406852248394006,
    "micro_recall": 0.2862903225806452,
    "total_instances": 15,
    "total_tp": 284,
    "total_fp": 650,
    "total_fn": 708,
    "cost_summary": {
        "total_input_tokens": 27387,
        "total_output_tokens": 15005,
        "total_tokens": 42392,
        "input_cost_usd": 0.004108,
        "output_cost_usd": 0.009003,
        "total_cost_usd": 0.013111,
        "pricing_date": "2025-10-28",
        "input_price_per_million": 0.15,
        "output_price_per_million": 0.6
    }
}