{
    "fuzzy": 0.9144663777303284,
    "cost_summary": {
        "total_input_tokens": 97699,
        "total_output_tokens": 5402,
        "total_tokens": 103101,
        "input_cost_usd": 0.02540174,
        "output_cost_usd": 0.011236160000000002,
        "total_cost_usd": 0.0366379
    }
}