{
    "fuzzy": 0.6787103910666608,
    "cost_summary": {
        "total_input_tokens": 17504,
        "total_output_tokens": 10072,
        "total_tokens": 27576,
        "input_cost_usd": 0.010502399999999999,
        "output_cost_usd": 0.0362592,
        "total_cost_usd": 0.0467616
    }
}