{
    "f1_micro": 0.7524613220815753,
    "f1_macro": 0.6398479087452471,
    "micro_precision": 0.86709886547812,
    "micro_recall": 0.6645962732919255,
    "total_instances": 263,
    "total_tp": 1605,
    "total_fp": 246,
    "total_fn": 810,
    "cost_summary": {
        "total_input_tokens": 480841,
        "total_output_tokens": 4558280,
        "total_tokens": 5039121,
        "input_cost_usd": 0.048084099999999984,
        "output_cost_usd": 0.6837420000000003,
        "total_cost_usd": 0.7318260999999999
    }
}