{
    "fuzzy": 0.749,
    "cer": 0.29,
    "cost_summary": {
        "total_input_tokens": 28995,
        "total_output_tokens": 24398,
        "total_tokens": 53393,
        "input_cost_usd": 0.007248749999999998,
        "output_cost_usd": 0.048796,
        "total_cost_usd": 0.05604475
    }
}