{
    "fuzzy": 96.62062539447236,
    "n": 50,
    "cost_summary": {
        "total_input_tokens": 60446,
        "total_output_tokens": 35800,
        "total_tokens": 96246,
        "input_cost_usd": 0.90669,
        "output_cost_usd": 2.6849999999999996,
        "total_cost_usd": 3.59169
    }
}