{
    "fuzzy": 0.11977701762642479,
    "cost_summary": {
        "total_input_tokens": 21709,
        "total_output_tokens": 5439,
        "total_tokens": 27148,
        "input_cost_usd": 0.0021709,
        "output_cost_usd": 0.0021756,
        "total_cost_usd": 0.0043465
    }
}