{
    "fuzzy": 97.11713980318608,
    "n": 50,
    "cost_summary": {
        "total_input_tokens": 27921,
        "total_output_tokens": 30559,
        "total_tokens": 58480,
        "input_cost_usd": 0.048861749999999995,
        "output_cost_usd": 0.42782600000000004,
        "total_cost_usd": 0.4766877500000001
    }
}