{
    "fuzzy": 0.678,
    "cer": 0.36,
    "cost_summary": {
        "total_input_tokens": 21192,
        "total_output_tokens": 2437,
        "total_tokens": 23629,
        "input_cost_usd": 0.042384,
        "output_cost_usd": 0.019495999999999996,
        "total_cost_usd": 0.06187999999999999
    }
}