{
    "f1_micro": 0.7013698630136986,
    "f1_macro": 0.6158555133079848,
    "micro_precision": 0.7816793893129771,
    "micro_recall": 0.6360248447204969,
    "total_instances": 263,
    "total_tp": 1536,
    "total_fp": 429,
    "total_fn": 879,
    "cost_summary": {
        "total_input_tokens": 438981,
        "total_output_tokens": 42635,
        "total_tokens": 481616,
        "input_cost_usd": 0.0,
        "output_cost_usd": 0.0,
        "total_cost_usd": 0.019389150000000004
    }
}