{
    "fuzzy": 0.4974510658908276,
    "cost_summary": {
        "total_input_tokens": 10311,
        "total_output_tokens": 8650,
        "total_tokens": 18961,
        "input_cost_usd": 0.0010311,
        "output_cost_usd": 0.00346,
        "total_cost_usd": 0.0044911000000000005
    }
}