{
    "fuzzy": 92.00554997881021,
    "n": 50,
    "cost_summary": {
        "total_input_tokens": 38943,
        "total_output_tokens": 1619676,
        "total_tokens": 1658619,
        "input_cost_usd": 0.010125180000000001,
        "output_cost_usd": 3.3689260799999987,
        "total_cost_usd": 3.3790512599999993
    }
}