{
    "f1_macro": 0.5,
    "f1_micro": 0.46,
    "cost_summary": {
        "total_input_tokens": 28532,
        "total_output_tokens": 2617,
        "total_tokens": 31149,
        "input_cost_usd": 0.00228256,
        "output_cost_usd": 0.0009159500000000003,
        "total_cost_usd": 0.00319851
    }
}