{
    "f1_micro": 0.7544513457556936,
    "f1_macro": 0.7518631178707225,
    "micro_precision": 0.7544513457556936,
    "micro_recall": 0.7544513457556936,
    "total_instances": 263,
    "total_tp": 1822,
    "total_fp": 593,
    "total_fn": 593,
    "cost_summary": {
        "total_input_tokens": 404757,
        "total_output_tokens": 29124,
        "total_tokens": 433881,
        "input_cost_usd": 1.011892,
        "output_cost_usd": 0.29124,
        "total_cost_usd": 1.303132,
        "pricing_date": "2025-09-30",
        "input_price_per_million": 2.5,
        "output_price_per_million": 10.0
    }
}