{
    "f1_micro": 0.8248447204968944,
    "f1_macro": 0.8211787072243346,
    "micro_precision": 0.8248447204968944,
    "micro_recall": 0.8248447204968944,
    "total_instances": 263,
    "total_tp": 1992,
    "total_fp": 423,
    "total_fn": 423,
    "cost_summary": {
        "total_input_tokens": 404757,
        "total_output_tokens": 29124,
        "total_tokens": 433881,
        "input_cost_usd": 1.011892,
        "output_cost_usd": 0.29124,
        "total_cost_usd": 1.303132,
        "pricing_date": "2025-09-30",
        "input_price_per_million": 2.5,
        "output_price_per_million": 10.0
    }
}