{
    "fuzzy": 0.474,
    "cer": 0.579,
    "cost_summary": {
        "total_input_tokens": 9399,
        "total_output_tokens": 6737,
        "total_tokens": 16136,
        "input_cost_usd": 0.018798,
        "output_cost_usd": 0.033685,
        "total_cost_usd": 0.052482999999999995
    }
}