{
    "fuzzy": 0.6645079537976903,
    "cost_summary": {
        "total_input_tokens": 17504,
        "total_output_tokens": 16425,
        "total_tokens": 33929,
        "input_cost_usd": 0.005251199999999999,
        "output_cost_usd": 0.03942,
        "total_cost_usd": 0.0446712
    }
}