{
    "fuzzy": 96.31573626349831,
    "n": 50,
    "cost_summary": {
        "total_input_tokens": 33332,
        "total_output_tokens": 33933,
        "total_tokens": 67265,
        "input_cost_usd": 0.004333159999999998,
        "output_cost_usd": 0.01289454,
        "total_cost_usd": 0.017227700000000002
    }
}