{
    "f1_macro": 0.64,
    "f1_micro": 0.59,
    "cost_summary": {
        "total_input_tokens": 79548,
        "total_output_tokens": 2608,
        "total_tokens": 82156,
        "input_cost_usd": 0.1193220000000001,
        "output_cost_usd": 0.023472,
        "total_cost_usd": 0.14279400000000003
    }
}