{
    "f1_micro": 0.4533980582524272,
    "f1_macro": 0.45866666666666667,
    "micro_precision": 0.43726591760299627,
    "micro_recall": 0.47076612903225806,
    "total_instances": 15,
    "total_tp": 467,
    "total_fp": 601,
    "total_fn": 525,
    "cost_summary": {
        "total_input_tokens": 22252,
        "total_output_tokens": 16909,
        "total_tokens": 39161,
        "input_cost_usd": 0.33378,
        "output_cost_usd": 1.268175,
        "total_cost_usd": 1.601955,
        "pricing_date": "2025-10-28",
        "input_price_per_million": 15.0,
        "output_price_per_million": 75.0
    }
}