{
    "fuzzy": 0.8433687554187448,
    "cost_summary": {
        "total_input_tokens": 84238,
        "total_output_tokens": 6381,
        "total_tokens": 90619,
        "input_cost_usd": 0.2527140000000001,
        "output_cost_usd": 0.095715,
        "total_cost_usd": 0.348429
    }
}