{
    "f1_macro": 0.51,
    "f1_micro": 0.51,
    "cost_summary": {
        "total_input_tokens": 44436,
        "total_output_tokens": 5125,
        "total_tokens": 49561,
        "input_cost_usd": 0.013330799999999995,
        "output_cost_usd": 0.012812500000000004,
        "total_cost_usd": 0.0261433
    }
}