{
    "fuzzy": 95.08414178325054,
    "n": 50,
    "cost_summary": {
        "total_input_tokens": 39246,
        "total_output_tokens": 428398,
        "total_tokens": 467644,
        "input_cost_usd": 0.010203960000000002,
        "output_cost_usd": 0.6683008799999999,
        "total_cost_usd": 0.6785048400000002
    }
}