{
    "f1_micro": 0.44400396432110995,
    "f1_macro": 0.43200000000000005,
    "micro_precision": 0.43664717348927873,
    "micro_recall": 0.45161290322580644,
    "total_instances": 15,
    "total_tp": 448,
    "total_fp": 578,
    "total_fn": 544,
    "cost_summary": {
        "total_input_tokens": 4275,
        "total_output_tokens": 12841,
        "total_tokens": 17116,
        "input_cost_usd": 0.0012825,
        "output_cost_usd": 0.03210249999999999,
        "total_cost_usd": 0.033385000000000005
    }
}