{
    "f1_micro": 0.4002326934264107,
    "f1_macro": 0.33066666666666666,
    "micro_precision": 0.4731774415405777,
    "micro_recall": 0.3467741935483871,
    "total_instances": 15,
    "total_tp": 344,
    "total_fp": 383,
    "total_fn": 648,
    "cost_summary": {
        "total_input_tokens": 9855,
        "total_output_tokens": 17345,
        "total_tokens": 27200,
        "input_cost_usd": 0.0009855000000000003,
        "output_cost_usd": 0.006938,
        "total_cost_usd": 0.0079235
    }
}