{
    "f1_micro": 0.0,
    "f1_macro": 0.0,
    "micro_precision": 0.0,
    "micro_recall": 0.0,
    "total_instances": 15,
    "total_tp": 0,
    "total_fp": 705,
    "total_fn": 992,
    "cost_summary": {
        "total_input_tokens": 2970,
        "total_output_tokens": 10114,
        "total_tokens": 13084,
        "input_cost_usd": 0.0005939999999999999,
        "output_cost_usd": 0.0020228000000000004,
        "total_cost_usd": 0.0026168000000000007
    }
}