{
    "f1_micro": 0.45472440944881887,
    "f1_macro": 0.46266666666666667,
    "micro_precision": 0.4442307692307692,
    "micro_recall": 0.4657258064516129,
    "total_instances": 15,
    "total_tp": 462,
    "total_fp": 578,
    "total_fn": 530,
    "cost_summary": {
        "total_input_tokens": 47252,
        "total_output_tokens": 50675,
        "total_tokens": 97927,
        "input_cost_usd": 0.018428280000000002,
        "output_cost_usd": 0.11857949999999998,
        "total_cost_usd": 0.13700777999999997
    }
}