{
    "fuzzy": 0.7312662003246037,
    "cost_summary": {
        "total_input_tokens": 56145,
        "total_output_tokens": 4479,
        "total_tokens": 60624,
        "input_cost_usd": 0.09825375,
        "output_cost_usd": 0.06270600000000001,
        "total_cost_usd": 0.16095975
    }
}