{
    "fuzzy": 0.179,
    "cer": 0.903,
    "cost_summary": {
        "total_input_tokens": 9036,
        "total_output_tokens": 1956,
        "total_tokens": 10992,
        "input_cost_usd": 0.0009036000000000002,
        "output_cost_usd": 0.0005868,
        "total_cost_usd": 0.0014904
    }
}