{
    "f1_macro": 0.43,
    "f1_micro": 0.44,
    "cost_summary": {
        "total_input_tokens": 222573,
        "total_output_tokens": 5987,
        "total_tokens": 228560,
        "input_cost_usd": 0.2225730000000003,
        "output_cost_usd": 0.029935000000000014,
        "total_cost_usd": 0.25250799999999995
    }
}