{
    "f1_micro": 0.3697478991596639,
    "f1_macro": 0.36533333333333334,
    "micro_precision": 0.3627546071774976,
    "micro_recall": 0.37701612903225806,
    "total_instances": 15,
    "total_tp": 374,
    "total_fp": 657,
    "total_fn": 618,
    "cost_summary": {
        "total_input_tokens": 34650,
        "total_output_tokens": 14951,
        "total_tokens": 49601,
        "input_cost_usd": 0.06929999999999999,
        "output_cost_usd": 0.08970600000000001,
        "total_cost_usd": 0.159006
    }
}