{
    "f1_micro": 0.27731924727632884,
    "f1_macro": 0.08918032786885245,
    "micro_precision": 0.821917808219178,
    "micro_recall": 0.16679904686258937,
    "total_instances": 61,
    "total_tp": 420,
    "total_fp": 91,
    "total_fn": 2098,
    "cost_summary": {
        "total_input_tokens": 28273,
        "total_output_tokens": 8411,
        "total_tokens": 36684,
        "input_cost_usd": 0.014136500000000003,
        "output_cost_usd": 0.0126165,
        "total_cost_usd": 0.026753
    }
}