{
    "f1_macro": 0.47,
    "f1_micro": 0.53,
    "cost_summary": {
        "total_input_tokens": 108732,
        "total_output_tokens": 1918,
        "total_tokens": 110650,
        "input_cost_usd": 0.016309799999999996,
        "output_cost_usd": 0.0011507999999999998,
        "total_cost_usd": 0.0174606
    }
}