{
    "fuzzy": 0.152,
    "cer": 0.853,
    "cost_summary": {
        "total_input_tokens": 3925,
        "total_output_tokens": 136531,
        "total_tokens": 140456,
        "input_cost_usd": 0.00039250000000000005,
        "output_cost_usd": 0.054612400000000005,
        "total_cost_usd": 0.0550049
    }
}