{
    "f1_macro": 0.56,
    "f1_micro": 0.57,
    "cost_summary": {
        "total_input_tokens": 126168,
        "total_output_tokens": 4662,
        "total_tokens": 130830,
        "input_cost_usd": 0.03154199999999998,
        "output_cost_usd": 0.0069929999999999975,
        "total_cost_usd": 0.038535
    }
}