{
    "fuzzy": 0.77,
    "cer": 0.236,
    "cost_summary": {
        "total_input_tokens": 8090,
        "total_output_tokens": 10242,
        "total_tokens": 18332,
        "input_cost_usd": 0.01618,
        "output_cost_usd": 0.122904,
        "total_cost_usd": 0.13908399999999999
    }
}