{
    "f1_micro": 0.18400876232201532,
    "f1_macro": 0.224,
    "micro_precision": 0.2014388489208633,
    "micro_recall": 0.1693548387096774,
    "total_instances": 15,
    "total_tp": 168,
    "total_fp": 666,
    "total_fn": 824,
    "cost_summary": {
        "total_input_tokens": 7053,
        "total_output_tokens": 10186,
        "total_tokens": 17239,
        "input_cost_usd": 0.014106000000000002,
        "output_cost_usd": 0.06111600000000001,
        "total_cost_usd": 0.075222
    }
}