{
    "fuzzy": 67.18102077358333,
    "n": 50,
    "cost_summary": {
        "total_input_tokens": 29668,
        "total_output_tokens": 24813,
        "total_tokens": 54481,
        "input_cost_usd": 0.0,
        "output_cost_usd": 0.0,
        "total_cost_usd": 0.0034747999999999997
    }
}