{
    "f1_micro": 0.8977035490605428,
    "f1_macro": 0.8719672131147541,
    "micro_precision": 0.8804914370811616,
    "micro_recall": 0.9156020131629887,
    "total_instances": 61,
    "total_tp": 2365,
    "total_fp": 321,
    "total_fn": 218,
    "cost_summary": {
        "total_input_tokens": 201361,
        "total_output_tokens": 36748,
        "total_tokens": 238109,
        "input_cost_usd": 0.5034024999999999,
        "output_cost_usd": 0.3674799999999999,
        "total_cost_usd": 0.8708825
    }
}