{
    "f1_micro": 0.5871652349671551,
    "f1_macro": 0.584,
    "micro_precision": 0.5886524822695035,
    "micro_recall": 0.5856854838709677,
    "total_instances": 15,
    "total_tp": 581,
    "total_fp": 406,
    "total_fn": 411,
    "cost_summary": {
        "total_input_tokens": 16725,
        "total_output_tokens": 69541,
        "total_tokens": 86266,
        "input_cost_usd": 0.020906,
        "output_cost_usd": 0.69541,
        "total_cost_usd": 0.716316,
        "pricing_date": "2025-10-28",
        "input_price_per_million": 1.25,
        "output_price_per_million": 10.0
    }
}