{
    "fuzzy": 0.6365035998988448,
    "cost_summary": {
        "total_input_tokens": 17532,
        "total_output_tokens": 15997,
        "total_tokens": 33529,
        "input_cost_usd": 0.00341874,
        "output_cost_usd": 0.02495532,
        "total_cost_usd": 0.02837406
    }
}