{
    "f1_micro": 0.8632665211351458,
    "f1_macro": 0.8565399239543726,
    "micro_precision": 0.8288871951219512,
    "micro_recall": 0.9006211180124224,
    "total_instances": 263,
    "total_tp": 2175,
    "total_fp": 449,
    "total_fn": 240,
    "cost_summary": {
        "total_input_tokens": 705967,
        "total_output_tokens": 56029,
        "total_tokens": 761996,
        "input_cost_usd": 3.529834999999991,
        "output_cost_usd": 1.4007250000000002,
        "total_cost_usd": 4.930560000000001
    }
}