{
    "f1_macro": 0.63,
    "f1_micro": 0.66,
    "cost_summary": {
        "total_input_tokens": 473614,
        "total_output_tokens": 6729,
        "total_tokens": 480343,
        "input_cost_usd": 2.368070000000001,
        "output_cost_usd": 0.16822499999999993,
        "total_cost_usd": 2.536295
    }
}