{
    "fuzzy": 50.751994386648214,
    "n": 50,
    "cost_summary": {
        "total_input_tokens": 35438,
        "total_output_tokens": 196200,
        "total_tokens": 231638,
        "input_cost_usd": 0.0026578500000000002,
        "output_cost_usd": 0.05885999999999997,
        "total_cost_usd": 0.06151785000000001
    }
}