{
    "fuzzy": 98.47838132370289,
    "n": 50,
    "cost_summary": {
        "total_input_tokens": 33621,
        "total_output_tokens": 62493,
        "total_tokens": 96114,
        "input_cost_usd": 0.16810500000000003,
        "output_cost_usd": 1.8747900000000002,
        "total_cost_usd": 2.042895
    }
}