{
    "f1_micro": 0.44296675191815854,
    "f1_macro": 0.43066666666666664,
    "micro_precision": 0.44963655244029077,
    "micro_recall": 0.43649193548387094,
    "total_instances": 15,
    "total_tp": 433,
    "total_fp": 530,
    "total_fn": 559,
    "cost_summary": {
        "total_input_tokens": 41495,
        "total_output_tokens": 23145,
        "total_tokens": 64640,
        "input_cost_usd": 0.006742937500000001,
        "output_cost_usd": 0.0300885,
        "total_cost_usd": 0.036831437499999994
    }
}