{
    "f1_macro": 0.59,
    "f1_micro": 0.53,
    "cost_summary": {
        "total_input_tokens": 177638,
        "total_output_tokens": 3114,
        "total_tokens": 180752,
        "input_cost_usd": 0.05329140000000001,
        "output_cost_usd": 0.007473599999999999,
        "total_cost_usd": 0.06076499999999999
    }
}