{
    "fuzzy": 0.004,
    "cer": 0.997,
    "cost_summary": {
        "total_input_tokens": 3690,
        "total_output_tokens": 1129,
        "total_tokens": 4819,
        "input_cost_usd": 0.000369,
        "output_cost_usd": 0.00033869999999999994,
        "total_cost_usd": 0.0007077000000000001
    }
}