{
    "fuzzy": 0.6326904243787003,
    "cost_summary": {
        "total_input_tokens": 5832,
        "total_output_tokens": 9354,
        "total_tokens": 15186,
        "input_cost_usd": 0.002916,
        "output_cost_usd": 0.028061999999999997,
        "total_cost_usd": 0.030978
    }
}