{
    "f1_micro": 0.48981619473422744,
    "f1_macro": 0.504,
    "micro_precision": 0.4828599412340842,
    "micro_recall": 0.4969758064516129,
    "total_instances": 15,
    "total_tp": 493,
    "total_fp": 528,
    "total_fn": 499,
    "cost_summary": {
        "total_input_tokens": 41176,
        "total_output_tokens": 34700,
        "total_tokens": 75876,
        "input_cost_usd": 0.0133822,
        "output_cost_usd": 0.06766499999999999,
        "total_cost_usd": 0.0810472
    }
}