{
    "fuzzy": 96.36406657029325,
    "n": 50,
    "cost_summary": {
        "total_input_tokens": 31538,
        "total_output_tokens": 24659,
        "total_tokens": 56197,
        "input_cost_usd": 0.007884500000000001,
        "output_cost_usd": 0.0369885,
        "total_cost_usd": 0.044872999999999996
    }
}