{
    "f1_macro": 0.2298435981444187,
    "f1_micro": 0.2382445141065831
}