{
    "fuzzy": 0.902015488697456,
    "cost_summary": {
        "total_input_tokens": 44967,
        "total_output_tokens": 4192,
        "total_tokens": 49159,
        "input_cost_usd": 0.02248350000000001,
        "output_cost_usd": 0.012576000000000004,
        "total_cost_usd": 0.0350595
    }
}