{
    "f1_micro": 0.0,
    "f1_macro": 0.0,
    "micro_precision": 0.0,
    "micro_recall": 0.0,
    "total_instances": 263,
    "total_tp": 0,
    "total_fp": 0,
    "total_fn": 2415,
    "cost_summary": {
        "total_input_tokens": 314548,
        "total_output_tokens": 40679,
        "total_tokens": 355227,
        "input_cost_usd": 0.031454800000000074,
        "output_cost_usd": 0.012203699999999961,
        "total_cost_usd": 0.04365849999999994
    }
}