{
    "f1_macro": 0.48,
    "f1_micro": 0.48,
    "cost_summary": {
        "total_input_tokens": 280729,
        "total_output_tokens": 151473,
        "total_tokens": 432202,
        "input_cost_usd": 0.050531220000000036,
        "output_cost_usd": 0.3180933000000001,
        "total_cost_usd": 0.36862451999999996
    }
}