{
    "f1_macro": 0.49,
    "f1_micro": 0.44,
    "cost_summary": {
        "total_input_tokens": 157304,
        "total_output_tokens": 2878,
        "total_tokens": 160182,
        "input_cost_usd": 0.023595599999999987,
        "output_cost_usd": 0.00043169999999999987,
        "total_cost_usd": 0.0240273
    }
}