{
    "f1_micro": 0.9238152369526095,
    "f1_macro": 0.8657377049180328,
    "micro_precision": 0.9303262182843335,
    "micro_recall": 0.9173947577442415,
    "total_instances": 61,
    "total_tp": 2310,
    "total_fp": 173,
    "total_fn": 208,
    "cost_summary": {
        "total_input_tokens": 221186,
        "total_output_tokens": 60674,
        "total_tokens": 281860,
        "input_cost_usd": 0.02211860000000001,
        "output_cost_usd": 0.024269599999999992,
        "total_cost_usd": 0.046388200000000004
    }
}