{
    "fuzzy": 0.6135406893151865,
    "cost_summary": {
        "total_input_tokens": 2776,
        "total_output_tokens": 13473,
        "total_tokens": 16249,
        "input_cost_usd": 0.00036088000000000005,
        "output_cost_usd": 0.00511974,
        "total_cost_usd": 0.00548062
    }
}