{
    "f1_micro": 0.3269330565646082,
    "f1_macro": 0.336,
    "micro_precision": 0.33689839572192515,
    "micro_recall": 0.3175403225806452,
    "total_instances": 15,
    "total_tp": 315,
    "total_fp": 620,
    "total_fn": 677,
    "cost_summary": {
        "total_input_tokens": 9855,
        "total_output_tokens": 17327,
        "total_tokens": 27182,
        "input_cost_usd": 0.0009855000000000003,
        "output_cost_usd": 0.0069308,
        "total_cost_usd": 0.0079163
    }
}