{
    "f1_macro": 0.49370015948963314,
    "f1_micro": 0.4934210526315789
}