{
    "f1_micro": 0.9817460317460317,
    "f1_macro": 0.9206557377049179,
    "micro_precision": 0.9809674861221253,
    "micro_recall": 0.982525814138205,
    "total_instances": 61,
    "total_tp": 2474,
    "total_fp": 48,
    "total_fn": 44,
    "cost_summary": {
        "total_input_tokens": 253614,
        "total_output_tokens": 243986,
        "total_tokens": 497600,
        "input_cost_usd": 0.0,
        "output_cost_usd": 0.0,
        "total_cost_usd": 0.0
    }
}