{
    "fuzzy": 0.601,
    "cer": 0.413,
    "cost_summary": {
        "total_input_tokens": 8492,
        "total_output_tokens": 2753,
        "total_tokens": 11245,
        "input_cost_usd": 0.0008492000000000003,
        "output_cost_usd": 0.0011012,
        "total_cost_usd": 0.0019504000000000001
    }
}