{
    "fuzzy": 0.6486886548805472,
    "cost_summary": {
        "total_input_tokens": 17504,
        "total_output_tokens": 9726,
        "total_tokens": 27230,
        "input_cost_usd": 0.004376,
        "output_cost_usd": 0.019452,
        "total_cost_usd": 0.023828
    }
}