{
    "fuzzy": 0.5789473684210527,
    "cost_summary": {
        "total_input_tokens": 2665,
        "total_output_tokens": 102,
        "total_tokens": 2767,
        "input_cost_usd": 0.00026649999999999997,
        "output_cost_usd": 4.08e-05,
        "total_cost_usd": 0.0003073
    }
}