{
    "fuzzy": 87.01113293548269,
    "n": 50,
    "cost_summary": {
        "total_input_tokens": 40325,
        "total_output_tokens": 33654,
        "total_tokens": 73979,
        "input_cost_usd": 0.01613,
        "output_cost_usd": 0.06730799999999999,
        "total_cost_usd": 0.083438
    }
}