{
    "fuzzy": 59.94935121293244,
    "n": 50,
    "cost_summary": {
        "total_input_tokens": 37167,
        "total_output_tokens": 1746530,
        "total_tokens": 1783697,
        "input_cost_usd": 0.0060396374999999985,
        "output_cost_usd": 2.2704889999999995,
        "total_cost_usd": 2.2765286374999993
    }
}