{
    "f1_micro": 0.9562786983429825,
    "f1_macro": 0.8995081967213114,
    "micro_precision": 0.9614612605379366,
    "micro_recall": 0.9511517077045274,
    "total_instances": 61,
    "total_tp": 2395,
    "total_fp": 96,
    "total_fn": 123,
    "cost_summary": {
        "total_input_tokens": 292338,
        "total_output_tokens": 172171,
        "total_tokens": 464509,
        "input_cost_usd": 0.04750492499999999,
        "output_cost_usd": 0.22382229999999992,
        "total_cost_usd": 0.27132722499999995
    }
}