{
    "f1_macro": 0.5,
    "f1_micro": 0.6,
    "cost_summary": {
        "total_input_tokens": 75845,
        "total_output_tokens": 1373,
        "total_tokens": 77218,
        "input_cost_usd": 0.13272875,
        "output_cost_usd": 0.019222000000000003,
        "total_cost_usd": 0.15195075
    }
}