{
    "fuzzy": 0.73,
    "cer": 0.289,
    "cost_summary": {
        "total_input_tokens": 44460,
        "total_output_tokens": 70149,
        "total_tokens": 114609,
        "input_cost_usd": 0.22230000000000005,
        "output_cost_usd": 2.1044699999999996,
        "total_cost_usd": 2.3267700000000002
    }
}