{
    "fuzzy": 0.178,
    "cer": 0.906,
    "cost_summary": {
        "total_input_tokens": 10044,
        "total_output_tokens": 2501,
        "total_tokens": 12545,
        "input_cost_usd": 0.020087999999999995,
        "output_cost_usd": 0.015006000000000002,
        "total_cost_usd": 0.035094
    }
}