{
    "fuzzy": 95.0350220523189,
    "n": 50,
    "cost_summary": {
        "total_input_tokens": 81422,
        "total_output_tokens": 58034,
        "total_tokens": 139456,
        "input_cost_usd": 0.4071099999999998,
        "output_cost_usd": 1.4508500000000002,
        "total_cost_usd": 1.8579599999999998
    }
}