{
    "f1_micro": 0.4057397328055418,
    "f1_macro": 0.412,
    "micro_precision": 0.39844509232264336,
    "micro_recall": 0.41330645161290325,
    "total_instances": 15,
    "total_tp": 410,
    "total_fp": 619,
    "total_fn": 582,
    "cost_summary": {
        "total_input_tokens": 35814,
        "total_output_tokens": 16206,
        "total_tokens": 52020,
        "input_cost_usd": 0.035814,
        "output_cost_usd": 0.08103,
        "total_cost_usd": 0.116844
    }
}