{
    "fuzzy": 94.28078482204427,
    "n": 50,
    "cost_summary": {
        "total_input_tokens": 31538,
        "total_output_tokens": 31941,
        "total_tokens": 63479,
        "input_cost_usd": 0.06307600000000001,
        "output_cost_usd": 0.3832919999999999,
        "total_cost_usd": 0.446368
    }
}