{
    "fuzzy": 0.6027034376737328,
    "cost_summary": {
        "total_input_tokens": 5832,
        "total_output_tokens": 8873,
        "total_tokens": 14705,
        "input_cost_usd": 0.011664,
        "output_cost_usd": 0.10647599999999999,
        "total_cost_usd": 0.11814
    }
}