{
    "fuzzy": 0.734,
    "cer": 0.287,
    "cost_summary": {
        "total_input_tokens": 32616,
        "total_output_tokens": 3468,
        "total_tokens": 36084,
        "input_cost_usd": 0.4892399999999999,
        "output_cost_usd": 0.2601,
        "total_cost_usd": 0.7493400000000001
    }
}