{
    "fuzzy": 96.3918393789758,
    "n": 50,
    "cost_summary": {
        "total_input_tokens": 39421,
        "total_output_tokens": 33817,
        "total_tokens": 73238,
        "input_cost_usd": 0.011037880000000003,
        "output_cost_usd": 0.014203140000000001,
        "total_cost_usd": 0.02524102
    }
}