{
    "f1_micro": 0.8164595640660012,
    "f1_macro": 0.8100760456273765,
    "micro_precision": 0.8035284683239775,
    "micro_recall": 0.8298136645962733,
    "total_instances": 263,
    "total_tp": 2004,
    "total_fp": 490,
    "total_fn": 411,
    "cost_summary": {
        "total_input_tokens": 274461,
        "total_output_tokens": 969703,
        "total_tokens": 1244164,
        "input_cost_usd": 0.0,
        "output_cost_usd": 0.0,
        "total_cost_usd": 0.0
    }
}