{
    "fuzzy": 0.634,
    "cer": 0.38,
    "cost_summary": {
        "total_input_tokens": 34128,
        "total_output_tokens": 3019,
        "total_tokens": 37147,
        "input_cost_usd": 0.051191999999999994,
        "output_cost_usd": 0.0226425,
        "total_cost_usd": 0.07383450000000001
    }
}