{
    "f1_micro": 0.844688954718578,
    "f1_macro": 0.8333079847908745,
    "micro_precision": 0.8636953699697101,
    "micro_recall": 0.8265010351966874,
    "total_instances": 263,
    "total_tp": 1996,
    "total_fp": 315,
    "total_fn": 419
}