{
    "f1_micro": 0.8022774327122153,
    "f1_macro": 0.7885551330798478,
    "micro_precision": 0.7921635434412265,
    "micro_recall": 0.812652918559944,
    "total_instances": 263,
    "total_tp": 2325,
    "total_fp": 610,
    "total_fn": 536
}