{
    "f1_micro": 0.8284199363732767,
    "f1_macro": 0.8168821292775665,
    "micro_precision": 0.8450887061877975,
    "micro_recall": 0.812396006655574,
    "total_instances": 263,
    "total_tp": 1953,
    "total_fp": 358,
    "total_fn": 451
}