{
    "f1_micro": 0.8163623595505618,
    "f1_macro": 0.8032699619771863,
    "micro_precision": 0.8198166431593794,
    "micro_recall": 0.8129370629370629,
    "total_instances": 263,
    "total_tp": 2325,
    "total_fp": 511,
    "total_fn": 535
}