{
    "f1_micro": 0.8258664412510567,
    "f1_macro": 0.8154752851711027,
    "micro_precision": 0.8455214192990047,
    "micro_recall": 0.8071045022717885,
    "total_instances": 263,
    "total_tp": 1954,
    "total_fp": 357,
    "total_fn": 467
}