{
    "f1_micro": 0.8169072164948453,
    "f1_macro": 0.8055893536121673,
    "micro_precision": 0.8219917012448132,
    "micro_recall": 0.8118852459016394,
    "total_instances": 263,
    "total_tp": 1981,
    "total_fp": 429,
    "total_fn": 459
}