{
    "f1_micro": 0.8013130615065653,
    "f1_macro": 0.7873764258555134,
    "micro_precision": 0.7901192504258944,
    "micro_recall": 0.8128286014721346,
    "total_instances": 263,
    "total_tp": 2319,
    "total_fp": 616,
    "total_fn": 534
}