{
    "f1_micro": 0.8307236563690223,
    "f1_macro": 0.8203422053231939,
    "micro_precision": 0.8494158372998701,
    "micro_recall": 0.8128364389233954,
    "total_instances": 263,
    "total_tp": 1963,
    "total_fp": 348,
    "total_fn": 452
}