{
    "f1_micro": 0.04787552363853979,
    "f1_macro": 0.064,
    "micro_precision": 0.05891016200294551,
    "micro_recall": 0.04032258064516129,
    "total_instances": 15,
    "total_tp": 40,
    "total_fp": 639,
    "total_fn": 952,
    "cost_summary": {
        "total_input_tokens": 21915,
        "total_output_tokens": 145947,
        "total_tokens": 167862,
        "input_cost_usd": 0.0,
        "output_cost_usd": 0.0,
        "total_cost_usd": 0.0
    }
}