{
    "f1_macro": 0.44,
    "f1_micro": 0.44,
    "cost_summary": {
        "total_input_tokens": 44436,
        "total_output_tokens": 6312,
        "total_tokens": 50748,
        "input_cost_usd": 0.004443600000000001,
        "output_cost_usd": 0.0025248000000000002,
        "total_cost_usd": 0.006968400000000001
    }
}