{
    "fuzzy": 0.8498795473729328,
    "cost_summary": {
        "total_input_tokens": 143428,
        "total_output_tokens": 8318,
        "total_tokens": 151746,
        "input_cost_usd": 0.7171400000000002,
        "output_cost_usd": 0.20795,
        "total_cost_usd": 0.9250899999999997
    }
}