{
    "fuzzy": 0.046143129656464464,
    "cost_summary": {
        "total_input_tokens": 4946,
        "total_output_tokens": 2881,
        "total_tokens": 7827,
        "input_cost_usd": 0.0007419,
        "output_cost_usd": 0.00043215,
        "total_cost_usd": 0.00117405
    }
}