{
    "f1_micro": 0.7262661472216526,
    "f1_macro": 0.7160836501901141,
    "micro_precision": 0.7193338748984566,
    "micro_recall": 0.7333333333333333,
    "total_instances": 263,
    "total_tp": 1771,
    "total_fp": 691,
    "total_fn": 644,
    "cost_summary": {
        "total_input_tokens": 566577,
        "total_output_tokens": 54253,
        "total_tokens": 620830,
        "input_cost_usd": 8.498655,
        "output_cost_usd": 4.068975,
        "total_cost_usd": 12.56763,
        "pricing_date": "2025-10-01",
        "input_price_per_million": 15.0,
        "output_price_per_million": 75.0
    }
}