{
    "f1_micro": 0.8259175722780399,
    "f1_macro": 0.8153992395437262,
    "micro_precision": 0.818034118602762,
    "micro_recall": 0.8339544513457557,
    "total_instances": 263,
    "total_tp": 2014,
    "total_fp": 448,
    "total_fn": 401,
    "cost_summary": {
        "total_input_tokens": 566577,
        "total_output_tokens": 54253,
        "total_tokens": 620830,
        "input_cost_usd": 8.498655,
        "output_cost_usd": 4.068975,
        "total_cost_usd": 12.56763,
        "pricing_date": "2025-10-01",
        "input_price_per_million": 15.0,
        "output_price_per_million": 75.0
    }
}