{
    "f1_macro": 0.38,
    "f1_micro": 0.43,
    "cost_summary": {
        "total_input_tokens": 17430,
        "total_output_tokens": 2708,
        "total_tokens": 20138,
        "input_cost_usd": 0.0017430000000000006,
        "output_cost_usd": 0.0010831999999999999,
        "total_cost_usd": 0.0028262
    }
}