{
    "f1_macro": 0.0,
    "f1_micro": 0.0,
    "cost_summary": {
        "total_input_tokens": 18720,
        "total_output_tokens": 1980,
        "total_tokens": 20700,
        "input_cost_usd": 0.003743999999999998,
        "output_cost_usd": 0.0003959999999999997,
        "total_cost_usd": 0.004139999999999999
    }
}