{
    "fuzzy": 0.0,
    "cost_summary": {
        "total_input_tokens": 4946,
        "total_output_tokens": 5140,
        "total_tokens": 10086,
        "input_cost_usd": 0.0024730000000000004,
        "output_cost_usd": 0.00257,
        "total_cost_usd": 0.005043000000000001
    }
}