{
    "fuzzy": 0.14747474747474748,
    "cost_summary": {
        "total_input_tokens": 19734,
        "total_output_tokens": 1617,
        "total_tokens": 21351,
        "input_cost_usd": 0.009867,
        "output_cost_usd": 0.0024255,
        "total_cost_usd": 0.012292500000000005
    }
}