{
    "f1_micro": 0.0,
    "f1_macro": 0.0,
    "micro_precision": 0.0,
    "micro_recall": 0.0,
    "total_instances": 15,
    "total_tp": 0,
    "total_fp": 36,
    "total_fn": 992,
    "cost_summary": {
        "total_input_tokens": 2970,
        "total_output_tokens": 339,
        "total_tokens": 3309,
        "input_cost_usd": 0.005939999999999998,
        "output_cost_usd": 0.0016949999999999997,
        "total_cost_usd": 0.007634999999999999
    }
}