{
    "fuzzy": 0.8559165270651724,
    "cost_summary": {
        "total_input_tokens": 21200,
        "total_output_tokens": 5432,
        "total_tokens": 26632,
        "input_cost_usd": 0.0371,
        "output_cost_usd": 0.076048,
        "total_cost_usd": 0.113148
    }
}