{
    "f1_micro": 0.8579055441478439,
    "f1_macro": 0.849277566539924,
    "micro_precision": 0.8509164969450101,
    "micro_recall": 0.8650103519668737,
    "total_instances": 263,
    "total_tp": 2089,
    "total_fp": 366,
    "total_fn": 326
}