{
    "fuzzy": 0.0,
    "cer": 1.0,
    "cost_summary": {
        "total_input_tokens": 9036,
        "total_output_tokens": 552,
        "total_tokens": 9588,
        "input_cost_usd": 0.004518,
        "output_cost_usd": 0.0008280000000000002,
        "total_cost_usd": 0.005345999999999999
    }
}