{
    "f1_micro": 0.4290834613415259,
    "f1_macro": 0.42400000000000004,
    "micro_precision": 0.43600416233090533,
    "micro_recall": 0.4223790322580645,
    "total_instances": 15,
    "total_tp": 419,
    "total_fp": 542,
    "total_fn": 573,
    "cost_summary": {
        "total_input_tokens": 39915,
        "total_output_tokens": 13832,
        "total_tokens": 53747,
        "input_cost_usd": 0.015966,
        "output_cost_usd": 0.027664000000000005,
        "total_cost_usd": 0.04363000000000001
    }
}