{
    "fuzzy": 0.6695029665090245,
    "cost_summary": {
        "total_input_tokens": 1716,
        "total_output_tokens": 9769,
        "total_tokens": 11485,
        "input_cost_usd": 0.0001716,
        "output_cost_usd": 0.003907600000000001,
        "total_cost_usd": 0.0040792
    }
}