{
    "f1_macro": 0.53,
    "f1_micro": 0.54,
    "cost_summary": {
        "total_input_tokens": 281791,
        "total_output_tokens": 6077,
        "total_tokens": 287868,
        "input_cost_usd": 0.054949244999999994,
        "output_cost_usd": 0.00948012,
        "total_cost_usd": 0.064429365
    }
}