{
    "f1_micro": 0.5495495495495496,
    "f1_macro": 0.5493333333333333,
    "micro_precision": 0.5457256461232605,
    "micro_recall": 0.5534274193548387,
    "total_instances": 15,
    "total_tp": 549,
    "total_fp": 457,
    "total_fn": 443,
    "cost_summary": {
        "total_input_tokens": 46783,
        "total_output_tokens": 15249,
        "total_tokens": 62032,
        "input_cost_usd": 0.01216358,
        "output_cost_usd": 0.031717920000000004,
        "total_cost_usd": 0.0438815
    }
}