{
    "f1_macro": 0.55,
    "f1_micro": 0.69,
    "cost_summary": {
        "total_input_tokens": 49275,
        "total_output_tokens": 63972,
        "total_tokens": 113247,
        "input_cost_usd": 0.009854999999999997,
        "output_cost_usd": 0.07356779999999999,
        "total_cost_usd": 0.08342279999999999
    }
}