{
    "fuzzy": 96.98689340283995,
    "n": 50,
    "cost_summary": {
        "total_input_tokens": 60446,
        "total_output_tokens": 35228,
        "total_tokens": 95674,
        "input_cost_usd": 0.181338,
        "output_cost_usd": 0.52842,
        "total_cost_usd": 0.709758
    }
}