{
    "f1_micro": 0.5682166581502299,
    "f1_macro": 0.5519999999999999,
    "micro_precision": 0.5761658031088083,
    "micro_recall": 0.5604838709677419,
    "total_instances": 15,
    "total_tp": 556,
    "total_fp": 409,
    "total_fn": 436,
    "cost_summary": {
        "total_input_tokens": 17400,
        "total_output_tokens": 29728,
        "total_tokens": 47128,
        "input_cost_usd": 0.0348,
        "output_cost_usd": 0.237824,
        "total_cost_usd": 0.272624,
        "pricing_date": "2025-10-28",
        "input_price_per_million": 2.0,
        "output_price_per_million": 8.0
    }
}