{
    "f1_micro": 0.48957298907646474,
    "f1_macro": 0.4966666666666667,
    "micro_precision": 0.48238747553816047,
    "micro_recall": 0.4969758064516129,
    "total_instances": 15,
    "total_tp": 493,
    "total_fp": 529,
    "total_fn": 499,
    "cost_summary": {
        "total_input_tokens": 4275,
        "total_output_tokens": 16043,
        "total_tokens": 20318,
        "input_cost_usd": 0.0012825,
        "output_cost_usd": 0.040107500000000004,
        "total_cost_usd": 0.041389999999999996
    }
}