{
    "fuzzy": 0.624,
    "cer": 0.404,
    "cost_summary": {
        "total_input_tokens": 9264,
        "total_output_tokens": 2945,
        "total_tokens": 12209,
        "input_cost_usd": 0.0027792000000000008,
        "output_cost_usd": 0.0073625,
        "total_cost_usd": 0.0101417
    }
}