{
    "f1_micro": 0.3600590260698475,
    "f1_macro": 0.35866666666666663,
    "micro_precision": 0.3515850144092219,
    "micro_recall": 0.3689516129032258,
    "total_instances": 15,
    "total_tp": 366,
    "total_fp": 675,
    "total_fn": 626,
    "cost_summary": {
        "total_input_tokens": 28140,
        "total_output_tokens": 16013,
        "total_tokens": 44153,
        "input_cost_usd": 0.002814,
        "output_cost_usd": 0.006405,
        "total_cost_usd": 0.009219,
        "pricing_date": "2025-10-28",
        "input_price_per_million": 0.1,
        "output_price_per_million": 0.4
    }
}