{
    "f1": 0.109,
    "precision": 0.109,
    "recall": 0.109,
    "mean_iou": 0.092,
    "true_positives": 5,
    "false_positives": 115,
    "false_negatives": 121,
    "num_pages": 46,
    "cost_summary": {
        "total_input_tokens": 128248,
        "total_output_tokens": 7799,
        "total_tokens": 136047,
        "input_cost_usd": 0.05129919999999995,
        "output_cost_usd": 0.012478399999999997,
        "total_cost_usd": 0.0637776
    }
}