{
    "fuzzy": 65.77695401174428,
    "n": 50,
    "cost_summary": {
        "total_input_tokens": 40325,
        "total_output_tokens": 29349,
        "total_tokens": 69674,
        "input_cost_usd": 0.08064999999999999,
        "output_cost_usd": 0.14674500000000004,
        "total_cost_usd": 0.2273949999999999
    }
}