{
    "f1_macro": 0.81,
    "f1_micro": 0.87,
    "cost_summary": {
        "total_input_tokens": 44050,
        "total_output_tokens": 37531,
        "total_tokens": 81581,
        "input_cost_usd": 0.05506249999999998,
        "output_cost_usd": 0.37531,
        "total_cost_usd": 0.43037250000000005
    }
}