{
    "f1_macro": 0.04,
    "f1_micro": 0.02,
    "cost_summary": {
        "total_input_tokens": 39035,
        "total_output_tokens": 87018,
        "total_tokens": 126053,
        "input_cost_usd": 0.11710500000000004,
        "output_cost_usd": 1.30527,
        "total_cost_usd": 1.4223750000000002
    }
}