{
    "f1_macro": 0.30509768009768007,
    "f1_micro": 0.3529411764705882
}