{
    "fuzzy": 0.752,
    "cer": 0.25,
    "cost_summary": {
        "total_input_tokens": 19128,
        "total_output_tokens": 2844,
        "total_tokens": 21972,
        "input_cost_usd": 0.009564,
        "output_cost_usd": 0.008532000000000001,
        "total_cost_usd": 0.018095999999999998
    }
}