{
    "f1": 0.054,
    "precision": 0.065,
    "recall": 0.051,
    "mean_iou": 0.052,
    "true_positives": 3,
    "false_positives": 81,
    "false_negatives": 123,
    "num_pages": 46,
    "cost_summary": {
        "total_input_tokens": 127403,
        "total_output_tokens": 507347,
        "total_tokens": 634750,
        "input_cost_usd": 0.012740300000000003,
        "output_cost_usd": 0.07610204999999999,
        "total_cost_usd": 0.08884235000000001
    }
}