{
    "f1_micro": 0.4794452699356117,
    "f1_macro": 0.47933333333333333,
    "micro_precision": 0.47127555988315484,
    "micro_recall": 0.4879032258064516,
    "total_instances": 15,
    "total_tp": 484,
    "total_fp": 543,
    "total_fn": 508,
    "cost_summary": {
        "total_input_tokens": 4185,
        "total_output_tokens": 13870,
        "total_tokens": 18055,
        "input_cost_usd": 0.005231,
        "output_cost_usd": 0.1387,
        "total_cost_usd": 0.143931,
        "pricing_date": "2025-10-28",
        "input_price_per_million": 1.25,
        "output_price_per_million": 10.0
    }
}