{
    "fuzzy": 0.834,
    "cer": 0.17,
    "cost_summary": {
        "total_input_tokens": 61860,
        "total_output_tokens": 3872,
        "total_tokens": 65732,
        "input_cost_usd": 0.30929999999999996,
        "output_cost_usd": 0.0968,
        "total_cost_usd": 0.40610000000000007
    }
}