{
    "fuzzy": 0.9195776346422246,
    "cost_summary": {
        "total_input_tokens": 45639,
        "total_output_tokens": 38992,
        "total_tokens": 84631,
        "input_cost_usd": 0.05704875000000002,
        "output_cost_usd": 0.38992,
        "total_cost_usd": 0.4469687499999999
    }
}