{
    "f1_macro": 0.55,
    "f1_micro": 0.51,
    "cost_summary": {
        "total_input_tokens": 178330,
        "total_output_tokens": 2734,
        "total_tokens": 181064,
        "input_cost_usd": 0.046365800000000006,
        "output_cost_usd": 0.005686720000000001,
        "total_cost_usd": 0.052052520000000005
    }
}