{
    "fuzzy": 0.7849181126866687,
    "cost_summary": {
        "total_input_tokens": 87332,
        "total_output_tokens": 4061,
        "total_tokens": 91393,
        "input_cost_usd": 0.0069865599999999976,
        "output_cost_usd": 0.0012182999999999999,
        "total_cost_usd": 0.00820486
    }
}