{
    "fuzzy": 95.80248404232192,
    "n": 50,
    "cost_summary": {
        "total_input_tokens": 39246,
        "total_output_tokens": 432706,
        "total_tokens": 471952,
        "input_cost_usd": 0.015698400000000005,
        "output_cost_usd": 1.0384944000000003,
        "total_cost_usd": 1.0541927999999998
    }
}