{
    "f1_micro": 0.9703718433088089,
    "f1_macro": 0.909016393442623,
    "micro_precision": 0.9717244125846276,
    "micro_recall": 0.9690230341540905,
    "total_instances": 61,
    "total_tp": 2440,
    "total_fp": 71,
    "total_fn": 78,
    "cost_summary": {
        "total_input_tokens": 143605,
        "total_output_tokens": 61209,
        "total_tokens": 204814,
        "input_cost_usd": 0.28720999999999997,
        "output_cost_usd": 0.7345079999999997,
        "total_cost_usd": 1.0217180000000001
    }
}