{
    "fuzzy": 0.653,
    "cer": 0.376,
    "cost_summary": {
        "total_input_tokens": 18840,
        "total_output_tokens": 2484,
        "total_tokens": 21324,
        "input_cost_usd": 0.02354999999999999,
        "output_cost_usd": 0.02484,
        "total_cost_usd": 0.04838999999999999
    }
}