{
    "f1_micro": 0.6629189189189189,
    "f1_macro": 0.6485171102661597,
    "micro_precision": 0.6936651583710407,
    "micro_recall": 0.6347826086956522,
    "total_instances": 263,
    "total_tp": 1533,
    "total_fp": 677,
    "total_fn": 882,
    "cost_summary": {
        "total_input_tokens": 187256,
        "total_output_tokens": 502964,
        "total_tokens": 690220,
        "input_cost_usd": 0.01872560000000009,
        "output_cost_usd": 0.20118560000000016,
        "total_cost_usd": 0.2199112
    }
}