{
    "f1_micro": 0.7111839410077837,
    "f1_macro": 0.698555133079848,
    "micro_precision": 0.7036886907174706,
    "micro_recall": 0.7188405797101449,
    "total_instances": 263,
    "total_tp": 1736,
    "total_fp": 731,
    "total_fn": 679,
    "cost_summary": {
        "total_input_tokens": 638376,
        "total_output_tokens": 57192,
        "total_tokens": 695568,
        "input_cost_usd": 1.915128,
        "output_cost_usd": 0.85788,
        "total_cost_usd": 2.773008,
        "pricing_date": "2025-09-30",
        "input_price_per_million": 3.0,
        "output_price_per_million": 15.0
    }
}