{
    "f1_micro": 0.8062269561655059,
    "f1_macro": 0.792851711026616,
    "micro_precision": 0.7977300364815565,
    "micro_recall": 0.8149068322981367,
    "total_instances": 263,
    "total_tp": 1968,
    "total_fp": 499,
    "total_fn": 447,
    "cost_summary": {
        "total_input_tokens": 638376,
        "total_output_tokens": 57192,
        "total_tokens": 695568,
        "input_cost_usd": 1.915128,
        "output_cost_usd": 0.85788,
        "total_cost_usd": 2.773008,
        "pricing_date": "2025-09-30",
        "input_price_per_million": 3.0,
        "output_price_per_million": 15.0
    }
}