{
    "f1_macro": 0.44,
    "f1_micro": 0.53,
    "cost_summary": {
        "total_input_tokens": 18480,
        "total_output_tokens": 1980,
        "total_tokens": 20460,
        "input_cost_usd": 0.0014784000000000004,
        "output_cost_usd": 0.000693,
        "total_cost_usd": 0.0021714000000000004
    }
}