{
    "f1_micro": 0.611930442438917,
    "f1_macro": 0.604106463878327,
    "micro_precision": 0.6531954887218046,
    "micro_recall": 0.5755693581780539,
    "total_instances": 263,
    "total_tp": 1390,
    "total_fp": 738,
    "total_fn": 1025
}