{
    "f1_micro": 0.8168348722353448,
    "f1_macro": 0.7576425855513308,
    "micro_precision": 0.848349687778769,
    "micro_recall": 0.7875776397515528,
    "total_instances": 263,
    "total_tp": 1902,
    "total_fp": 340,
    "total_fn": 513,
    "cost_summary": {
        "total_input_tokens": 352209,
        "total_output_tokens": 41009,
        "total_tokens": 393218,
        "input_cost_usd": 0.08805224999999979,
        "output_cost_usd": 0.06151349999999999,
        "total_cost_usd": 0.14956575
    }
}