{
    "f1_micro": 0.38266796494644595,
    "f1_macro": 0.388,
    "micro_precision": 0.3700564971751412,
    "micro_recall": 0.3961693548387097,
    "total_instances": 15,
    "total_tp": 393,
    "total_fp": 669,
    "total_fn": 599,
    "cost_summary": {
        "total_input_tokens": 22252,
        "total_output_tokens": 16262,
        "total_tokens": 38514,
        "input_cost_usd": 0.33378,
        "output_cost_usd": 1.21965,
        "total_cost_usd": 1.55343,
        "pricing_date": "2025-10-28",
        "input_price_per_million": 15.0,
        "output_price_per_million": 75.0
    }
}