{
    "f1_micro": 0.7563946406820949,
    "f1_macro": 0.7477566539923954,
    "micro_precision": 0.7419354838709677,
    "micro_recall": 0.7714285714285715,
    "total_instances": 263,
    "total_tp": 1863,
    "total_fp": 648,
    "total_fn": 552
}