{
    "f1_micro": 0.8608644168146831,
    "f1_macro": 0.8511787072243345,
    "micro_precision": 0.8223981900452488,
    "micro_recall": 0.9031055900621118,
    "total_instances": 263,
    "total_tp": 2181,
    "total_fp": 471,
    "total_fn": 234,
    "cost_summary": {
        "total_input_tokens": 406240,
        "total_output_tokens": 39872,
        "total_tokens": 446112,
        "input_cost_usd": 0.2031199999999995,
        "output_cost_usd": 0.11961600000000001,
        "total_cost_usd": 0.32273599999999986
    }
}