{
    "f1_micro": 0.4711729622266402,
    "f1_macro": 0.4766666666666667,
    "micro_precision": 0.4647058823529412,
    "micro_recall": 0.4778225806451613,
    "total_instances": 15,
    "total_tp": 474,
    "total_fp": 546,
    "total_fn": 518,
    "cost_summary": {
        "total_input_tokens": 16723,
        "total_output_tokens": 16191,
        "total_tokens": 32914,
        "input_cost_usd": 0.033446,
        "output_cost_usd": 0.19429199999999996,
        "total_cost_usd": 0.227738
    }
}