{
    "f1_micro": 0.8540755467196819,
    "f1_macro": 0.8456653992395438,
    "micro_precision": 0.821414913957935,
    "micro_recall": 0.8894409937888199,
    "total_instances": 263,
    "total_tp": 2148,
    "total_fp": 467,
    "total_fn": 267,
    "cost_summary": {
        "total_input_tokens": 566314,
        "total_output_tokens": 58592,
        "total_tokens": 624906,
        "input_cost_usd": 1.698942,
        "output_cost_usd": 0.87888,
        "total_cost_usd": 2.577822,
        "pricing_date": "2025-10-01",
        "input_price_per_million": 3.0,
        "output_price_per_million": 15.0
    }
}