{
    "f1_micro": 0.7550695825049701,
    "f1_macro": 0.7465779467680608,
    "micro_precision": 0.7261950286806883,
    "micro_recall": 0.7863354037267081,
    "total_instances": 263,
    "total_tp": 1899,
    "total_fp": 716,
    "total_fn": 516,
    "cost_summary": {
        "total_input_tokens": 566314,
        "total_output_tokens": 58592,
        "total_tokens": 624906,
        "input_cost_usd": 1.698942,
        "output_cost_usd": 0.87888,
        "total_cost_usd": 2.577822,
        "pricing_date": "2025-10-01",
        "input_price_per_million": 3.0,
        "output_price_per_million": 15.0
    }
}