{
    "f1_micro": 0.4485887096774194,
    "f1_macro": 0.452,
    "micro_precision": 0.4485887096774194,
    "micro_recall": 0.4485887096774194,
    "total_instances": 15,
    "total_tp": 445,
    "total_fp": 547,
    "total_fn": 547,
    "cost_summary": {
        "total_input_tokens": 19968,
        "total_output_tokens": 40134,
        "total_tokens": 60102,
        "input_cost_usd": 0.004992,
        "output_cost_usd": 0.080268,
        "total_cost_usd": 0.08526,
        "pricing_date": "2025-10-28",
        "input_price_per_million": 0.25,
        "output_price_per_million": 2.0
    }
}