{
    "f1_micro": 0.35375599360681936,
    "f1_macro": 0.38066666666666665,
    "micro_precision": 0.3751412429378531,
    "micro_recall": 0.3346774193548387,
    "total_instances": 15,
    "total_tp": 332,
    "total_fp": 553,
    "total_fn": 660,
    "cost_summary": {
        "total_input_tokens": 22237,
        "total_output_tokens": 15048,
        "total_tokens": 37285,
        "input_cost_usd": 0.066711,
        "output_cost_usd": 0.22572,
        "total_cost_usd": 0.292431,
        "pricing_date": "2025-10-28",
        "input_price_per_million": 3.0,
        "output_price_per_million": 15.0
    }
}