{
    "f1_micro": 0.8408710217755444,
    "f1_macro": 0.8369201520912547,
    "micro_precision": 0.8465430016863407,
    "micro_recall": 0.8352745424292846,
    "total_instances": 263,
    "total_tp": 2008,
    "total_fp": 364,
    "total_fn": 396
}