{
    "f1_micro": 0.8706914560267389,
    "f1_macro": 0.8652471482889734,
    "micro_precision": 0.8785834738617201,
    "micro_recall": 0.8629399585921325,
    "total_instances": 263,
    "total_tp": 2084,
    "total_fp": 288,
    "total_fn": 331
}