{
    "f1_micro": 0.854162320050073,
    "f1_macro": 0.8487452471482889,
    "micro_precision": 0.8629848229342327,
    "micro_recall": 0.8455183808343659,
    "total_instances": 263,
    "total_tp": 2047,
    "total_fp": 325,
    "total_fn": 374
}