{
    "f1_micro": 0.827021494370522,
    "f1_macro": 0.8246007604562737,
    "micro_precision": 0.8261758691206544,
    "micro_recall": 0.8278688524590164,
    "total_instances": 263,
    "total_tp": 2020,
    "total_fp": 425,
    "total_fn": 420
}