{
    "f1_micro": 0.8100086281276963,
    "f1_macro": 0.8038783269961977,
    "micro_precision": 0.799931833674165,
    "micro_recall": 0.8203425375742748,
    "total_instances": 263,
    "total_tp": 2347,
    "total_fp": 587,
    "total_fn": 514
}