{
    "f1_micro": 0.8598287027365782,
    "f1_macro": 0.8543346007604563,
    "micro_precision": 0.8676222596964587,
    "micro_recall": 0.8521739130434782,
    "total_instances": 263,
    "total_tp": 2058,
    "total_fp": 314,
    "total_fn": 357
}