{
    "f1_micro": 0.8245213419989461,
    "f1_macro": 0.8194296577946768,
    "micro_precision": 0.8284504059301094,
    "micro_recall": 0.8206293706293706,
    "total_instances": 263,
    "total_tp": 2347,
    "total_fp": 486,
    "total_fn": 513
}