{
    "f1_micro": 0.5816692268305171,
    "f1_macro": 0.4648669201520913,
    "micro_precision": 0.7619047619047619,
    "micro_recall": 0.47039337474120085,
    "total_instances": 263,
    "total_tp": 1136,
    "total_fp": 355,
    "total_fn": 1279,
    "cost_summary": {
        "total_input_tokens": 531873,
        "total_output_tokens": 72313,
        "total_tokens": 604186,
        "input_cost_usd": 0.21274920000000017,
        "output_cost_usd": 0.1157008,
        "total_cost_usd": 0.3284500000000003
    }
}