{
    "fuzzy": 0.122,
    "cer": 0.882,
    "cost_summary": {
        "total_input_tokens": 2712,
        "total_output_tokens": 2095,
        "total_tokens": 4807,
        "input_cost_usd": 0.001356,
        "output_cost_usd": 0.0031425000000000003,
        "total_cost_usd": 0.004498500000000001
    }
}