{
    "fuzzy": 0.769,
    "cer": 0.292,
    "cost_summary": {
        "total_input_tokens": 39643,
        "total_output_tokens": 3043,
        "total_tokens": 42686,
        "input_cost_usd": 0.007730385000000001,
        "output_cost_usd": 0.004747080000000001,
        "total_cost_usd": 0.012477465
    }
}