{
    "fuzzy": 0.6741259285186951,
    "cost_summary": {
        "total_input_tokens": 16174,
        "total_output_tokens": 7422,
        "total_tokens": 23596,
        "input_cost_usd": 0.08087,
        "output_cost_usd": 0.18555,
        "total_cost_usd": 0.26642
    }
}