{
    "f1_macro": 0.5735488249293471,
    "f1_micro": 0.5174129353233832
}