{
    "f1_micro": 0.8543405676126877,
    "f1_macro": 0.8372131147540983,
    "micro_precision": 0.9001759014951627,
    "micro_recall": 0.812946783161239,
    "total_instances": 61,
    "total_tp": 2047,
    "total_fp": 227,
    "total_fn": 471,
    "cost_summary": {
        "total_input_tokens": 245626,
        "total_output_tokens": 59080,
        "total_tokens": 304706,
        "input_cost_usd": 0.24562600000000007,
        "output_cost_usd": 0.2954,
        "total_cost_usd": 0.5410259999999998
    }
}