{
    "f1_macro": 0.0,
    "f1_micro": 0.0,
    "cost_summary": {
        "total_input_tokens": 20480,
        "total_output_tokens": 1594,
        "total_tokens": 22074,
        "input_cost_usd": 0.040960000000000024,
        "output_cost_usd": 0.009564000000000001,
        "total_cost_usd": 0.05052399999999998
    }
}