{
    "fuzzy": 0.026,
    "cer": 0.984,
    "cost_summary": {
        "total_input_tokens": 12741,
        "total_output_tokens": 12900,
        "total_tokens": 25641,
        "input_cost_usd": 0.0006370500000000001,
        "output_cost_usd": 0.0051600000000000005,
        "total_cost_usd": 0.005797050000000001
    }
}