{
    "f1_macro": 0.5815809534434032,
    "f1_micro": 0.527363184079602
}