{
    "f1_macro": 0.51,
    "f1_micro": 0.58,
    "cost_summary": {
        "total_input_tokens": 102920,
        "total_output_tokens": 2496,
        "total_tokens": 105416,
        "input_cost_usd": 0.030875999999999997,
        "output_cost_usd": 0.0059904,
        "total_cost_usd": 0.036866399999999994
    }
}