{
    "f1_macro": 0.48,
    "f1_micro": 0.52,
    "cost_summary": {
        "total_input_tokens": 66688,
        "total_output_tokens": 1392,
        "total_tokens": 68080,
        "input_cost_usd": 0.03334399999999999,
        "output_cost_usd": 0.0020879999999999996,
        "total_cost_usd": 0.03543199999999999
    }
}