{
    "fuzzy": 0.7120338558832713,
    "cost_summary": {
        "total_input_tokens": 26564,
        "total_output_tokens": 9528,
        "total_tokens": 36092,
        "input_cost_usd": 0.26564,
        "output_cost_usd": 0.47640000000000005,
        "total_cost_usd": 0.7420399999999999
    }
}