{
    "f1_macro": 0.64,
    "f1_micro": 0.66,
    "cost_summary": {
        "total_input_tokens": 126168,
        "total_output_tokens": 3017,
        "total_tokens": 129185,
        "input_cost_usd": 0.06308399999999996,
        "output_cost_usd": 0.009051000000000003,
        "total_cost_usd": 0.072135
    }
}