{
    "fuzzy": 0.686,
    "cer": 0.31,
    "cost_summary": {
        "total_input_tokens": 8492,
        "total_output_tokens": 2580,
        "total_tokens": 11072,
        "input_cost_usd": 0.0008492000000000003,
        "output_cost_usd": 0.001032,
        "total_cost_usd": 0.0018812
    }
}