{
    "fuzzy": 0.9144894856566026,
    "cost_summary": {
        "total_input_tokens": 84238,
        "total_output_tokens": 6185,
        "total_tokens": 90423,
        "input_cost_usd": 1.2635700000000005,
        "output_cost_usd": 0.463875,
        "total_cost_usd": 1.727445
    }
}