{
    "fuzzy": 96.60542275866716,
    "n": 50,
    "cost_summary": {
        "total_input_tokens": 60446,
        "total_output_tokens": 35864,
        "total_tokens": 96310,
        "input_cost_usd": 0.90669,
        "output_cost_usd": 2.689800000000001,
        "total_cost_usd": 3.596490000000001
    }
}