{
    "f1_micro": 0.34004914004914005,
    "f1_macro": 0.35933333333333334,
    "micro_precision": 0.3317353787152445,
    "micro_recall": 0.3487903225806452,
    "total_instances": 15,
    "total_tp": 346,
    "total_fp": 697,
    "total_fn": 646,
    "cost_summary": {
        "total_input_tokens": 4275,
        "total_output_tokens": 16917,
        "total_tokens": 21192,
        "input_cost_usd": 0.0004274999999999999,
        "output_cost_usd": 0.006766800000000001,
        "total_cost_usd": 0.0071943
    }
}