{
    "f1_macro": 0.0,
    "f1_micro": 0.0,
    "cost_summary": {
        "total_input_tokens": 33345,
        "total_output_tokens": 3030,
        "total_tokens": 36375,
        "input_cost_usd": 0.006668999999999996,
        "output_cost_usd": 0.0006059999999999996,
        "total_cost_usd": 0.007275000000000006
    }
}