{
    "f1_macro": 0.61,
    "f1_micro": 0.56,
    "cost_summary": {
        "total_input_tokens": 177638,
        "total_output_tokens": 3086,
        "total_tokens": 180724,
        "input_cost_usd": 0.10658280000000002,
        "output_cost_usd": 0.011109599999999999,
        "total_cost_usd": 0.11769239999999999
    }
}