{
    "f1_macro": 0.0,
    "f1_micro": 0.0,
    "cost_summary": {
        "total_input_tokens": 14625,
        "total_output_tokens": 1118,
        "total_tokens": 15743,
        "input_cost_usd": 0.0014624999999999994,
        "output_cost_usd": 0.0003354000000000001,
        "total_cost_usd": 0.0017978999999999996
    }
}