{
    "f1_micro": 0.8765072765072766,
    "f1_macro": 0.8662295081967214,
    "micro_precision": 0.9197207678883071,
    "micro_recall": 0.8371723590150913,
    "total_instances": 61,
    "total_tp": 2108,
    "total_fp": 184,
    "total_fn": 410,
    "cost_summary": {
        "total_input_tokens": 228973,
        "total_output_tokens": 60065,
        "total_tokens": 289038,
        "input_cost_usd": 3.434594999999998,
        "output_cost_usd": 4.504874999999999,
        "total_cost_usd": 7.939470000000001
    }
}