{
    "f1_micro": 0.437941473259334,
    "f1_macro": 0.4373333333333333,
    "micro_precision": 0.4383838383838384,
    "micro_recall": 0.4375,
    "total_instances": 15,
    "total_tp": 434,
    "total_fp": 556,
    "total_fn": 558,
    "cost_summary": {
        "total_input_tokens": 22612,
        "total_output_tokens": 14199,
        "total_tokens": 36811,
        "input_cost_usd": 0.045224,
        "output_cost_usd": 0.085194,
        "total_cost_usd": 0.130418,
        "pricing_date": "2025-10-28",
        "input_price_per_million": 2.0,
        "output_price_per_million": 6.0
    }
}