{
    "f1_micro": 0.7598510096059597,
    "f1_macro": 0.7575409836065574,
    "micro_precision": 0.7502903600464577,
    "micro_recall": 0.7696584590945195,
    "total_instances": 61,
    "total_tp": 1938,
    "total_fp": 645,
    "total_fn": 580,
    "cost_summary": {
        "total_input_tokens": 228973,
        "total_output_tokens": 63472,
        "total_tokens": 292445,
        "input_cost_usd": 3.434594999999998,
        "output_cost_usd": 4.760400000000001,
        "total_cost_usd": 8.194995000000002
    }
}