{
    "fuzzy": 0.88342153965247,
    "cost_summary": {
        "total_input_tokens": 96512,
        "total_output_tokens": 5570,
        "total_tokens": 102082,
        "input_cost_usd": 0.0579072,
        "output_cost_usd": 0.020051999999999997,
        "total_cost_usd": 0.07795919999999999
    }
}