{
    "f1_macro": 0.45,
    "f1_micro": 0.5,
    "cost_summary": {
        "total_input_tokens": 85215,
        "total_output_tokens": 2447,
        "total_tokens": 87662,
        "input_cost_usd": 0.2556450000000001,
        "output_cost_usd": 0.036705,
        "total_cost_usd": 0.29234999999999994
    }
}