{
    "f1_micro": 0.45265822784810134,
    "f1_macro": 0.466,
    "micro_precision": 0.4547304170905392,
    "micro_recall": 0.45060483870967744,
    "total_instances": 15,
    "total_tp": 447,
    "total_fp": 536,
    "total_fn": 545,
    "cost_summary": {
        "total_input_tokens": 33510,
        "total_output_tokens": 16540,
        "total_tokens": 50050,
        "input_cost_usd": 0.002513,
        "output_cost_usd": 0.004962,
        "total_cost_usd": 0.007475,
        "pricing_date": "2025-10-28",
        "input_price_per_million": 0.075,
        "output_price_per_million": 0.3
    }
}