{
    "f1_macro": 0.59,
    "f1_micro": 0.59,
    "cost_summary": {
        "total_input_tokens": 280558,
        "total_output_tokens": 5320,
        "total_tokens": 285878,
        "input_cost_usd": 0.1122232,
        "output_cost_usd": 0.012768,
        "total_cost_usd": 0.12499119999999998
    }
}