{
    "f1_micro": 0.8463817181548878,
    "f1_macro": 0.8439543726235742,
    "micro_precision": 0.8613264427217916,
    "micro_recall": 0.831946755407654,
    "total_instances": 263,
    "total_tp": 2000,
    "total_fp": 322,
    "total_fn": 404
}