{
    "f1_micro": 0.8066485753052917,
    "f1_macro": 0.8019391634980988,
    "micro_precision": 0.781465658889254,
    "micro_recall": 0.8335085874518051,
    "total_instances": 263,
    "total_tp": 2378,
    "total_fp": 665,
    "total_fn": 475
}