{
    "f1_micro": 0.82350913478111,
    "f1_macro": 0.8202281368821293,
    "micro_precision": 0.8120326308633583,
    "micro_recall": 0.8353146853146853,
    "total_instances": 263,
    "total_tp": 2389,
    "total_fp": 553,
    "total_fn": 471
}