{
    "f1_micro": 0.87017099430019,
    "f1_macro": 0.8673764258555133,
    "micro_precision": 0.8875968992248062,
    "micro_recall": 0.853416149068323,
    "total_instances": 263,
    "total_tp": 2061,
    "total_fp": 261,
    "total_fn": 354
}