{
    "f1_micro": 0.8092818428184282,
    "f1_macro": 0.8047908745247148,
    "micro_precision": 0.7850805126519882,
    "micro_recall": 0.8350227193289059,
    "total_instances": 263,
    "total_tp": 2389,
    "total_fp": 654,
    "total_fn": 472
}