{
    "f1_micro": 0.8357289527720738,
    "f1_macro": 0.8341444866920152,
    "micro_precision": 0.8374485596707819,
    "micro_recall": 0.8340163934426229,
    "total_instances": 263,
    "total_tp": 2035,
    "total_fp": 395,
    "total_fn": 405
}