{
    "f1_micro": 0.8587713742875238,
    "f1_macro": 0.8562357414448669,
    "micro_precision": 0.875968992248062,
    "micro_recall": 0.8422360248447205,
    "total_instances": 263,
    "total_tp": 2034,
    "total_fp": 288,
    "total_fn": 381
}