{
    "f1_micro": 0.8526249209361163,
    "f1_macro": 0.8500380228136882,
    "micro_precision": 0.8708010335917312,
    "micro_recall": 0.8351920693928129,
    "total_instances": 263,
    "total_tp": 2022,
    "total_fp": 300,
    "total_fn": 399
}