{
    "f1_micro": 0.3951367781155015,
    "f1_macro": 0.38066666666666665,
    "micro_precision": 0.3971486761710794,
    "micro_recall": 0.39314516129032256,
    "total_instances": 15,
    "total_tp": 390,
    "total_fp": 592,
    "total_fn": 602,
    "cost_summary": {
        "total_input_tokens": 15825,
        "total_output_tokens": 10447,
        "total_tokens": 26272,
        "input_cost_usd": 0.019781250000000004,
        "output_cost_usd": 0.10447,
        "total_cost_usd": 0.12425125
    }
}