{
    "f1_micro": 0.4615384615384615,
    "f1_macro": 0.4653333333333334,
    "micro_precision": 0.45454545454545453,
    "micro_recall": 0.46875,
    "total_instances": 15,
    "total_tp": 465,
    "total_fp": 558,
    "total_fn": 527,
    "cost_summary": {
        "total_input_tokens": 41236,
        "total_output_tokens": 31223,
        "total_tokens": 72459,
        "input_cost_usd": 0.016494400000000006,
        "output_cost_usd": 0.0499568,
        "total_cost_usd": 0.0664512
    }
}