{
    "f1": 0.816,
    "precision": 0.822,
    "recall": 0.819,
    "mean_iou": 0.705,
    "true_positives": 106,
    "false_positives": 18,
    "false_negatives": 20,
    "num_pages": 46,
    "cost_summary": {
        "total_input_tokens": 213624,
        "total_output_tokens": 4199,
        "total_tokens": 217823,
        "input_cost_usd": 1.0681200000000004,
        "output_cost_usd": 0.10497499999999997,
        "total_cost_usd": 1.173095
    }
}