{
    "f1_micro": 0.2769593400117855,
    "f1_macro": 0.2753333333333333,
    "micro_precision": 0.3333333333333333,
    "micro_recall": 0.2368951612903226,
    "total_instances": 15,
    "total_tp": 235,
    "total_fp": 470,
    "total_fn": 757,
    "cost_summary": {
        "total_input_tokens": 35746,
        "total_output_tokens": 67294,
        "total_tokens": 103040,
        "input_cost_usd": 0.0017873,
        "output_cost_usd": 0.026917599999999996,
        "total_cost_usd": 0.028704900000000005
    }
}