{
    "f1_macro": 0.59,
    "f1_micro": 0.53,
    "cost_summary": {
        "total_input_tokens": 127000,
        "total_output_tokens": 32526,
        "total_tokens": 159526,
        "input_cost_usd": 0.03174999999999999,
        "output_cost_usd": 0.065052,
        "total_cost_usd": 0.09680199999999999
    }
}