{
    "fuzzy": 0.6772041413586122,
    "cost_summary": {
        "total_input_tokens": 16085,
        "total_output_tokens": 15128,
        "total_tokens": 31213,
        "input_cost_usd": 0.02010625,
        "output_cost_usd": 0.037820000000000006,
        "total_cost_usd": 0.05792625000000001
    }
}