{
    "f1_micro": 0.4318740777176586,
    "f1_macro": 0.45,
    "micro_precision": 0.4217098943323727,
    "micro_recall": 0.4425403225806452,
    "total_instances": 15,
    "total_tp": 439,
    "total_fp": 602,
    "total_fn": 553,
    "cost_summary": {
        "total_input_tokens": 47302,
        "total_output_tokens": 77238,
        "total_tokens": 124540,
        "input_cost_usd": 0.0,
        "output_cost_usd": 0.0,
        "total_cost_usd": 0.0
    }
}