{
    "f1_macro": 0.41326278659612,
    "f1_micro": 0.5142857142857143
}