{
    "f1_micro": 0.29882604055496265,
    "f1_macro": 0.32733333333333337,
    "micro_precision": 0.31746031746031744,
    "micro_recall": 0.28225806451612906,
    "total_instances": 15,
    "total_tp": 280,
    "total_fp": 602,
    "total_fn": 712,
    "cost_summary": {
        "total_input_tokens": 389865,
        "total_output_tokens": 11762,
        "total_tokens": 401627,
        "input_cost_usd": 0.05848,
        "output_cost_usd": 0.007057,
        "total_cost_usd": 0.065537,
        "pricing_date": "2025-10-28",
        "input_price_per_million": 0.15,
        "output_price_per_million": 0.6
    }
}