{
    "fuzzy": 0.8756728088076716,
    "cost_summary": {
        "total_input_tokens": 90626,
        "total_output_tokens": 41210,
        "total_tokens": 131836,
        "input_cost_usd": 0.014726725,
        "output_cost_usd": 0.053572999999999996,
        "total_cost_usd": 0.06829972499999999
    }
}