{
    "f1_micro": 0.8883096049729297,
    "f1_macro": 0.8825475285171102,
    "micro_precision": 0.8611975116640747,
    "micro_recall": 0.917184265010352,
    "total_instances": 263,
    "total_tp": 2215,
    "total_fp": 357,
    "total_fn": 200,
    "cost_summary": {
        "total_input_tokens": 470700,
        "total_output_tokens": 47602,
        "total_tokens": 518302,
        "input_cost_usd": 0.28241999999999984,
        "output_cost_usd": 0.17136720000000003,
        "total_cost_usd": 0.4537872
    }
}