{
    "fuzzy": 0.704,
    "cer": 0.305,
    "cost_summary": {
        "total_input_tokens": 12113,
        "total_output_tokens": 10053,
        "total_tokens": 22166,
        "input_cost_usd": 0.004845200000000001,
        "output_cost_usd": 0.0241272,
        "total_cost_usd": 0.0289724
    }
}