{
    "f1_micro": 0.48596321393998065,
    "f1_macro": 0.484,
    "micro_precision": 0.46741154562383613,
    "micro_recall": 0.5060483870967742,
    "total_instances": 15,
    "total_tp": 502,
    "total_fp": 572,
    "total_fn": 490,
    "cost_summary": {
        "total_input_tokens": 35829,
        "total_output_tokens": 13822,
        "total_tokens": 49651,
        "input_cost_usd": 0.179145,
        "output_cost_usd": 0.34554999999999997,
        "total_cost_usd": 0.524695
    }
}