{
    "fuzzy": 0.784,
    "cer": 0.224,
    "cost_summary": {
        "total_input_tokens": 9264,
        "total_output_tokens": 3453,
        "total_tokens": 12717,
        "input_cost_usd": 0.0027792000000000008,
        "output_cost_usd": 0.0086325,
        "total_cost_usd": 0.0114117
    }
}