{
    "f1_macro": 0.53,
    "f1_micro": 0.48,
    "cost_summary": {
        "total_input_tokens": 52178,
        "total_output_tokens": 2832,
        "total_tokens": 55010,
        "input_cost_usd": 0.005217799999999998,
        "output_cost_usd": 0.0011328000000000002,
        "total_cost_usd": 0.0063506
    }
}