{
    "f1_micro": 0.419531639262581,
    "f1_macro": 0.4166666666666667,
    "micro_precision": 0.4147783251231527,
    "micro_recall": 0.42439516129032256,
    "total_instances": 15,
    "total_tp": 421,
    "total_fp": 594,
    "total_fn": 571,
    "cost_summary": {
        "total_input_tokens": 41244,
        "total_output_tokens": 15122,
        "total_tokens": 56366,
        "input_cost_usd": 0.01072344,
        "output_cost_usd": 0.031453760000000004,
        "total_cost_usd": 0.0421772
    }
}