{
    "fuzzy": 0.2049851909907012,
    "cost_summary": {
        "total_input_tokens": 20955,
        "total_output_tokens": 11681,
        "total_tokens": 32636,
        "input_cost_usd": 0.04191,
        "output_cost_usd": 0.070086,
        "total_cost_usd": 0.111996
    }
}