{
    "fuzzy": 0.022,
    "cer": 0.998,
    "cost_summary": {
        "total_input_tokens": 3930,
        "total_output_tokens": 1359,
        "total_tokens": 5289,
        "input_cost_usd": 0.00786,
        "output_cost_usd": 0.006794999999999999,
        "total_cost_usd": 0.014655000000000001
    }
}