{
    "f1_micro": 0.8166567988948096,
    "f1_macro": 0.8116730038022814,
    "micro_precision": 0.7801659125188537,
    "micro_recall": 0.856728778467909,
    "total_instances": 263,
    "total_tp": 2069,
    "total_fp": 583,
    "total_fn": 346,
    "cost_summary": {
        "total_input_tokens": 301125,
        "total_output_tokens": 43110,
        "total_tokens": 344235,
        "input_cost_usd": 0.03914625000000002,
        "output_cost_usd": 0.016381800000000016,
        "total_cost_usd": 0.05552805
    }
}