{
    "fuzzy": 67.71225462669035,
    "n": 50,
    "cost_summary": {
        "total_input_tokens": 31538,
        "total_output_tokens": 816764,
        "total_tokens": 848302,
        "input_cost_usd": 0.003153799999999999,
        "output_cost_usd": 0.32670560000000004,
        "total_cost_usd": 0.3298594000000001
    }
}