{
    "f1_micro": 0.3936333027242118,
    "f1_macro": 0.15147540983606558,
    "micro_precision": 0.8584779706275033,
    "micro_recall": 0.25536139793486895,
    "total_instances": 61,
    "total_tp": 643,
    "total_fp": 106,
    "total_fn": 1875,
    "cost_summary": {
        "total_input_tokens": 44445,
        "total_output_tokens": 12854,
        "total_tokens": 57299,
        "input_cost_usd": 0.08889000000000001,
        "output_cost_usd": 0.06427000000000001,
        "total_cost_usd": 0.15316
    }
}