{
    "fuzzy": 0.22166563595135036,
    "cost_summary": {
        "total_input_tokens": 93631,
        "total_output_tokens": 13054,
        "total_tokens": 106685,
        "input_cost_usd": 0.014044650000000002,
        "output_cost_usd": 0.0019581000000000004,
        "total_cost_usd": 0.01600275
    }
}