{
    "f1_micro": 0.42444987775061127,
    "f1_macro": 0.4553333333333333,
    "micro_precision": 0.4121557454890788,
    "micro_recall": 0.4375,
    "total_instances": 15,
    "total_tp": 434,
    "total_fp": 619,
    "total_fn": 558,
    "cost_summary": {
        "total_input_tokens": 4185,
        "total_output_tokens": 13833,
        "total_tokens": 18018,
        "input_cost_usd": 0.001256,
        "output_cost_usd": 0.034583,
        "total_cost_usd": 0.035838,
        "pricing_date": "2025-10-28",
        "input_price_per_million": 0.3,
        "output_price_per_million": 2.5
    }
}