{
    "f1_micro": 0.9572245219791052,
    "f1_macro": 0.9011475409836065,
    "micro_precision": 0.950293542074364,
    "micro_recall": 0.9642573471008737,
    "total_instances": 61,
    "total_tp": 2428,
    "total_fp": 127,
    "total_fn": 90,
    "cost_summary": {
        "total_input_tokens": 141043,
        "total_output_tokens": 61069,
        "total_tokens": 202112,
        "input_cost_usd": 0.28208600000000017,
        "output_cost_usd": 0.7328279999999998,
        "total_cost_usd": 1.0149139999999999
    }
}