{
    "f1_micro": 0.47643182970096304,
    "f1_macro": 0.47600000000000003,
    "micro_precision": 0.47910295616717635,
    "micro_recall": 0.4737903225806452,
    "total_instances": 15,
    "total_tp": 470,
    "total_fp": 511,
    "total_fn": 522,
    "cost_summary": {
        "total_input_tokens": 39915,
        "total_output_tokens": 13698,
        "total_tokens": 53613,
        "input_cost_usd": 0.007983,
        "output_cost_usd": 0.0027396,
        "total_cost_usd": 0.0107226
    }
}