{
    "f1_micro": 0.8695124418369412,
    "f1_macro": 0.8636501901140684,
    "micro_precision": 0.8500791139240507,
    "micro_recall": 0.8898550724637682,
    "total_instances": 263,
    "total_tp": 2149,
    "total_fp": 379,
    "total_fn": 266,
    "cost_summary": {
        "total_input_tokens": 187256,
        "total_output_tokens": 48124,
        "total_tokens": 235380,
        "input_cost_usd": 0.05617680000000022,
        "output_cost_usd": 0.12030999999999999,
        "total_cost_usd": 0.17648679999999997
    }
}