{
    "fuzzy": 0.4459983010433223,
    "cost_summary": {
        "total_input_tokens": 4939,
        "total_output_tokens": 14607,
        "total_tokens": 19546,
        "input_cost_usd": 0.009877999999999998,
        "output_cost_usd": 0.087642,
        "total_cost_usd": 0.09752000000000001
    }
}