{
    "f1_micro": 0.4858638743455498,
    "f1_macro": 0.4706666666666667,
    "micro_precision": 0.5054466230936819,
    "micro_recall": 0.46774193548387094,
    "total_instances": 15,
    "total_tp": 464,
    "total_fp": 454,
    "total_fn": 528,
    "cost_summary": {
        "total_input_tokens": 10384,
        "total_output_tokens": 13630,
        "total_tokens": 24014,
        "input_cost_usd": 0.0013499199999999997,
        "output_cost_usd": 0.0051794,
        "total_cost_usd": 0.00652932
    }
}