{
    "f1_micro": 0.5285497726124305,
    "f1_macro": 0.528,
    "micro_precision": 0.5298885511651469,
    "micro_recall": 0.5272177419354839,
    "total_instances": 15,
    "total_tp": 523,
    "total_fp": 464,
    "total_fn": 469,
    "cost_summary": {
        "total_input_tokens": 41619,
        "total_output_tokens": 13821,
        "total_tokens": 55440,
        "input_cost_usd": 0.20809499999999995,
        "output_cost_usd": 0.345525,
        "total_cost_usd": 0.55362
    }
}