{
    "f1_macro": 0.5,
    "f1_micro": 0.51,
    "cost_summary": {
        "total_input_tokens": 201080,
        "total_output_tokens": 56561,
        "total_tokens": 257641,
        "input_cost_usd": 0.050270000000000016,
        "output_cost_usd": 0.11312200000000003,
        "total_cost_usd": 0.16339200000000004
    }
}