{
    "f1_micro": 0.6585197140880794,
    "f1_macro": 0.645361216730038,
    "micro_precision": 0.7429760665972945,
    "micro_recall": 0.591304347826087,
    "total_instances": 263,
    "total_tp": 1428,
    "total_fp": 494,
    "total_fn": 987,
    "cost_summary": {
        "total_input_tokens": 642844,
        "total_output_tokens": 25695,
        "total_tokens": 668539,
        "input_cost_usd": 0.06428439999999995,
        "output_cost_usd": 0.010278000000000002,
        "total_cost_usd": 0.0745624
    }
}