{
    "fuzzy": 69.13053634596506,
    "n": 50,
    "cost_summary": {
        "total_input_tokens": 43950,
        "total_output_tokens": 102679,
        "total_tokens": 146629,
        "input_cost_usd": 0.08789999999999999,
        "output_cost_usd": 0.616074,
        "total_cost_usd": 0.7039740000000001
    }
}