{
    "fuzzy": 0.8706368711818304,
    "cost_summary": {
        "total_input_tokens": 47784,
        "total_output_tokens": 15494,
        "total_tokens": 63278,
        "input_cost_usd": 0.09556799999999997,
        "output_cost_usd": 0.12395200000000002,
        "total_cost_usd": 0.21952000000000005
    }
}