{
    "f1_macro": 0.46,
    "f1_micro": 0.46,
    "cost_summary": {
        "total_input_tokens": 248954,
        "total_output_tokens": 4428,
        "total_tokens": 253382,
        "input_cost_usd": 0.12447700000000006,
        "output_cost_usd": 0.006642000000000002,
        "total_cost_usd": 0.13111900000000004
    }
}