{
    "f1_macro": 0.46,
    "f1_micro": 0.45,
    "cost_summary": {
        "total_input_tokens": 243382,
        "total_output_tokens": 4289,
        "total_tokens": 247671,
        "input_cost_usd": 0.12169100000000005,
        "output_cost_usd": 0.006433500000000003,
        "total_cost_usd": 0.12812450000000006
    }
}