{
    "f1_macro": 0.4313623952546841,
    "f1_micro": 0.4407894736842105
}