{
    "f1_micro": 0.7551622418879056,
    "f1_macro": 0.5890163934426229,
    "micro_precision": 0.8808893594494441,
    "micro_recall": 0.6608419380460683,
    "total_instances": 61,
    "total_tp": 1664,
    "total_fp": 225,
    "total_fn": 854,
    "cost_summary": {
        "total_input_tokens": 161784,
        "total_output_tokens": 40933,
        "total_tokens": 202717,
        "input_cost_usd": 0.06471360000000002,
        "output_cost_usd": 0.081866,
        "total_cost_usd": 0.14657960000000003
    }
}