{
    "fuzzy": 0.606,
    "cer": 0.414,
    "cost_summary": {
        "total_input_tokens": 28380,
        "total_output_tokens": 2763,
        "total_tokens": 31143,
        "input_cost_usd": 0.0021284999999999997,
        "output_cost_usd": 0.0008288999999999999,
        "total_cost_usd": 0.0029574000000000002
    }
}