{
    "fuzzy": 0.44764963692748977,
    "cost_summary": {
        "total_input_tokens": 15016,
        "total_output_tokens": 9299,
        "total_tokens": 24315,
        "input_cost_usd": 0.0022524,
        "output_cost_usd": 0.00139485,
        "total_cost_usd": 0.0036472499999999995
    }
}