{
    "fuzzy": 98.21434271693826,
    "n": 50,
    "cost_summary": {
        "total_input_tokens": 32958,
        "total_output_tokens": 33722,
        "total_tokens": 66680,
        "input_cost_usd": 0.0026366399999999996,
        "output_cost_usd": 0.011802700000000001,
        "total_cost_usd": 0.014439339999999997
    }
}