{
    "f1": 0.0,
    "precision": 0.0,
    "recall": 0.0,
    "mean_iou": 0.0,
    "true_positives": 0,
    "false_positives": 66,
    "false_negatives": 126,
    "num_pages": 46,
    "cost_summary": {
        "total_input_tokens": 127696,
        "total_output_tokens": 3079,
        "total_tokens": 130775,
        "input_cost_usd": 0.07661760000000008,
        "output_cost_usd": 0.011084400000000006,
        "total_cost_usd": 0.08770200000000004
    }
}