{
    "f1_micro": 0.4254062038404727,
    "f1_macro": 0.44466666666666665,
    "micro_precision": 0.4157844080846968,
    "micro_recall": 0.43548387096774194,
    "total_instances": 15,
    "total_tp": 432,
    "total_fp": 607,
    "total_fn": 560,
    "cost_summary": {
        "total_input_tokens": 28140,
        "total_output_tokens": 15913,
        "total_tokens": 44053,
        "input_cost_usd": 0.00211,
        "output_cost_usd": 0.004774,
        "total_cost_usd": 0.006884,
        "pricing_date": "2025-10-28",
        "input_price_per_million": 0.075,
        "output_price_per_million": 0.3
    }
}