{
    "fuzzy": 0.759,
    "cer": 0.261,
    "cost_summary": {
        "total_input_tokens": 9672,
        "total_output_tokens": 2868,
        "total_tokens": 12540,
        "input_cost_usd": 0.00125736,
        "output_cost_usd": 0.00108984,
        "total_cost_usd": 0.0023472000000000002
    }
}