{
    "f1_micro": 0.8568456096545984,
    "f1_macro": 0.8496577946768061,
    "micro_precision": 0.8611459640317859,
    "micro_recall": 0.8525879917184265,
    "total_instances": 263,
    "total_tp": 2059,
    "total_fp": 332,
    "total_fn": 356,
    "cost_summary": {
        "total_input_tokens": 462069,
        "total_output_tokens": 30769,
        "total_tokens": 492838,
        "input_cost_usd": 1.1551724999999946,
        "output_cost_usd": 0.30768999999999985,
        "total_cost_usd": 1.462862499999999
    }
}