{
    "f1_micro": 0.17454545454545453,
    "f1_macro": 0.09863117870722433,
    "micro_precision": 0.7164179104477612,
    "micro_recall": 0.09937888198757763,
    "total_instances": 263,
    "total_tp": 240,
    "total_fp": 95,
    "total_fn": 2175,
    "cost_summary": {
        "total_input_tokens": 509210,
        "total_output_tokens": 96009,
        "total_tokens": 605219,
        "input_cost_usd": 0.0,
        "output_cost_usd": 0.0,
        "total_cost_usd": 0.02046366
    }
}