{
    "f1_micro": 0.3501298701298702,
    "f1_macro": 0.3546666666666667,
    "micro_precision": 0.3612004287245445,
    "micro_recall": 0.3397177419354839,
    "total_instances": 15,
    "total_tp": 337,
    "total_fp": 596,
    "total_fn": 655,
    "cost_summary": {
        "total_input_tokens": 33348,
        "total_output_tokens": 8452,
        "total_tokens": 41800,
        "input_cost_usd": 0.003335,
        "output_cost_usd": 0.003381,
        "total_cost_usd": 0.006716,
        "pricing_date": "2025-10-28",
        "input_price_per_million": 0.1,
        "output_price_per_million": 0.4
    }
}