{
    "text": "[\n    {\n        \"box\": [300, 100, 1100, 1000]\n    },\n    {\n        \"box\": [1200, 100, 1400, 300]\n    },\n    {\n        \"box\": [1200, 300, 1400, 500]\n    },\n    {\n        \"box\": [300, 1100, 1100, 1300]\n    },\n    {\n        \"box\": [1200, 500, 1400, 700]\n    },\n    {\n        \"box\": [300, 1300, 1100, 1500]\n    },\n    {\n        \"box\": [1200, 700, 1400, 900]\n    },\n    {\n        \"box\": [300, 1500, 1100, 2000]\n    },\n    {\n        \"box\": [1200, 900, 1400, 1100]\n    },\n    {\n        \"box\": [300, 2000, 1100, 2400]\n    },\n    {\n        \"box\": [1200, 1100, 1400, 1300]\n    },\n    {\n        \"box\": [300, 2400, 1100, 3000]\n    },\n    {\n        \"box\": [1200, 1300, 1400, 1500]\n    },\n    {\n        \"box\": [1200, 1500, 1400, 1700]\n    },\n    {\n        \"box\": [1200, 1700, 1400, 1900]\n    },\n    {\n        \"box\": [1200, 1900, 1400, 2100]\n    },\n    {\n        \"box\": [1200, 2100, 1400, 2300]\n    },\n    {\n        \"box\": [1200, 2300, 1400, 2500]\n    },\n    {\n        \"box\": [1200, 2500, 1400, 2700]\n    },\n    {\n        \"box\": [1200, 2700, 1400, 2900]\n    },\n    {\n        \"box\": [1200, 2900, 1400, 3100]\n    },\n    {\n        \"box\": [1200, 3100, 1400, 3300]\n    },\n    {\n        \"box\": [1200, 3300, 1400, 3508]\n    },\n    {\n        \"box\": [1200, 500, 1900, 700]\n    },\n    {\n        \"box\": [300, 1000, 1100, 1100]\n    },\n    {\n        \"box\": [300, 1700, 1100, 1900]\n    },\n    {\n        \"box\": [300, 1900, 1100, 2100]\n    },\n    {\n        \"box\": [300, 2100, 1100, 2300]\n    },\n    {\n        \"box\": [300, 2300, 1100, 2500]\n    },\n    {\n        \"box\": [300, 2500, 1100, 2700]\n    },\n    {\n        \"box\": [300, 2700, 1100, 2900]\n    },\n    {\n        \"box\": [300, 2900, 1100, 3100]\n    },\n    {\n        \"box\": [300, 3100, 1100, 3300]\n    },\n    {\n        \"box\": [300, 3300, 1100, 3508]\n    },\n    {\n        \"box\": [300, 500, 700, 700]\n    },\n    {\n        \"box\": [700, 500, 1100, 700]\n    },\n    {\n        \"box\": [300, 700, 700, 900]\n    },\n    {\n        \"box\": [700, 700, 1100, 900]\n    }\n]",
    "model": "ministral-8b-2512",
    "provider": "mistral",
    "finish_reason": "stop",
    "usage": {
        "input_tokens": 2455,
        "output_tokens": 1177,
        "total_tokens": 3632,
        "input_cost_usd": 0.00036825000000000003,
        "output_cost_usd": 0.00017655,
        "estimated_cost_usd": 0.0005448
    },
    "duration": 11.844456434249878,
    "timestamp": "2026-06-04T15:33:56.515054",
    "parsed": [
        {
            "box": [
                300,
                100,
                1100,
                1000
            ]
        },
        {
            "box": [
                1200,
                100,
                1400,
                300
            ]
        },
        {
            "box": [
                1200,
                300,
                1400,
                500
            ]
        },
        {
            "box": [
                300,
                1100,
                1100,
                1300
            ]
        },
        {
            "box": [
                1200,
                500,
                1400,
                700
            ]
        },
        {
            "box": [
                300,
                1300,
                1100,
                1500
            ]
        },
        {
            "box": [
                1200,
                700,
                1400,
                900
            ]
        },
        {
            "box": [
                300,
                1500,
                1100,
                2000
            ]
        },
        {
            "box": [
                1200,
                900,
                1400,
                1100
            ]
        },
        {
            "box": [
                300,
                2000,
                1100,
                2400
            ]
        },
        {
            "box": [
                1200,
                1100,
                1400,
                1300
            ]
        },
        {
            "box": [
                300,
                2400,
                1100,
                3000
            ]
        },
        {
            "box": [
                1200,
                1300,
                1400,
                1500
            ]
        },
        {
            "box": [
                1200,
                1500,
                1400,
                1700
            ]
        },
        {
            "box": [
                1200,
                1700,
                1400,
                1900
            ]
        },
        {
            "box": [
                1200,
                1900,
                1400,
                2100
            ]
        },
        {
            "box": [
                1200,
                2100,
                1400,
                2300
            ]
        },
        {
            "box": [
                1200,
                2300,
                1400,
                2500
            ]
        },
        {
            "box": [
                1200,
                2500,
                1400,
                2700
            ]
        },
        {
            "box": [
                1200,
                2700,
                1400,
                2900
            ]
        },
        {
            "box": [
                1200,
                2900,
                1400,
                3100
            ]
        },
        {
            "box": [
                1200,
                3100,
                1400,
                3300
            ]
        },
        {
            "box": [
                1200,
                3300,
                1400,
                3508
            ]
        },
        {
            "box": [
                1200,
                500,
                1900,
                700
            ]
        },
        {
            "box": [
                300,
                1000,
                1100,
                1100
            ]
        },
        {
            "box": [
                300,
                1700,
                1100,
                1900
            ]
        },
        {
            "box": [
                300,
                1900,
                1100,
                2100
            ]
        },
        {
            "box": [
                300,
                2100,
                1100,
                2300
            ]
        },
        {
            "box": [
                300,
                2300,
                1100,
                2500
            ]
        },
        {
            "box": [
                300,
                2500,
                1100,
                2700
            ]
        },
        {
            "box": [
                300,
                2700,
                1100,
                2900
            ]
        },
        {
            "box": [
                300,
                2900,
                1100,
                3100
            ]
        },
        {
            "box": [
                300,
                3100,
                1100,
                3300
            ]
        },
        {
            "box": [
                300,
                3300,
                1100,
                3508
            ]
        },
        {
            "box": [
                300,
                500,
                700,
                700
            ]
        },
        {
            "box": [
                700,
                500,
                1100,
                700
            ]
        },
        {
            "box": [
                300,
                700,
                700,
                900
            ]
        },
        {
            "box": [
                700,
                700,
                1100,
                900
            ]
