{
    "text": "[\n    {\n        \"$defs\": {},\n        \"properties\": {\n            \"advertisements\": [\n                {\n                    \"box\": [300, 500, 1000, 1300]\n                },\n                {\n                    \"box\": [1200, 500, 2200, 1000]\n                },\n                {\n                    \"box\": [300, 1300, 1000, 1800]\n                },\n                {\n                    \"box\": [1200, 1300, 2200, 1700]\n                },\n                {\n                    \"box\": [300, 1800, 2200, 3300]\n                },\n                {\n                    \"box\": [300, 100, 1000, 300]\n                },\n                {\n                    \"box\": [1200, 100, 2200, 300]\n                }\n            ]\n        },\n        \"required\": [\n            \"advertisements\"\n        ],\n        \"title\": \"MagazinePage\",\n        \"type\": \"object\",\n        \"advertisements\": [\n            {\n                \"box\": [300, 100, 1000, 300]\n            },\n            {\n                \"box\": [1200, 100, 2200, 300]\n            },\n            {\n                \"box\": [300, 500, 1000, 1300]\n            },\n            {\n                \"box\": [1200, 500, 2200, 1000]\n            },\n            {\n                \"box\": [300, 1300, 1000, 1800]\n            },\n            {\n                \"box\": [1200, 1300, 2200, 1700]\n            },\n            {\n                \"box\": [300, 1800, 2200, 3300]\n            }\n        ]\n    }\n]",
    "model": "ministral-8b-2512",
    "provider": "mistral",
    "finish_reason": "stop",
    "usage": {
        "input_tokens": 2455,
        "output_tokens": 498,
        "total_tokens": 2953,
        "input_cost_usd": 0.00036825000000000003,
        "output_cost_usd": 7.469999999999999e-05,
        "estimated_cost_usd": 0.00044295
    },
    "duration": 5.431679725646973,
    "timestamp": "2026-06-04T15:33:51.124919",
    "parsed": [
        {
            "$defs": {},
            "properties": {
                "advertisements": [
                    {
                        "box": [
                            300,
                            500,
                            1000,
                            1300
                        ]
                    },
                    {
                        "box": [
                            1200,
                            500,
                            2200,
                            1000
                        ]
                    },
                    {
                        "box": [
                            300,
                            1300,
                            1000,
                            1800
                        ]
                    },
                    {
                        "box": [
                            1200,
                            1300,
                            2200,
                            1700
                        ]
                    },
                    {
                        "box": [
                            300,
                            1800,
                            2200,
                            3300
                        ]
                    },
                    {
                        "box": [
                            300,
                            100,
                            1000,
                            300
                        ]
                    },
                    {
                        "box": [
                            1200,
                            100,
                            2200,
                            300
                        ]
                    }
                ]
            },
            "required": [
                "advertisements"
            ],
            "title": "MagazinePage",
            "type": "object",
            "advertisements": [
                {
                    "box": [
                        300,
                        100,
                        1000,
                        300
                    ]
                },
                {
                    "box": [
                        1200,
                        100,
                        2200,
                        300
                    ]
                },
                {
                    "box": [
                        300,
                        500,
                        1000,
                        1300
                    ]
                },
                {
                    "box": [
                        1200,
                        500,
                        2200,
                        1000
                    ]
                },
                {
                    "box": [
                        300,
                        1300,
                        1000,
                        1800
                    ]
                },
                {
                    "box": [
                        1200,
                        1300,
                        2200,
                        1700
                    ]
                },
                {
                    "box": [
                        300,
                        1800,
                        2200,
                        3300
                    ]
                }
            ]
        }
    ],
    "conversation_id": "eb944a42-bb32-4797-ba34-6745b568b6bc",
    "score": {
        "f1": 0.0,
        "precision": 0.0,
        "recall": 0.0,
        "mean_iou": 0.0,
        "true_positives": 0,
        "false_positives": 0,
        "false_negatives": 6,
        "iou_threshold": 0.5
    },
    "raw_response": "{\"id\":\"70c5f27b1d3749b984d5adda8881bd6f\",\"object\":\"chat.completion\",\"model\":\"ministral-8b-2512\",\"usage\":{\"prompt_tokens\":2455,\"completion_tokens\":498,\"total_tokens\":2953,\"prompt_tokens_details\":{\"cached_tokens\":36}},\"created\":1780580026,\"choices\":[{\"index\":0,\"message\":{\"role\":\"assistant\",\"content\":\"[\\n    {\\n        \\\"$defs\\\": {},\\n        \\\"properties\\\": {\\n            \\\"advertisements\\\": [\\n                {\\n                    \\\"box\\\": [300, 500, 1000, 1300]\\n                },\\n                {\\n                    \\\"box\\\": [1200, 500, 2200, 1000]\\n                },\\n                {\\n                    \\\"box\\\": [300, 1300, 1000, 1800]\\n                },\\n                {\\n                    \\\"box\\\": [1200, 1300, 2200, 1700]\\n                },\\n                {\\n                    \\\"box\\\": [300, 1800, 2200, 3300]\\n                },\\n                {\\n                    \\\"box\\\": [300, 100, 1000, 300]\\n                },\\n                {\\n                    \\\"box\\\": [1200, 100, 2200, 300]\\n                }\\n            ]\\n        },\\n        \\\"required\\\": [\\n            \\\"advertisements\\\"\\n        ],\\n        \\\"title\\\": \\\"MagazinePage\\\",\\n        \\\"type\\\": \\\"object\\\",\\n        \\\"advertisements\\\": [\\n            {\\n                \\\"box\\\": [300, 100, 1000, 300]\\n            },\\n            {\\n                \\\"box\\\": [1200, 100, 2200, 300]\\n            },\\n            {\\n                \\\"box\\\": [300, 500, 1000, 1300]\\n            },\\n            {\\n                \\\"box\\\": [1200, 500, 2200, 1000]\\n            },\\n            {\\n                \\\"box\\\": [300, 1300, 1000, 1800]\\n            },\\n            {\\n                \\\"box\\\": [1200, 1300, 2200, 1700]\\n            },\\n            {\\n                \\\"box\\\": [300, 1800, 2200, 3300]\\n            }\\n        ]\\n    }\\n]\",\"tool_calls\":null,\"prefix\":false},\"finish_reason\":\"stop\"}]}"
}