{
    "text": "[\n    {\n        \"advertisements\": [\n            {\n                \"box\": [\n                    100,\n                    100,\n                    1000,\n                    2400\n                ]\n            },\n            {\n                \"box\": [\n                    1500,\n                    100,\n                    2400,\n                    1700\n                ]\n            },\n            {\n                \"box\": [\n                    100,\n                    2500,\n                    1300,\n                    3400\n                ]\n            },\n            {\n                \"box\": [\n                    1400,\n                    1800,\n                    2400,\n                    3400\n                ]\n            }\n        ]\n    }\n]",
    "model": "ministral-8b-2512",
    "provider": "mistral",
    "finish_reason": "stop",
    "usage": {
        "input_tokens": 2455,
        "output_tokens": 169,
        "total_tokens": 2624,
        "input_cost_usd": 0.00036825000000000003,
        "output_cost_usd": 2.5349999999999996e-05,
        "estimated_cost_usd": 0.0003936
    },
    "duration": 2.4898312091827393,
    "timestamp": "2026-06-04T15:33:46.610994",
    "parsed": [
        {
            "advertisements": [
                {
                    "box": [
                        100,
                        100,
                        1000,
                        2400
                    ]
                },
                {
                    "box": [
                        1500,
                        100,
                        2400,
                        1700
                    ]
                },
                {
                    "box": [
                        100,
                        2500,
                        1300,
                        3400
                    ]
                },
                {
                    "box": [
                        1400,
                        1800,
                        2400,
                        3400
                    ]
                }
            ]
        }
    ],
    "conversation_id": "19e040a8-5a51-4fdd-b653-b86e3f094ab3",
    "score": {
        "f1": 0.0,
        "precision": 0.0,
        "recall": 0.0,
        "mean_iou": 0.0,
        "true_positives": 0,
        "false_positives": 0,
        "false_negatives": 4,
        "iou_threshold": 0.5
    },
    "raw_response": "{\"id\":\"ddee7641a89341e794984e936e172788\",\"object\":\"chat.completion\",\"model\":\"ministral-8b-2512\",\"usage\":{\"prompt_tokens\":2455,\"completion_tokens\":169,\"total_tokens\":2624,\"prompt_tokens_details\":{\"cached_tokens\":0}},\"created\":1780580024,\"choices\":[{\"index\":0,\"message\":{\"role\":\"assistant\",\"content\":\"[\\n    {\\n        \\\"advertisements\\\": [\\n            {\\n                \\\"box\\\": [\\n                    100,\\n                    100,\\n                    1000,\\n                    2400\\n                ]\\n            },\\n            {\\n                \\\"box\\\": [\\n                    1500,\\n                    100,\\n                    2400,\\n                    1700\\n                ]\\n            },\\n            {\\n                \\\"box\\\": [\\n                    100,\\n                    2500,\\n                    1300,\\n                    3400\\n                ]\\n            },\\n            {\\n                \\\"box\\\": [\\n                    1400,\\n                    1800,\\n                    2400,\\n                    3400\\n                ]\\n            }\\n        ]\\n    }\\n]\",\"tool_calls\":null,\"prefix\":false},\"finish_reason\":\"stop\"}]}"
}