{
    "f1": 0.235,
    "precision": 0.241,
    "recall": 0.237,
    "mean_iou": 0.232,
    "true_positives": 19,
    "false_positives": 126,
    "false_negatives": 107,
    "num_pages": 46,
    "cost_summary": {
        "total_input_tokens": 112930,
        "total_output_tokens": 9763,
        "total_tokens": 122693,
        "input_cost_usd": 0.01693950000000001,
        "output_cost_usd": 0.0014644500000000002,
        "total_cost_usd": 0.01840395
    }
}