{
    "fuzzy": 0.9024697843766067,
    "cost_summary": {
        "total_input_tokens": 48425,
        "total_output_tokens": 63700,
        "total_tokens": 112125,
        "input_cost_usd": 0.14527500000000004,
        "output_cost_usd": 0.9554999999999999,
        "total_cost_usd": 1.1007750000000003
    }
}