{
    "f1_micro": 0.7107072691552062,
    "f1_macro": 0.5955133079847909,
    "micro_precision": 0.8732649366324683,
    "micro_recall": 0.5991718426501035,
    "total_instances": 263,
    "total_tp": 1447,
    "total_fp": 210,
    "total_fn": 968,
    "cost_summary": {
        "total_input_tokens": 287116,
        "total_output_tokens": 414407,
        "total_tokens": 701523,
        "input_cost_usd": 0.35889499999999946,
        "output_cost_usd": 4.144069999999998,
        "total_cost_usd": 4.502964999999999
    }
}