{
    "fuzzy": 0.9175588964848367,
    "cost_summary": {
        "total_input_tokens": 78944,
        "total_output_tokens": 5281,
        "total_tokens": 84225,
        "input_cost_usd": 0.15788800000000003,
        "output_cost_usd": 0.06337200000000001,
        "total_cost_usd": 0.22125999999999998
    }
}