{
    "f1_micro": 0.4765743073047859,
    "f1_macro": 0.5006666666666667,
    "micro_precision": 0.47633434038267874,
    "micro_recall": 0.47681451612903225,
    "total_instances": 15,
    "total_tp": 473,
    "total_fp": 520,
    "total_fn": 519,
    "cost_summary": {
        "total_input_tokens": 9780,
        "total_output_tokens": 16125,
        "total_tokens": 25905,
        "input_cost_usd": 0.002934,
        "output_cost_usd": 0.040313,
        "total_cost_usd": 0.043247,
        "pricing_date": "2025-10-28",
        "input_price_per_million": 0.3,
        "output_price_per_million": 2.5
    }
}