{
    "f1_micro": 0.4604033448106247,
    "f1_macro": 0.45866666666666667,
    "micro_precision": 0.4495677233429395,
    "micro_recall": 0.4717741935483871,
    "total_instances": 15,
    "total_tp": 468,
    "total_fp": 573,
    "total_fn": 524,
    "cost_summary": {
        "total_input_tokens": 31719,
        "total_output_tokens": 15910,
        "total_tokens": 47629,
        "input_cost_usd": 0.475785,
        "output_cost_usd": 1.1932500000000001,
        "total_cost_usd": 1.669035
    }
}