{
    "f1_micro": 0.05180722891566265,
    "f1_macro": 0.06533333333333333,
    "micro_precision": 0.06437125748502993,
    "micro_recall": 0.04334677419354839,
    "total_instances": 15,
    "total_tp": 43,
    "total_fp": 625,
    "total_fn": 949,
    "cost_summary": {
        "total_input_tokens": 22264,
        "total_output_tokens": 113222,
        "total_tokens": 135486,
        "input_cost_usd": 0.066792,
        "output_cost_usd": 1.69833,
        "total_cost_usd": 1.765122,
        "pricing_date": "2025-10-28",
        "input_price_per_million": 3.0,
        "output_price_per_million": 15.0
    }
}