{
    "f1_macro": 0.61,
    "f1_micro": 0.57,
    "cost_summary": {
        "total_input_tokens": 219736,
        "total_output_tokens": 18939,
        "total_tokens": 238675,
        "input_cost_usd": 1.0986799999999997,
        "output_cost_usd": 0.56817,
        "total_cost_usd": 1.66685
    }
}