{
    "fuzzy": 95.26516823664947,
    "n": 50,
    "cost_summary": {
        "total_input_tokens": 33621,
        "total_output_tokens": 38049,
        "total_tokens": 71670,
        "input_cost_usd": 0.04202625000000001,
        "output_cost_usd": 0.3804900000000001,
        "total_cost_usd": 0.4225162499999999
    }
}