{
    "f1_micro": 0.28953771289537716,
    "f1_macro": 0.29266666666666663,
    "micro_precision": 0.36503067484662577,
    "micro_recall": 0.2399193548387097,
    "total_instances": 15,
    "total_tp": 238,
    "total_fp": 414,
    "total_fn": 754,
    "cost_summary": {
        "total_input_tokens": 21603,
        "total_output_tokens": 65296,
        "total_tokens": 86899,
        "input_cost_usd": 0.003889,
        "output_cost_usd": 0.137122,
        "total_cost_usd": 0.14101,
        "pricing_date": "2025-10-28",
        "input_price_per_million": 0.18,
        "output_price_per_million": 2.1
    }
}