{
    "f1_micro": 0.29322548028311424,
    "f1_macro": 0.1776425855513308,
    "micro_precision": 0.7880434782608695,
    "micro_recall": 0.18012422360248448,
    "total_instances": 263,
    "total_tp": 435,
    "total_fp": 117,
    "total_fn": 1980,
    "cost_summary": {
        "total_input_tokens": 114953,
        "total_output_tokens": 9904,
        "total_tokens": 124857,
        "input_cost_usd": 0.05747650000000005,
        "output_cost_usd": 0.014855999999999994,
        "total_cost_usd": 0.07233249999999998
    }
}