{
    "fuzzy": 89.55337642824857,
    "n": 50,
    "cost_summary": {
        "total_input_tokens": 44830,
        "total_output_tokens": 33320,
        "total_tokens": 78150,
        "input_cost_usd": 0.08965999999999999,
        "output_cost_usd": 0.19991999999999996,
        "total_cost_usd": 0.28958
    }
}