{
    "f1_micro": 0.513853904282116,
    "f1_macro": 0.5246666666666667,
    "micro_precision": 0.513595166163142,
    "micro_recall": 0.5141129032258065,
    "total_instances": 15,
    "total_tp": 510,
    "total_fp": 483,
    "total_fn": 482,
    "cost_summary": {
        "total_input_tokens": 22303,
        "total_output_tokens": 16561,
        "total_tokens": 38864,
        "input_cost_usd": 0.005575750000000001,
        "output_cost_usd": 0.0248415,
        "total_cost_usd": 0.03041725
    }
}