{
    "fuzzy": 0.712,
    "cer": 0.342,
    "cost_summary": {
        "total_input_tokens": 12278,
        "total_output_tokens": 11277,
        "total_tokens": 23555,
        "input_cost_usd": 0.0007980700000000001,
        "output_cost_usd": 0.0029320200000000005,
        "total_cost_usd": 0.00373009
    }
}