{
    "f1_micro": 0.8553563984993748,
    "f1_macro": 0.8483269961977187,
    "micro_precision": 0.8610994544691565,
    "micro_recall": 0.8496894409937888,
    "total_instances": 263,
    "total_tp": 2052,
    "total_fp": 331,
    "total_fn": 363,
    "cost_summary": {
        "total_input_tokens": 401338,
        "total_output_tokens": 236561,
        "total_tokens": 637899,
        "input_cost_usd": 0.802676,
        "output_cost_usd": 1.892488,
        "total_cost_usd": 2.695164,
        "pricing_date": "2025-10-01",
        "input_price_per_million": 2.0,
        "output_price_per_million": 8.0
    }
}