{
    "f1_micro": 0.7928303459774905,
    "f1_macro": 0.7865399239543727,
    "micro_precision": 0.7981535879143936,
    "micro_recall": 0.7875776397515528,
    "total_instances": 263,
    "total_tp": 1902,
    "total_fp": 481,
    "total_fn": 513,
    "cost_summary": {
        "total_input_tokens": 401338,
        "total_output_tokens": 236561,
        "total_tokens": 637899,
        "input_cost_usd": 0.802676,
        "output_cost_usd": 1.892488,
        "total_cost_usd": 2.695164,
        "pricing_date": "2025-10-01",
        "input_price_per_million": 2.0,
        "output_price_per_million": 8.0
    }
}