{
    "fuzzy": 0.216,
    "cer": 0.784,
    "cost_summary": {
        "total_input_tokens": 34164,
        "total_output_tokens": 22119,
        "total_tokens": 56283,
        "input_cost_usd": 0.0017082000000000006,
        "output_cost_usd": 0.0088476,
        "total_cost_usd": 0.010555800000000002
    }
}