{
    "fuzzy": 0.6651083650820017,
    "cost_summary": {
        "total_input_tokens": 1716,
        "total_output_tokens": 14834,
        "total_tokens": 16550,
        "input_cost_usd": 0.0005147999999999999,
        "output_cost_usd": 0.03708500000000001,
        "total_cost_usd": 0.037599799999999996
    }
}