{
    "fuzzy": 0.6756643841682217,
    "cost_summary": {
        "total_input_tokens": 16179,
        "total_output_tokens": 8785,
        "total_tokens": 24964,
        "input_cost_usd": 0.080895,
        "output_cost_usd": 0.219625,
        "total_cost_usd": 0.30052
    }
}