{
    "fuzzy": 0.57,
    "cer": 0.442,
    "cost_summary": {
        "total_input_tokens": 7134,
        "total_output_tokens": 4159,
        "total_tokens": 11293,
        "input_cost_usd": 0.0124845,
        "output_cost_usd": 0.058226,
        "total_cost_usd": 0.07071050000000001
    }
}