{
    "f1_micro": 0.9133627019089573,
    "f1_macro": 0.8881967213114754,
    "micro_precision": 0.9679857714539796,
    "micro_recall": 0.8645750595710882,
    "total_instances": 61,
    "total_tp": 2177,
    "total_fp": 72,
    "total_fn": 341,
    "cost_summary": {
        "total_input_tokens": 422182,
        "total_output_tokens": 69391,
        "total_tokens": 491573,
        "input_cost_usd": 4.221819999999998,
        "output_cost_usd": 3.46955,
        "total_cost_usd": 7.691369999999999
    }
}