{
    "fuzzy": 0.5978953422019859,
    "cost_summary": {
        "total_input_tokens": 15113,
        "total_output_tokens": 33738,
        "total_tokens": 48851,
        "input_cost_usd": 0.00589407,
        "output_cost_usd": 0.07894691999999999,
        "total_cost_usd": 0.08484099
    }
}