{
    "fuzzy": 0.6299082173695819,
    "cost_summary": {
        "total_input_tokens": 5832,
        "total_output_tokens": 10666,
        "total_tokens": 16498,
        "input_cost_usd": 0.008747999999999999,
        "output_cost_usd": 0.095994,
        "total_cost_usd": 0.104742
    }
}