{
    "f1_micro": 0.7666666666666666,
    "f1_macro": 0.7576425855513308,
    "micro_precision": 0.7679465776293823,
    "micro_recall": 0.7653910149750416,
    "total_instances": 263,
    "total_tp": 1840,
    "total_fp": 556,
    "total_fn": 564
}