{
    "f1_micro": 0.7585266030013642,
    "f1_macro": 0.7453992395437262,
    "micro_precision": 0.7403462050599201,
    "micro_recall": 0.7776223776223776,
    "total_instances": 263,
    "total_tp": 2224,
    "total_fp": 780,
    "total_fn": 636
}