{
    "f1_micro": 0.7507531632858003,
    "f1_macro": 0.7420152091254754,
    "micro_precision": 0.7361165813312328,
    "micro_recall": 0.7659836065573771,
    "total_instances": 263,
    "total_tp": 1869,
    "total_fp": 670,
    "total_fn": 571
}