{
    "f1_micro": 0.7890251506963208,
    "f1_macro": 0.7788973384030418,
    "micro_precision": 0.7921535893155259,
    "micro_recall": 0.7859213250517598,
    "total_instances": 263,
    "total_tp": 1898,
    "total_fp": 498,
    "total_fn": 517
}