{
    "f1_micro": 0.7714345028025742,
    "f1_macro": 0.7622053231939164,
    "micro_precision": 0.7754590984974958,
    "micro_recall": 0.7674514663362247,
    "total_instances": 263,
    "total_tp": 1858,
    "total_fp": 538,
    "total_fn": 563
}