{
    "f1_micro": 0.745295698924731,
    "f1_macro": 0.7309125475285171,
    "micro_precision": 0.7157147466924815,
    "micro_recall": 0.7774272695408342,
    "total_instances": 263,
    "total_tp": 2218,
    "total_fp": 881,
    "total_fn": 635
}