{
    "f1_micro": 0.7744751610891706,
    "f1_macro": 0.7650570342205324,
    "micro_precision": 0.7775459098497496,
    "micro_recall": 0.7714285714285715,
    "total_instances": 263,
    "total_tp": 1863,
    "total_fp": 533,
    "total_fn": 552
}