{
    "f1_micro": 0.7463087248322148,
    "f1_macro": 0.73212927756654,
    "micro_precision": 0.7176508551145531,
    "micro_recall": 0.777350576721426,
    "total_instances": 263,
    "total_tp": 2224,
    "total_fp": 875,
    "total_fn": 637
}