{
    "fuzzy": 0.9470221136181485,
    "cost_summary": {
        "total_input_tokens": 98633,
        "total_output_tokens": 3745,
        "total_tokens": 102378,
        "input_cost_usd": 0.12329125,
        "output_cost_usd": 0.0093625,
        "total_cost_usd": 0.13265375000000001
    }
}