{
    "f1_macro": 0.46,
    "f1_micro": 0.57,
    "cost_summary": {
        "total_input_tokens": 95735,
        "total_output_tokens": 1294,
        "total_tokens": 97029,
        "input_cost_usd": 0.03829399999999998,
        "output_cost_usd": 0.0020704,
        "total_cost_usd": 0.04036439999999999
    }
}