{
    "f1_micro": 0.2560187903699354,
    "f1_macro": 0.25266666666666665,
    "micro_precision": 0.3066104078762307,
    "micro_recall": 0.21975806451612903,
    "total_instances": 15,
    "total_tp": 218,
    "total_fp": 493,
    "total_fn": 774,
    "cost_summary": {
        "total_input_tokens": 20642,
        "total_output_tokens": 10436,
        "total_tokens": 31078,
        "input_cost_usd": 0.001651,
        "output_cost_usd": 0.005218,
        "total_cost_usd": 0.006869,
        "pricing_date": "2025-10-28",
        "input_price_per_million": 0.08,
        "output_price_per_million": 0.5
    }
}