{
    "f1_micro": 0.9670634920634921,
    "f1_macro": 0.9119672131147541,
    "micro_precision": 0.9662965900079302,
    "micro_recall": 0.9678316123907863,
    "total_instances": 61,
    "total_tp": 2437,
    "total_fp": 85,
    "total_fn": 81,
    "cost_summary": {
        "total_input_tokens": 215826,
        "total_output_tokens": 51725,
        "total_tokens": 267551,
        "input_cost_usd": 0.3776955000000002,
        "output_cost_usd": 0.72415,
        "total_cost_usd": 1.1018455000000003
    }
}