{
    "fuzzy": 0.418,
    "cer": 0.627,
    "cost_summary": {
        "total_input_tokens": 8020,
        "total_output_tokens": 20988,
        "total_tokens": 29008,
        "input_cost_usd": 0.02005,
        "output_cost_usd": 0.20987999999999998,
        "total_cost_usd": 0.22992999999999997
    }
}