{
    "f1_macro": 0.0,
    "f1_micro": 0.0,
    "cost_summary": {
        "total_input_tokens": 16000,
        "total_output_tokens": 1259,
        "total_tokens": 17259,
        "input_cost_usd": 0.032,
        "output_cost_usd": 0.007553999999999999,
        "total_cost_usd": 0.03955399999999999
    }
}