{
    "fuzzy": 96.22415149104029,
    "n": 50,
    "cost_summary": {
        "total_input_tokens": 60396,
        "total_output_tokens": 36661,
        "total_tokens": 97057,
        "input_cost_usd": 0.181188,
        "output_cost_usd": 0.5499149999999999,
        "total_cost_usd": 0.7311030000000001
    }
}