{
    "f1_micro": 0.8721243523316062,
    "f1_macro": 0.862851711026616,
    "micro_precision": 0.8730290456431535,
    "micro_recall": 0.8712215320910973,
    "total_instances": 263,
    "total_tp": 2104,
    "total_fp": 306,
    "total_fn": 311,
    "cost_summary": {
        "total_input_tokens": 477224,
        "total_output_tokens": 108983,
        "total_tokens": 586207,
        "input_cost_usd": 0.19088960000000033,
        "output_cost_usd": 0.17437280000000002,
        "total_cost_usd": 0.36526239999999977
    }
}