{
    "f1_micro": 0.9079073329504117,
    "f1_macro": 0.8559016393442623,
    "micro_precision": 0.8981060606060606,
    "micro_recall": 0.9179248935346497,
    "total_instances": 61,
    "total_tp": 2371,
    "total_fp": 269,
    "total_fn": 212,
    "cost_summary": {
        "total_input_tokens": 193370,
        "total_output_tokens": 145111,
        "total_tokens": 338481,
        "input_cost_usd": 0.3867400000000005,
        "output_cost_usd": 1.160888,
        "total_cost_usd": 1.547628
    }
}