{
    "f1_macro": 0.49,
    "f1_micro": 0.5,
    "cost_summary": {
        "total_input_tokens": 47026,
        "total_output_tokens": 4596,
        "total_tokens": 51622,
        "input_cost_usd": 0.0037620799999999975,
        "output_cost_usd": 0.0016085999999999993,
        "total_cost_usd": 0.005370679999999999
    }
}