{
    "f1_micro": 0.6287290047630986,
    "f1_macro": 0.5111406844106464,
    "micro_precision": 0.7966963151207116,
    "micro_recall": 0.5192546583850932,
    "total_instances": 263,
    "total_tp": 1254,
    "total_fp": 320,
    "total_fn": 1161,
    "cost_summary": {
        "total_input_tokens": 282332,
        "total_output_tokens": 467444,
        "total_tokens": 749776,
        "input_cost_usd": 0.07058299999999997,
        "output_cost_usd": 0.9348879999999998,
        "total_cost_usd": 1.0054710000000002
    }
}