{
    "f1_micro": 0.6943297849228763,
    "f1_macro": 0.6833840304182509,
    "micro_precision": 0.7303473491773309,
    "micro_recall": 0.6616977225672878,
    "total_instances": 263,
    "total_tp": 1598,
    "total_fp": 590,
    "total_fn": 817,
    "cost_summary": {
        "total_input_tokens": 187256,
        "total_output_tokens": 175265,
        "total_tokens": 362521,
        "input_cost_usd": 0.01872560000000009,
        "output_cost_usd": 0.07010599999999999,
        "total_cost_usd": 0.08883159999999997
    }
}