{
    "fuzzy": 96.96168461743594,
    "n": 50,
    "cost_summary": {
        "total_input_tokens": 74096,
        "total_output_tokens": 35800,
        "total_tokens": 109896,
        "input_cost_usd": 0.37048,
        "output_cost_usd": 0.8950000000000001,
        "total_cost_usd": 1.26548
    }
}