{
    "fuzzy": 0.79,
    "cer": 0.221,
    "cost_summary": {
        "total_input_tokens": 13548,
        "total_output_tokens": 9855,
        "total_tokens": 23403,
        "input_cost_usd": 0.027096000000000002,
        "output_cost_usd": 0.11826,
        "total_cost_usd": 0.14535599999999999
    }
}