{
    "fuzzy": 0.5036450593988678,
    "cost_summary": {
        "total_input_tokens": 1716,
        "total_output_tokens": 9556,
        "total_tokens": 11272,
        "input_cost_usd": 0.0001716,
        "output_cost_usd": 0.0038224,
        "total_cost_usd": 0.003994
    }
}