{
    "fuzzy": 93.523398856154,
    "n": 50,
    "cost_summary": {
        "total_input_tokens": 38465,
        "total_output_tokens": 572384,
        "total_tokens": 610849,
        "input_cost_usd": 0.012501125000000002,
        "output_cost_usd": 1.1161488000000002,
        "total_cost_usd": 1.128649925
    }
}