{
    "f1_macro": 0.52,
    "f1_micro": 0.48,
    "cost_summary": {
        "total_input_tokens": 65974,
        "total_output_tokens": 1062,
        "total_tokens": 67036,
        "input_cost_usd": 0.13194799999999995,
        "output_cost_usd": 0.0053100000000000005,
        "total_cost_usd": 0.137258
    }
}