{
    "f1_micro": 0.8121676239098062,
    "f1_macro": 0.8000760456273763,
    "micro_precision": 0.8350831146106736,
    "micro_recall": 0.7904761904761904,
    "total_instances": 263,
    "total_tp": 1909,
    "total_fp": 377,
    "total_fn": 506,
    "cost_summary": {
        "total_input_tokens": 612527,
        "total_output_tokens": 51712,
        "total_tokens": 664239,
        "input_cost_usd": 0.04594,
        "output_cost_usd": 0.015514,
        "total_cost_usd": 0.061453,
        "pricing_date": "2025-10-01",
        "input_price_per_million": 0.075,
        "output_price_per_million": 0.3
    }
}