{
    "f1_micro": 0.7436715592427143,
    "f1_macro": 0.7336121673003803,
    "micro_precision": 0.7646544181977253,
    "micro_recall": 0.7238095238095238,
    "total_instances": 263,
    "total_tp": 1748,
    "total_fp": 538,
    "total_fn": 667,
    "cost_summary": {
        "total_input_tokens": 612527,
        "total_output_tokens": 51712,
        "total_tokens": 664239,
        "input_cost_usd": 0.04594,
        "output_cost_usd": 0.015514,
        "total_cost_usd": 0.061453,
        "pricing_date": "2025-10-01",
        "input_price_per_million": 0.075,
        "output_price_per_million": 0.3
    }
}