{
    "f1_macro": 0.47,
    "f1_micro": 0.43,
    "cost_summary": {
        "total_input_tokens": 128622,
        "total_output_tokens": 3378,
        "total_tokens": 132000,
        "input_cost_usd": 0.3858659999999998,
        "output_cost_usd": 0.05067,
        "total_cost_usd": 0.4365360000000001
    }
}