{
    "fuzzy": 0.7709712516655325,
    "cost_summary": {
        "total_input_tokens": 15016,
        "total_output_tokens": 9282,
        "total_tokens": 24298,
        "input_cost_usd": 0.0060064,
        "output_cost_usd": 0.018564,
        "total_cost_usd": 0.024570400000000003
    }
}