{
    "fuzzy": 0.23140516859502175,
    "cost_summary": {
        "total_input_tokens": 2338,
        "total_output_tokens": 3749,
        "total_tokens": 6087,
        "input_cost_usd": 0.0005845,
        "output_cost_usd": 0.0056235,
        "total_cost_usd": 0.006208
    }
}