{
    "f1_macro": 0.51,
    "f1_micro": 0.46,
    "cost_summary": {
        "total_input_tokens": 27006,
        "total_output_tokens": 3596,
        "total_tokens": 30602,
        "input_cost_usd": 0.0027006000000000005,
        "output_cost_usd": 0.0014384,
        "total_cost_usd": 0.004139000000000002
    }
}