{
    "f1_micro": 0.9482213438735178,
    "f1_macro": 0.8903278688524591,
    "micro_precision": 0.9437450826121164,
    "micro_recall": 0.9527402700555997,
    "total_instances": 61,
    "total_tp": 2399,
    "total_fp": 143,
    "total_fn": 119,
    "cost_summary": {
        "total_input_tokens": 99731,
        "total_output_tokens": 52764,
        "total_tokens": 152495,
        "input_cost_usd": 0.012965030000000011,
        "output_cost_usd": 0.020050320000000007,
        "total_cost_usd": 0.033015350000000006
    }
}