{
    "fuzzy": 0.04192842262179962,
    "cost_summary": {
        "total_input_tokens": 4946,
        "total_output_tokens": 2132,
        "total_tokens": 7078,
        "input_cost_usd": 0.0019784000000000004,
        "output_cost_usd": 0.004264,
        "total_cost_usd": 0.0062423999999999995
    }
}