{
    "f1_macro": 0.52,
    "f1_micro": 0.53,
    "cost_summary": {
        "total_input_tokens": 246251,
        "total_output_tokens": 3579,
        "total_tokens": 249830,
        "input_cost_usd": 0.03693765000000002,
        "output_cost_usd": 0.0021473999999999994,
        "total_cost_usd": 0.03908505
    }
}