{
    "fuzzy": 0.621,
    "cer": 0.4,
    "cost_summary": {
        "total_input_tokens": 39309,
        "total_output_tokens": 2549,
        "total_tokens": 41858,
        "input_cost_usd": 0.005110170000000001,
        "output_cost_usd": 0.00132548,
        "total_cost_usd": 0.006435650000000001
    }
}