{
    "f1_macro": 0.39487179487179497,
    "f1_micro": 0.5102040816326531
}