{
    "fuzzy": 98.61454689345015,
    "n": 50,
    "cost_summary": {
        "total_input_tokens": 40358,
        "total_output_tokens": 26677,
        "total_tokens": 67035,
        "input_cost_usd": 0.08071600000000001,
        "output_cost_usd": 0.160062,
        "total_cost_usd": 0.24077799999999994
    }
}