{
    "fuzzy": 0.8296000958379444,
    "cost_summary": {
        "total_input_tokens": 23738,
        "total_output_tokens": 6323,
        "total_tokens": 30061,
        "input_cost_usd": 0.0415415,
        "output_cost_usd": 0.088522,
        "total_cost_usd": 0.1300635
    }
}