{
    "f1": 0.364,
    "precision": 0.371,
    "recall": 0.367,
    "mean_iou": 0.343,
    "true_positives": 33,
    "false_positives": 103,
    "false_negatives": 93,
    "num_pages": 46,
    "cost_summary": {
        "total_input_tokens": 112930,
        "total_output_tokens": 4828,
        "total_tokens": 117758,
        "input_cost_usd": 0.022585999999999978,
        "output_cost_usd": 0.0009656000000000005,
        "total_cost_usd": 0.023551600000000006
    }
}