{
    "fuzzy": 0.055619774113558076,
    "cost_summary": {
        "total_input_tokens": 4946,
        "total_output_tokens": 3548,
        "total_tokens": 8494,
        "input_cost_usd": 0.0009892000000000002,
        "output_cost_usd": 0.0007096,
        "total_cost_usd": 0.0016988000000000003
    }
}