{
    "fuzzy": 18.535454720101722,
    "n": 50,
    "cost_summary": {
        "total_input_tokens": 21014,
        "total_output_tokens": 114530,
        "total_tokens": 135544,
        "input_cost_usd": 0.0024586380000000004,
        "output_cost_usd": 0.15633344999999998,
        "total_cost_usd": 0.158792088
    }
}