{
    "f1_macro": 0.54,
    "f1_micro": 0.57,
    "cost_summary": {
        "total_input_tokens": 116996,
        "total_output_tokens": 3471,
        "total_tokens": 120467,
        "input_cost_usd": 0.14624500000000007,
        "output_cost_usd": 0.03471,
        "total_cost_usd": 0.180955
    }
}