{
    "fuzzy": 96.51295838024193,
    "n": 50,
    "cost_summary": {
        "total_input_tokens": 60446,
        "total_output_tokens": 36014,
        "total_tokens": 96460,
        "input_cost_usd": 0.90669,
        "output_cost_usd": 2.70105,
        "total_cost_usd": 3.60774
    }
}