{
    "fuzzy": 0.9112762556218421,
    "cost_summary": {
        "total_input_tokens": 70455,
        "total_output_tokens": 26387,
        "total_tokens": 96842,
        "input_cost_usd": 0.005284124999999999,
        "output_cost_usd": 0.007916099999999997,
        "total_cost_usd": 0.013200225
    }
}