{
    "fuzzy": 0.8328642977377396,
    "cost_summary": {
        "total_input_tokens": 21578,
        "total_output_tokens": 4922,
        "total_tokens": 26500,
        "input_cost_usd": 0.0377615,
        "output_cost_usd": 0.068908,
        "total_cost_usd": 0.1066695
    }
}