{
    "f1": 0.0,
    "precision": 0.0,
    "recall": 0.0,
    "mean_iou": 0.0,
    "true_positives": 0,
    "false_positives": 47,
    "false_negatives": 126,
    "num_pages": 46,
    "cost_summary": {
        "total_input_tokens": 127696,
        "total_output_tokens": 2249,
        "total_tokens": 129945,
        "input_cost_usd": 0.05107839999999996,
        "output_cost_usd": 0.0053976000000000015,
        "total_cost_usd": 0.05647599999999996
    }
}