{
    "f1_micro": 0.9515210991167812,
    "f1_macro": 0.8927868852459017,
    "micro_precision": 0.940628637951106,
    "micro_recall": 0.9626687847498014,
    "total_instances": 61,
    "total_tp": 2424,
    "total_fp": 153,
    "total_fn": 94,
    "cost_summary": {
        "total_input_tokens": 147011,
        "total_output_tokens": 337870,
        "total_tokens": 484881,
        "input_cost_usd": 0.02940219999999999,
        "output_cost_usd": 0.3885505,
        "total_cost_usd": 0.41795269999999984
    }
}