{
    "f1_micro": 0.3476802683063164,
    "f1_macro": 0.28733333333333333,
    "micro_precision": 0.39021329987452946,
    "micro_recall": 0.31350806451612906,
    "total_instances": 15,
    "total_tp": 311,
    "total_fp": 486,
    "total_fn": 681,
    "cost_summary": {
        "total_input_tokens": 42280,
        "total_output_tokens": 41422,
        "total_tokens": 83702,
        "input_cost_usd": 0.004227999999999999,
        "output_cost_usd": 0.006213299999999999,
        "total_cost_usd": 0.010441299999999997
    }
}