{
    "f1_micro": 0.7804061126229852,
    "f1_macro": 0.7769201520912548,
    "micro_precision": 0.7891617273497037,
    "micro_recall": 0.7718426501035197,
    "total_instances": 263,
    "total_tp": 1864,
    "total_fp": 498,
    "total_fn": 551,
    "cost_summary": {
        "total_input_tokens": 462166,
        "total_output_tokens": 41452,
        "total_tokens": 503618,
        "input_cost_usd": 0.924332,
        "output_cost_usd": 0.248712,
        "total_cost_usd": 1.173044,
        "pricing_date": "2025-10-01",
        "input_price_per_million": 2.0,
        "output_price_per_million": 6.0
    }
}