{
    "f1_macro": 0.61,
    "f1_micro": 0.56,
    "cost_summary": {
        "total_input_tokens": 28627,
        "total_output_tokens": 2475,
        "total_tokens": 31102,
        "input_cost_usd": 0.0037215100000000025,
        "output_cost_usd": 0.0009405,
        "total_cost_usd": 0.00466201
    }
}