{
    "f1_macro": 0.51,
    "f1_micro": 0.58,
    "cost_summary": {
        "total_input_tokens": 85240,
        "total_output_tokens": 2681,
        "total_tokens": 87921,
        "input_cost_usd": 0.42620000000000013,
        "output_cost_usd": 0.067025,
        "total_cost_usd": 0.493225
    }
}