{
    "fuzzy": 0.804,
    "cer": 0.218,
    "cost_summary": {
        "total_input_tokens": 12111,
        "total_output_tokens": 10033,
        "total_tokens": 22144,
        "input_cost_usd": 0.0060555,
        "output_cost_usd": 0.015049500000000002,
        "total_cost_usd": 0.021105
    }
}