{
    "f1_micro": 0.41860465116279066,
    "f1_macro": 0.4106666666666667,
    "micro_precision": 0.4198782961460446,
    "micro_recall": 0.4173387096774194,
    "total_instances": 15,
    "total_tp": 414,
    "total_fp": 572,
    "total_fn": 578,
    "cost_summary": {
        "total_input_tokens": 22612,
        "total_output_tokens": 13913,
        "total_tokens": 36525,
        "input_cost_usd": 0.009045,
        "output_cost_usd": 0.027826,
        "total_cost_usd": 0.036871,
        "pricing_date": "2025-10-28",
        "input_price_per_million": 0.4,
        "output_price_per_million": 2.0
    }
}