{
    "f1_micro": 0.8728016359918201,
    "f1_macro": 0.8642585551330799,
    "micro_precision": 0.8622222222222222,
    "micro_recall": 0.8836438923395445,
    "total_instances": 263,
    "total_tp": 2134,
    "total_fp": 341,
    "total_fn": 281,
    "cost_summary": {
        "total_input_tokens": 187256,
        "total_output_tokens": 81781,
        "total_tokens": 269037,
        "input_cost_usd": 0.05617680000000022,
        "output_cost_usd": 0.20445249999999984,
        "total_cost_usd": 0.2606293
    }
}