{
    "f1_macro": 0.54,
    "f1_micro": 0.52,
    "cost_summary": {
        "total_input_tokens": 280558,
        "total_output_tokens": 5916,
        "total_tokens": 286474,
        "input_cost_usd": 0.0280558,
        "output_cost_usd": 0.0023664000000000003,
        "total_cost_usd": 0.030422199999999993
    }
}