{
    "fuzzy": 0.6982706044957705,
    "cost_summary": {
        "total_input_tokens": 17177,
        "total_output_tokens": 9993,
        "total_tokens": 27170,
        "input_cost_usd": 0.0429425,
        "output_cost_usd": 0.149895,
        "total_cost_usd": 0.1928375
    }
}