{
    "f1_macro": 0.56,
    "f1_micro": 0.57,
    "cost_summary": {
        "total_input_tokens": 222630,
        "total_output_tokens": 5400,
        "total_tokens": 228030,
        "input_cost_usd": 0.6678900000000001,
        "output_cost_usd": 0.081,
        "total_cost_usd": 0.7488900000000001
    }
}