{
    "f1": 0.022,
    "precision": 0.022,
    "recall": 0.022,
    "mean_iou": 0.012,
    "true_positives": 1,
    "false_positives": 90,
    "false_negatives": 125,
    "num_pages": 46,
    "cost_summary": {
        "total_input_tokens": 175858,
        "total_output_tokens": 1376,
        "total_tokens": 177234,
        "input_cost_usd": 0.017585800000000002,
        "output_cost_usd": 0.0005504000000000003,
        "total_cost_usd": 0.0181362
    }
}