{
    "fuzzy": 0.6733924715274513,
    "cost_summary": {
        "total_input_tokens": 17504,
        "total_output_tokens": 10439,
        "total_tokens": 27943,
        "input_cost_usd": 0.0017504000000000003,
        "output_cost_usd": 0.0041756,
        "total_cost_usd": 0.005926000000000001
    }
}