{
    "f1_micro": 0.5110539845758354,
    "f1_macro": 0.49266666666666664,
    "micro_precision": 0.521511017838405,
    "micro_recall": 0.501008064516129,
    "total_instances": 15,
    "total_tp": 497,
    "total_fp": 456,
    "total_fn": 495,
    "cost_summary": {
        "total_input_tokens": 46456,
        "total_output_tokens": 15442,
        "total_tokens": 61898,
        "input_cost_usd": 0.018582400000000006,
        "output_cost_usd": 0.0370608,
        "total_cost_usd": 0.0556432
    }
}