{
    "f1_macro": 0.61,
    "f1_micro": 0.58,
    "cost_summary": {
        "total_input_tokens": 296629,
        "total_output_tokens": 4113,
        "total_tokens": 300742,
        "input_cost_usd": 1.4831450000000008,
        "output_cost_usd": 0.10282499999999999,
        "total_cost_usd": 1.5859700000000003
    }
}