{
    "fuzzy": 92.17870130061597,
    "n": 50,
    "cost_summary": {
        "total_input_tokens": 33853,
        "total_output_tokens": 28016,
        "total_tokens": 61869,
        "input_cost_usd": 0.013541200000000001,
        "output_cost_usd": 0.044825600000000014,
        "total_cost_usd": 0.058366799999999996
    }
}