{
    "f1_micro": 0.833922261484099,
    "f1_macro": 0.8311026615969582,
    "micro_precision": 0.837228714524207,
    "micro_recall": 0.8306418219461698,
    "total_instances": 263,
    "total_tp": 2006,
    "total_fp": 390,
    "total_fn": 409,
    "cost_summary": {
        "total_input_tokens": 376616,
        "total_output_tokens": 223291,
        "total_tokens": 599907,
        "input_cost_usd": 0.753232,
        "output_cost_usd": 1.786328,
        "total_cost_usd": 2.53956,
        "pricing_date": "2025-10-01",
        "input_price_per_million": 2.0,
        "output_price_per_million": 8.0
    }
}