{
    "f1_micro": 0.764913739347329,
    "f1_macro": 0.7628897338403042,
    "micro_precision": 0.7679465776293823,
    "micro_recall": 0.7619047619047619,
    "total_instances": 263,
    "total_tp": 1840,
    "total_fp": 556,
    "total_fn": 575,
    "cost_summary": {
        "total_input_tokens": 376616,
        "total_output_tokens": 223291,
        "total_tokens": 599907,
        "input_cost_usd": 0.753232,
        "output_cost_usd": 1.786328,
        "total_cost_usd": 2.53956,
        "pricing_date": "2025-10-01",
        "input_price_per_million": 2.0,
        "output_price_per_million": 8.0
    }
}