{
    "f1_macro": 0.58,
    "f1_micro": 0.53,
    "cost_summary": {
        "total_input_tokens": 85263,
        "total_output_tokens": 2056,
        "total_tokens": 87319,
        "input_cost_usd": 0.17052599999999998,
        "output_cost_usd": 0.016448000000000004,
        "total_cost_usd": 0.18697399999999997
    }
}