{
    "f1_micro": 0.0,
    "f1_macro": 0.0,
    "micro_precision": 0.0,
    "micro_recall": 0.0,
    "total_instances": 263,
    "total_tp": 0,
    "total_fp": 0,
    "total_fn": 2415,
    "cost_summary": {
        "total_input_tokens": 340848,
        "total_output_tokens": 41018,
        "total_tokens": 381866,
        "input_cost_usd": 0.6816960000000015,
        "output_cost_usd": 0.24610799999999997,
        "total_cost_usd": 0.9278039999999999
    }
}