{
    "fuzzy": 0.5387013707342106,
    "cost_summary": {
        "total_input_tokens": 12778,
        "total_output_tokens": 13665,
        "total_tokens": 26443,
        "input_cost_usd": 0.0010222400000000002,
        "output_cost_usd": 0.0068325,
        "total_cost_usd": 0.00785474
    }
}