{
    "fuzzy": 0.214,
    "cer": 0.793,
    "cost_summary": {
        "total_input_tokens": 11376,
        "total_output_tokens": 855,
        "total_tokens": 12231,
        "input_cost_usd": 0.005688,
        "output_cost_usd": 0.0012824999999999998,
        "total_cost_usd": 0.006970500000000001
    }
}