{
    "fuzzy": 0.6766618215628413,
    "cost_summary": {
        "total_input_tokens": 12314,
        "total_output_tokens": 23214,
        "total_tokens": 35528,
        "input_cost_usd": 0.0030785,
        "output_cost_usd": 0.046428,
        "total_cost_usd": 0.0495065
    }
}