{
    "f1_macro": 0.66,
    "f1_micro": 0.62,
    "cost_summary": {
        "total_input_tokens": 77041,
        "total_output_tokens": 19216,
        "total_tokens": 96257,
        "input_cost_usd": 0.15408200000000005,
        "output_cost_usd": 0.15372799999999998,
        "total_cost_usd": 0.30781000000000003
    }
}