{
    "f1_macro": 0.49,
    "f1_micro": 0.44,
    "cost_summary": {
        "total_input_tokens": 130760,
        "total_output_tokens": 2218,
        "total_tokens": 132978,
        "input_cost_usd": 0.26152,
        "output_cost_usd": 0.013308000000000004,
        "total_cost_usd": 0.27482800000000007
    }
}