{
    "f1_macro": 0.51,
    "f1_micro": 0.53,
    "cost_summary": {
        "total_input_tokens": 244298,
        "total_output_tokens": 143144,
        "total_tokens": 387442,
        "input_cost_usd": 0.012214900000000011,
        "output_cost_usd": 0.05725759999999999,
        "total_cost_usd": 0.0694725
    }
}