{
    "f1_macro": 0.55,
    "f1_micro": 0.55,
    "cost_summary": {
        "total_input_tokens": 297936,
        "total_output_tokens": 168578,
        "total_tokens": 466514,
        "input_cost_usd": 0.029793600000000003,
        "output_cost_usd": 0.025286700000000006,
        "total_cost_usd": 0.055080299999999985
    }
}