{
    "f1_micro": 0.958556414832441,
    "f1_macro": 0.9118032786885245,
    "micro_precision": 0.9572277227722772,
    "micro_recall": 0.9598888006354249,
    "total_instances": 61,
    "total_tp": 2417,
    "total_fp": 108,
    "total_fn": 101,
    "cost_summary": {
        "total_input_tokens": 215826,
        "total_output_tokens": 50403,
        "total_tokens": 266229,
        "input_cost_usd": 0.3776955000000002,
        "output_cost_usd": 0.7056420000000001,
        "total_cost_usd": 1.0833375
    }
}