{
    "f1_macro": 0.51,
    "f1_micro": 0.62,
    "cost_summary": {
        "total_input_tokens": 109290,
        "total_output_tokens": 1470,
        "total_tokens": 110760,
        "input_cost_usd": 0.273225,
        "output_cost_usd": 0.022049999999999993,
        "total_cost_usd": 0.295275
    }
}