{
    "f1_macro": 0.46,
    "f1_micro": 0.47,
    "cost_summary": {
        "total_input_tokens": 222573,
        "total_output_tokens": 5758,
        "total_tokens": 228331,
        "input_cost_usd": 0.6677189999999996,
        "output_cost_usd": 0.08636999999999999,
        "total_cost_usd": 0.7540889999999995
    }
}