{
    "f1_macro": 0.52,
    "f1_micro": 0.47,
    "cost_summary": {
        "total_input_tokens": 177734,
        "total_output_tokens": 84177,
        "total_tokens": 261911,
        "input_cost_usd": 0.020794878,
        "output_cost_usd": 0.114901605,
        "total_cost_usd": 0.135696483
    }
}