{
    "f1_micro": 0.4537037037037037,
    "f1_macro": 0.45066666666666666,
    "micro_precision": 0.4632352941176471,
    "micro_recall": 0.44455645161290325,
    "total_instances": 15,
    "total_tp": 441,
    "total_fp": 511,
    "total_fn": 551,
    "cost_summary": {
        "total_input_tokens": 23880,
        "total_output_tokens": 8817,
        "total_tokens": 32697,
        "input_cost_usd": 0.04776,
        "output_cost_usd": 0.07053599999999999,
        "total_cost_usd": 0.11829600000000001
    }
}