{
    "fuzzy": 0.759,
    "cer": 0.239,
    "cost_summary": {
        "total_input_tokens": 35904,
        "total_output_tokens": 3347,
        "total_tokens": 39251,
        "input_cost_usd": 0.10771199999999999,
        "output_cost_usd": 0.05020500000000001,
        "total_cost_usd": 0.157917
    }
}