{
    "fuzzy": 0.62,
    "cer": 0.398,
    "cost_summary": {
        "total_input_tokens": 31284,
        "total_output_tokens": 2495,
        "total_tokens": 33779,
        "input_cost_usd": 0.012513600000000003,
        "output_cost_usd": 0.00499,
        "total_cost_usd": 0.0175036
    }
}