{
    "fuzzy": 0.8510985495382657,
    "cost_summary": {
        "total_input_tokens": 17457,
        "total_output_tokens": 5700,
        "total_tokens": 23157,
        "input_cost_usd": 0.0017457000000000009,
        "output_cost_usd": 0.00228,
        "total_cost_usd": 0.0040257
    }
}