{
    "f1_macro": 0.35,
    "f1_micro": 0.45,
    "cost_summary": {
        "total_input_tokens": 139030,
        "total_output_tokens": 1371,
        "total_tokens": 140401,
        "input_cost_usd": 0.013903000000000006,
        "output_cost_usd": 0.0005484,
        "total_cost_usd": 0.014451400000000001
    }
}