{
    "f1": 0.0,
    "precision": 0.0,
    "recall": 0.0,
    "mean_iou": 0.0,
    "true_positives": 0,
    "false_positives": 120,
    "false_negatives": 126,
    "num_pages": 46,
    "cost_summary": {
        "total_input_tokens": 52302,
        "total_output_tokens": 5088,
        "total_tokens": 57390,
        "input_cost_usd": 0.013075499999999992,
        "output_cost_usd": 0.0076320000000000025,
        "total_cost_usd": 0.020707500000000007
    }
}