{
    "f1_macro": 0.58,
    "f1_micro": 0.59,
    "cost_summary": {
        "total_input_tokens": 233184,
        "total_output_tokens": 5198,
        "total_tokens": 238382,
        "input_cost_usd": 0.4663679999999997,
        "output_cost_usd": 0.062376,
        "total_cost_usd": 0.5287439999999999
    }
}