{
    "fuzzy": 0.868,
    "cer": 0.155,
    "cost_summary": {
        "total_input_tokens": 12153,
        "total_output_tokens": 7541,
        "total_tokens": 19694,
        "input_cost_usd": 0.01519125,
        "output_cost_usd": 0.018852499999999998,
        "total_cost_usd": 0.03404375
    }
}