{
    "fuzzy": 0.816,
    "cer": 0.193,
    "cost_summary": {
        "total_input_tokens": 32160,
        "total_output_tokens": 2859,
        "total_tokens": 35019,
        "input_cost_usd": 0.06432000000000002,
        "output_cost_usd": 0.034308000000000005,
        "total_cost_usd": 0.09862800000000001
    }
}