{
    "fuzzy": 0.03477702042433471,
    "cost_summary": {
        "total_input_tokens": 4946,
        "total_output_tokens": 1939,
        "total_tokens": 6885,
        "input_cost_usd": 0.0004946000000000001,
        "output_cost_usd": 0.0005817,
        "total_cost_usd": 0.0010763
    }
}