{
    "f1_micro": 0.43636363636363645,
    "f1_macro": 0.42266666666666663,
    "micro_precision": 0.43724696356275305,
    "micro_recall": 0.43548387096774194,
    "total_instances": 15,
    "total_tp": 432,
    "total_fp": 556,
    "total_fn": 560,
    "cost_summary": {
        "total_input_tokens": 39915,
        "total_output_tokens": 14662,
        "total_tokens": 54577,
        "input_cost_usd": 0.07983000000000001,
        "output_cost_usd": 0.08797200000000001,
        "total_cost_usd": 0.16780199999999995
    }
}