{
    "f1_micro": 0.8459405940594059,
    "f1_macro": 0.8387072243346007,
    "micro_precision": 0.8106261859582543,
    "micro_recall": 0.884472049689441,
    "total_instances": 263,
    "total_tp": 2136,
    "total_fp": 499,
    "total_fn": 279,
    "cost_summary": {
        "total_input_tokens": 476242,
        "total_output_tokens": 50946,
        "total_tokens": 527188,
        "input_cost_usd": 0.03095572999999993,
        "output_cost_usd": 0.013245959999999989,
        "total_cost_usd": 0.04420168999999999
    }
}