{
    "fuzzy": 0.745,
    "cer": 0.263,
    "cost_summary": {
        "total_input_tokens": 19128,
        "total_output_tokens": 2746,
        "total_tokens": 21874,
        "input_cost_usd": 0.004782,
        "output_cost_usd": 0.004118999999999999,
        "total_cost_usd": 0.008901
    }
}