{
    "f1_macro": 0.61,
    "f1_micro": 0.57,
    "cost_summary": {
        "total_input_tokens": 172721,
        "total_output_tokens": 32528,
        "total_tokens": 205249,
        "input_cost_usd": 0.04490745999999999,
        "output_cost_usd": 0.050743680000000006,
        "total_cost_usd": 0.09565114000000001
    }
}