{
    "f1_macro": 0.46218803786574875,
    "f1_micro": 0.4236453201970444
}