{
    "f1_micro": 0.8751013787510138,
    "f1_macro": 0.8682509505703422,
    "micro_precision": 0.8573698847834724,
    "micro_recall": 0.8935817805383023,
    "total_instances": 263,
    "total_tp": 2158,
    "total_fp": 359,
    "total_fn": 257,
    "cost_summary": {
        "total_input_tokens": 566314,
        "total_output_tokens": 53402,
        "total_tokens": 619716,
        "input_cost_usd": 1.698942,
        "output_cost_usd": 0.80103,
        "total_cost_usd": 2.499972,
        "pricing_date": "2025-10-01",
        "input_price_per_million": 3.0,
        "output_price_per_million": 15.0
    }
}