{
    "f1_micro": 0.7721005677210058,
    "f1_macro": 0.7654372623574145,
    "micro_precision": 0.7564560985299961,
    "micro_recall": 0.7884057971014493,
    "total_instances": 263,
    "total_tp": 1904,
    "total_fp": 613,
    "total_fn": 511,
    "cost_summary": {
        "total_input_tokens": 566314,
        "total_output_tokens": 53402,
        "total_tokens": 619716,
        "input_cost_usd": 1.698942,
        "output_cost_usd": 0.80103,
        "total_cost_usd": 2.499972,
        "pricing_date": "2025-10-01",
        "input_price_per_million": 3.0,
        "output_price_per_million": 15.0
    }
}