{
    "f1_micro": 0.871041192299731,
    "f1_macro": 0.8666539923954373,
    "micro_precision": 0.8708609271523179,
    "micro_recall": 0.8712215320910973,
    "total_instances": 263,
    "total_tp": 2104,
    "total_fp": 312,
    "total_fn": 311
}