{
    "f1_micro": 0.4328875681030213,
    "f1_macro": 0.42266666666666663,
    "micro_precision": 0.4255111976630964,
    "micro_recall": 0.4405241935483871,
    "total_instances": 15,
    "total_tp": 437,
    "total_fp": 590,
    "total_fn": 555,
    "cost_summary": {
        "total_input_tokens": 41246,
        "total_output_tokens": 15885,
        "total_tokens": 57131,
        "input_cost_usd": 0.00804297,
        "output_cost_usd": 0.0247806,
        "total_cost_usd": 0.03282357000000001
    }
}