{
    "fuzzy": 0.6705841280904272,
    "cost_summary": {
        "total_input_tokens": 15016,
        "total_output_tokens": 9088,
        "total_tokens": 24104,
        "input_cost_usd": 0.0030032,
        "output_cost_usd": 0.0018176,
        "total_cost_usd": 0.0048208
    }
}