{
    "f1_micro": 0.8603148970528866,
    "f1_macro": 0.8529277566539923,
    "micro_precision": 0.8393068137061835,
    "micro_recall": 0.8824016563146998,
    "total_instances": 263,
    "total_tp": 2131,
    "total_fp": 408,
    "total_fn": 284,
    "cost_summary": {
        "total_input_tokens": 470700,
        "total_output_tokens": 48029,
        "total_tokens": 518729,
        "input_cost_usd": 0.18827999999999973,
        "output_cost_usd": 0.15369280000000007,
        "total_cost_usd": 0.3419728000000001
    }
}