{
    "fuzzy": 84.57753158058887,
    "n": 50,
    "cost_summary": {
        "total_input_tokens": 40325,
        "total_output_tokens": 32307,
        "total_tokens": 72632,
        "input_cost_usd": 0.01613,
        "output_cost_usd": 0.06461399999999999,
        "total_cost_usd": 0.08074400000000001
    }
}