{
    "f1_macro": 0.56,
    "f1_micro": 0.51,
    "cost_summary": {
        "total_input_tokens": 85263,
        "total_output_tokens": 1563,
        "total_tokens": 86826,
        "input_cost_usd": 0.21315749999999986,
        "output_cost_usd": 0.01563,
        "total_cost_usd": 0.22878750000000003
    }
}