{
    "f1_macro": 0.57,
    "f1_micro": 0.51,
    "cost_summary": {
        "total_input_tokens": 177638,
        "total_output_tokens": 3323,
        "total_tokens": 180961,
        "input_cost_usd": 0.0177638,
        "output_cost_usd": 0.0013292,
        "total_cost_usd": 0.019092999999999995
    }
}