{
    "f1_micro": 0.40614165428429916,
    "f1_macro": 0.42133333333333334,
    "micro_precision": 0.39922103213242455,
    "micro_recall": 0.41330645161290325,
    "total_instances": 15,
    "total_tp": 410,
    "total_fp": 617,
    "total_fn": 582,
    "cost_summary": {
        "total_input_tokens": 41266,
        "total_output_tokens": 43135,
        "total_tokens": 84401,
        "input_cost_usd": 0.01072916,
        "output_cost_usd": 0.0672906,
        "total_cost_usd": 0.07801976000000001
    }
}