{
    "fuzzy": 0.152,
    "cer": 0.872,
    "cost_summary": {
        "total_input_tokens": 7160,
        "total_output_tokens": 23002,
        "total_tokens": 30162,
        "input_cost_usd": 0.008950000000000001,
        "output_cost_usd": 0.23002000000000003,
        "total_cost_usd": 0.23897000000000002
    }
}