{
    "f1_macro": 0.26,
    "f1_micro": 0.24,
    "cost_summary": {
        "total_input_tokens": 54409,
        "total_output_tokens": 3145,
        "total_tokens": 57554,
        "input_cost_usd": 0.10881800000000014,
        "output_cost_usd": 0.018869999999999994,
        "total_cost_usd": 0.127688
    }
}