{
    "f1": 0.0,
    "precision": 0.0,
    "recall": 0.0,
    "mean_iou": 0.0,
    "true_positives": 0,
    "false_positives": 125,
    "false_negatives": 126,
    "num_pages": 46,
    "cost_summary": {
        "total_input_tokens": 98808,
        "total_output_tokens": 4113,
        "total_tokens": 102921,
        "input_cost_usd": 0.2964240000000002,
        "output_cost_usd": 0.06169500000000003,
        "total_cost_usd": 0.3581190000000001
    }
}