{
    "f1_micro": 0.9349941611521994,
    "f1_macro": 0.8875409836065574,
    "micro_precision": 0.9401174168297456,
    "micro_recall": 0.9299264421215641,
    "total_instances": 61,
    "total_tp": 2402,
    "total_fp": 153,
    "total_fn": 181,
    "cost_summary": {
        "total_input_tokens": 189405,
        "total_output_tokens": 212719,
        "total_tokens": 402124,
        "input_cost_usd": 0.23675625000000014,
        "output_cost_usd": 2.12719,
        "total_cost_usd": 2.36394625
    }
}