{
    "f1_micro": 0.7910357359176255,
    "f1_macro": 0.7893536121673004,
    "micro_precision": 0.7718676122931442,
    "micro_recall": 0.8111801242236025,
    "total_instances": 263,
    "total_tp": 1959,
    "total_fp": 579,
    "total_fn": 456,
    "cost_summary": {
        "total_input_tokens": 387529,
        "total_output_tokens": 609480,
        "total_tokens": 997009,
        "input_cost_usd": 0.096882,
        "output_cost_usd": 1.21896,
        "total_cost_usd": 1.315842,
        "pricing_date": "2025-10-01",
        "input_price_per_million": 0.25,
        "output_price_per_million": 2.0
    }
}