{
    "f1_micro": 0.7510599636583888,
    "f1_macro": 0.7491254752851711,
    "micro_precision": 0.7328605200945626,
    "micro_recall": 0.7701863354037267,
    "total_instances": 263,
    "total_tp": 1860,
    "total_fp": 678,
    "total_fn": 555,
    "cost_summary": {
        "total_input_tokens": 387529,
        "total_output_tokens": 609480,
        "total_tokens": 997009,
        "input_cost_usd": 0.096882,
        "output_cost_usd": 1.21896,
        "total_cost_usd": 1.315842,
        "pricing_date": "2025-10-01",
        "input_price_per_million": 0.25,
        "output_price_per_million": 2.0
    }
}