{
    "f1_micro": 0.3861490031479538,
    "f1_macro": 0.36733333333333335,
    "micro_precision": 0.4026258205689278,
    "micro_recall": 0.3709677419354839,
    "total_instances": 15,
    "total_tp": 368,
    "total_fp": 546,
    "total_fn": 624,
    "cost_summary": {
        "total_input_tokens": 40921,
        "total_output_tokens": 14363,
        "total_tokens": 55284,
        "input_cost_usd": 0.0040921,
        "output_cost_usd": 0.005745200000000001,
        "total_cost_usd": 0.0098373
    }
}