{
    "f1_macro": 0.71,
    "f1_micro": 0.78,
    "cost_summary": {
        "total_input_tokens": 44050,
        "total_output_tokens": 41795,
        "total_tokens": 85845,
        "input_cost_usd": 0.05506249999999998,
        "output_cost_usd": 0.41795000000000004,
        "total_cost_usd": 0.47301249999999995
    }
}