{
    "fuzzy": 0.774,
    "cer": 0.246,
    "cost_summary": {
        "total_input_tokens": 33002,
        "total_output_tokens": 39476,
        "total_tokens": 72478,
        "input_cost_usd": 0.005362825000000001,
        "output_cost_usd": 0.051318800000000005,
        "total_cost_usd": 0.056681625000000006
    }
}