{
    "fuzzy": 0.6731714852951105,
    "cost_summary": {
        "total_input_tokens": 15016,
        "total_output_tokens": 8900,
        "total_tokens": 23916,
        "input_cost_usd": 0.0060064,
        "output_cost_usd": 0.0178,
        "total_cost_usd": 0.0238064
    }
}