{
    "fuzzy": 95.47744143869664,
    "n": 50,
    "cost_summary": {
        "total_input_tokens": 31538,
        "total_output_tokens": 26392,
        "total_tokens": 57930,
        "input_cost_usd": 0.015769000000000002,
        "output_cost_usd": 0.079176,
        "total_cost_usd": 0.094945
    }
}