{
    "f1_micro": 0.6125,
    "f1_macro": 0.5363117870722434,
    "micro_precision": 0.6644067796610169,
    "micro_recall": 0.5681159420289855,
    "total_instances": 263,
    "total_tp": 1372,
    "total_fp": 693,
    "total_fn": 1043,
    "cost_summary": {
        "total_input_tokens": 345259,
        "total_output_tokens": 43720,
        "total_tokens": 388979,
        "input_cost_usd": 0.0,
        "output_cost_usd": 0.0,
        "total_cost_usd": 0.024776380000000008
    }
}