{
    "f1_micro": 0.6861773975686627,
    "f1_macro": 0.615893536121673,
    "micro_precision": 0.7518500246669956,
    "micro_recall": 0.631055900621118,
    "total_instances": 263,
    "total_tp": 1524,
    "total_fp": 503,
    "total_fn": 891,
    "cost_summary": {
        "total_input_tokens": 339136,
        "total_output_tokens": 501185,
        "total_tokens": 840321,
        "input_cost_usd": 0.067827,
        "output_cost_usd": 0.350829,
        "total_cost_usd": 0.418657,
        "pricing_date": "2025-10-20",
        "input_price_per_million": 0.2,
        "output_price_per_million": 0.7
    }
}