{
    "f1_micro": 0.42943548387096775,
    "f1_macro": 0.442,
    "micro_precision": 0.42943548387096775,
    "micro_recall": 0.42943548387096775,
    "total_instances": 15,
    "total_tp": 426,
    "total_fp": 566,
    "total_fn": 566,
    "cost_summary": {
        "total_input_tokens": 28042,
        "total_output_tokens": 17380,
        "total_tokens": 45422,
        "input_cost_usd": 0.084126,
        "output_cost_usd": 0.2607,
        "total_cost_usd": 0.344826,
        "pricing_date": "2025-10-28",
        "input_price_per_million": 3.0,
        "output_price_per_million": 15.0
    }
}