{
    "f1_macro": 0.57,
    "f1_micro": 0.52,
    "cost_summary": {
        "total_input_tokens": 177766,
        "total_output_tokens": 6466,
        "total_tokens": 184232,
        "input_cost_usd": 0.07110639999999999,
        "output_cost_usd": 0.0103456,
        "total_cost_usd": 0.081452
    }
}