{
    "fuzzy": 0.006,
    "cer": 0.997,
    "cost_summary": {
        "total_input_tokens": 3930,
        "total_output_tokens": 1197,
        "total_tokens": 5127,
        "input_cost_usd": 0.00039300000000000007,
        "output_cost_usd": 0.0003591,
        "total_cost_usd": 0.0007521
    }
}