{
    "f1_macro": 0.0,
    "f1_micro": 0.0,
    "cost_summary": {
        "total_input_tokens": 14625,
        "total_output_tokens": 1082,
        "total_tokens": 15707,
        "input_cost_usd": 0.007312500000000004,
        "output_cost_usd": 0.0016229999999999997,
        "total_cost_usd": 0.008935499999999999
    }
}