{
    "fuzzy": 0.9635311604688159,
    "cost_summary": {
        "total_input_tokens": 93247,
        "total_output_tokens": 6400,
        "total_tokens": 99647,
        "input_cost_usd": 0.4662350000000001,
        "output_cost_usd": 0.16,
        "total_cost_usd": 0.6262350000000001
    }
}