{
    "fuzzy": 0.41862605462192215,
    "cost_summary": {
        "total_input_tokens": 36963,
        "total_output_tokens": 1869,
        "total_tokens": 38832,
        "input_cost_usd": 0.0184815,
        "output_cost_usd": 0.0028035000000000004,
        "total_cost_usd": 0.021285
    }
}