{
    "f1_micro": 0.868000808570851,
    "f1_macro": 0.8638783269961977,
    "micro_precision": 0.8479462875197472,
    "micro_recall": 0.8890269151138717,
    "total_instances": 263,
    "total_tp": 2147,
    "total_fp": 385,
    "total_fn": 268,
    "cost_summary": {
        "total_input_tokens": 187256,
        "total_output_tokens": 48901,
        "total_tokens": 236157,
        "input_cost_usd": 0.2340700000000004,
        "output_cost_usd": 0.48900999999999956,
        "total_cost_usd": 0.72308
    }
}