{
    "fuzzy": 0.0,
    "cer": 1.0,
    "cost_summary": {
        "total_input_tokens": 3930,
        "total_output_tokens": 55,
        "total_tokens": 3985,
        "input_cost_usd": 0.0007860000000000001,
        "output_cost_usd": 1.1e-05,
        "total_cost_usd": 0.0007970000000000002
    }
}