{
    "f1_macro": 0.62,
    "f1_micro": 0.55,
    "cost_summary": {
        "total_input_tokens": 190378,
        "total_output_tokens": 1898,
        "total_tokens": 192276,
        "input_cost_usd": 0.47594500000000023,
        "output_cost_usd": 0.02847,
        "total_cost_usd": 0.504415
    }
}