{
    "f1_macro": 0.53,
    "f1_micro": 0.61,
    "cost_summary": {
        "total_input_tokens": 46620,
        "total_output_tokens": 2001,
        "total_tokens": 48621,
        "input_cost_usd": 0.011654999999999999,
        "output_cost_usd": 0.0030015,
        "total_cost_usd": 0.014656499999999998
    }
}