{
    "f1_micro": 0.4775818639798489,
    "f1_macro": 0.4693333333333333,
    "micro_precision": 0.4773413897280967,
    "micro_recall": 0.4778225806451613,
    "total_instances": 15,
    "total_tp": 474,
    "total_fp": 519,
    "total_fn": 518,
    "cost_summary": {
        "total_input_tokens": 29878,
        "total_output_tokens": 8908,
        "total_tokens": 38786,
        "input_cost_usd": 0.05228650000000001,
        "output_cost_usd": 0.124712,
        "total_cost_usd": 0.1769985
    }
}