{
    "f1_macro": 0.56,
    "f1_micro": 0.64,
    "cost_summary": {
        "total_input_tokens": 102920,
        "total_output_tokens": 2305,
        "total_tokens": 105225,
        "input_cost_usd": 0.041167999999999996,
        "output_cost_usd": 0.0055320000000000005,
        "total_cost_usd": 0.046700000000000005
    }
}