{
    "f1_micro": 0.824382085114291,
    "f1_macro": 0.7727868852459017,
    "micro_precision": 0.7332231404958678,
    "micro_recall": 0.9414261460101867,
    "total_instances": 61,
    "total_tp": 2218,
    "total_fp": 807,
    "total_fn": 138,
    "cost_summary": {
        "total_input_tokens": 246675,
        "total_output_tokens": 61553,
        "total_tokens": 308228,
        "input_cost_usd": 0.049335,
        "output_cost_usd": 0.012310600000000003,
        "total_cost_usd": 0.061645600000000016
    }
}