{
    "f1_micro": 0.2745287578540358,
    "f1_macro": 0.306,
    "micro_precision": 0.26369545032497677,
    "micro_recall": 0.2862903225806452,
    "total_instances": 15,
    "total_tp": 284,
    "total_fp": 793,
    "total_fn": 708,
    "cost_summary": {
        "total_input_tokens": 4185,
        "total_output_tokens": 16870,
        "total_tokens": 21055,
        "input_cost_usd": 0.000419,
        "output_cost_usd": 0.006748,
        "total_cost_usd": 0.007167,
        "pricing_date": "2025-10-28",
        "input_price_per_million": 0.1,
        "output_price_per_million": 0.4
    }
}