{
    "f1_micro": 0.9783687239531653,
    "f1_macro": 0.9177049180327869,
    "micro_precision": 0.9777865926219754,
    "micro_recall": 0.9789515488482923,
    "total_instances": 61,
    "total_tp": 2465,
    "total_fp": 56,
    "total_fn": 53,
    "cost_summary": {
        "total_input_tokens": 321653,
        "total_output_tokens": 122827,
        "total_tokens": 444480,
        "input_cost_usd": 0.12866119999999992,
        "output_cost_usd": 0.19652319999999998,
        "total_cost_usd": 0.32518440000000004
    }
}