{
    "fuzzy": 0.2895313202812357,
    "cost_summary": {
        "total_input_tokens": 187545,
        "total_output_tokens": 9390,
        "total_tokens": 196935,
        "input_cost_usd": 0.028131749999999997,
        "output_cost_usd": 0.005633999999999999,
        "total_cost_usd": 0.03376575
    }
}