{
    "fuzzy": 0.9280114278620941,
    "cost_summary": {
        "total_input_tokens": 85727,
        "total_output_tokens": 81633,
        "total_tokens": 167360,
        "input_cost_usd": 0.008572699999999999,
        "output_cost_usd": 0.012244950000000001,
        "total_cost_usd": 0.02081765
    }
}