{
    "f1": 0.0,
    "precision": 0.0,
    "recall": 0.0,
    "mean_iou": 0.0,
    "true_positives": 0,
    "false_positives": 122,
    "false_negatives": 126,
    "num_pages": 46,
    "cost_summary": {
        "total_input_tokens": 127696,
        "total_output_tokens": 5683,
        "total_tokens": 133379,
        "input_cost_usd": 0.03830880000000004,
        "output_cost_usd": 0.013639199999999999,
        "total_cost_usd": 0.05194800000000001
    }
}