{
    "fuzzy": 0.189,
    "cer": 0.916,
    "cost_summary": {
        "total_input_tokens": 9036,
        "total_output_tokens": 2358,
        "total_tokens": 11394,
        "input_cost_usd": 0.0036144000000000007,
        "output_cost_usd": 0.004716,
        "total_cost_usd": 0.0083304
    }
}