{
    "f1_macro": 0.55,
    "f1_micro": 0.64,
    "cost_summary": {
        "total_input_tokens": 89515,
        "total_output_tokens": 65516,
        "total_tokens": 155031,
        "input_cost_usd": 0.00447575,
        "output_cost_usd": 0.0262064,
        "total_cost_usd": 0.030682150000000002
    }
}