{
    "f1_micro": 0.8683186565635879,
    "f1_macro": 0.8620912547528516,
    "micro_precision": 0.8589951377633711,
    "micro_recall": 0.8778467908902692,
    "total_instances": 263,
    "total_tp": 2120,
    "total_fp": 348,
    "total_fn": 295,
    "cost_summary": {
        "total_input_tokens": 342414,
        "total_output_tokens": 41001,
        "total_tokens": 383415,
        "input_cost_usd": 0.684828000000001,
        "output_cost_usd": 0.24600600000000003,
        "total_cost_usd": 0.930833999999999
    }
}