{
    "fuzzy": 0.855,
    "cer": 0.151,
    "cost_summary": {
        "total_input_tokens": 35892,
        "total_output_tokens": 3396,
        "total_tokens": 39288,
        "input_cost_usd": 0.17945999999999998,
        "output_cost_usd": 0.08489999999999999,
        "total_cost_usd": 0.26436
    }
}