{
    "fuzzy": 0.138,
    "cer": 0.869,
    "cost_summary": {
        "total_input_tokens": 5498,
        "total_output_tokens": 10987,
        "total_tokens": 16485,
        "input_cost_usd": 0.016494,
        "output_cost_usd": 0.16480499999999998,
        "total_cost_usd": 0.181299
    }
}