{
    "fuzzy": 0.5102739660744406,
    "cost_summary": {
        "total_input_tokens": 10311,
        "total_output_tokens": 10375,
        "total_tokens": 20686,
        "input_cost_usd": 0.0007733249999999999,
        "output_cost_usd": 0.0031125000000000002,
        "total_cost_usd": 0.003885825
    }
}