{
    "fuzzy": 88.80119050696669,
    "n": 50,
    "cost_summary": {
        "total_input_tokens": 30192,
        "total_output_tokens": 211742,
        "total_tokens": 241934,
        "input_cost_usd": 0.0090576,
        "output_cost_usd": 0.529355,
        "total_cost_usd": 0.5384126
    }
}