{
    "f1_micro": 0.26706586826347306,
    "f1_macro": 0.258,
    "micro_precision": 0.32890855457227136,
    "micro_recall": 0.2247983870967742,
    "total_instances": 15,
    "total_tp": 223,
    "total_fp": 455,
    "total_fn": 769,
    "cost_summary": {
        "total_input_tokens": 50690,
        "total_output_tokens": 8794,
        "total_tokens": 59484,
        "input_cost_usd": 0.007603,
        "output_cost_usd": 0.001319,
        "total_cost_usd": 0.008923,
        "pricing_date": "2025-10-28",
        "input_price_per_million": 0.15,
        "output_price_per_million": 0.15
    }
}