{
    "f1_micro": 0.2689822294022617,
    "f1_macro": 0.24266666666666667,
    "micro_precision": 0.22439353099730458,
    "micro_recall": 0.33568548387096775,
    "total_instances": 15,
    "total_tp": 333,
    "total_fp": 1151,
    "total_fn": 659,
    "cost_summary": {
        "total_input_tokens": 34650,
        "total_output_tokens": 20655,
        "total_tokens": 55305,
        "input_cost_usd": 0.005197500000000001,
        "output_cost_usd": 0.0030982499999999994,
        "total_cost_usd": 0.00829575
    }
}