{
    "f1_macro": 0.56,
    "f1_micro": 0.57,
    "cost_summary": {
        "total_input_tokens": 201080,
        "total_output_tokens": 3276,
        "total_tokens": 204356,
        "input_cost_usd": 0.35189000000000004,
        "output_cost_usd": 0.04586400000000001,
        "total_cost_usd": 0.3977540000000001
    }
}