{
    "f1_micro": 0.3916793505834601,
    "f1_macro": 0.378,
    "micro_precision": 0.39427987742594484,
    "micro_recall": 0.38911290322580644,
    "total_instances": 15,
    "total_tp": 386,
    "total_fp": 593,
    "total_fn": 606,
    "cost_summary": {
        "total_input_tokens": 13725,
        "total_output_tokens": 8419,
        "total_tokens": 22144,
        "input_cost_usd": 0.034312,
        "output_cost_usd": 0.08419,
        "total_cost_usd": 0.118502,
        "pricing_date": "2025-10-28",
        "input_price_per_million": 2.5,
        "output_price_per_million": 10.0
    }
}