{
    "fuzzy": 83.61953350255311,
    "n": 50,
    "cost_summary": {
        "total_input_tokens": 39246,
        "total_output_tokens": 459826,
        "total_tokens": 499072,
        "input_cost_usd": 0.003924600000000001,
        "output_cost_usd": 0.18393040000000002,
        "total_cost_usd": 0.18785499999999997
    }
}