{
    "fuzzy": 79.8079183591452,
    "n": 50,
    "cost_summary": {
        "total_input_tokens": 35438,
        "total_output_tokens": 88087,
        "total_tokens": 123525,
        "input_cost_usd": 0.0035437999999999993,
        "output_cost_usd": 0.0352348,
        "total_cost_usd": 0.0387786
    }
}