{
    "f1_micro": 0.4306784660766962,
    "f1_macro": 0.44333333333333336,
    "micro_precision": 0.42034548944337813,
    "micro_recall": 0.4415322580645161,
    "total_instances": 15,
    "total_tp": 438,
    "total_fp": 604,
    "total_fn": 554,
    "cost_summary": {
        "total_input_tokens": 40921,
        "total_output_tokens": 15970,
        "total_tokens": 56891,
        "input_cost_usd": 0.010230250000000001,
        "output_cost_usd": 0.03194,
        "total_cost_usd": 0.042170250000000006
    }
}