{
    "f1_micro": 0.684657883552911,
    "f1_macro": 0.6662737642585551,
    "micro_precision": 0.7031863814927979,
    "micro_recall": 0.6670807453416149,
    "total_instances": 263,
    "total_tp": 1611,
    "total_fp": 680,
    "total_fn": 804,
    "cost_summary": {
        "total_input_tokens": 185415,
        "total_output_tokens": 766627,
        "total_tokens": 952042,
        "input_cost_usd": 0.018541,
        "output_cost_usd": 0.306651,
        "total_cost_usd": 0.325192,
        "pricing_date": "2025-10-01",
        "input_price_per_million": 0.1,
        "output_price_per_million": 0.4
    }
}