{
    "f1_micro": 0.6791330216744581,
    "f1_macro": 0.6610266159695817,
    "micro_precision": 0.6975120034919249,
    "micro_recall": 0.6616977225672878,
    "total_instances": 263,
    "total_tp": 1598,
    "total_fp": 693,
    "total_fn": 817,
    "cost_summary": {
        "total_input_tokens": 185415,
        "total_output_tokens": 766627,
        "total_tokens": 952042,
        "input_cost_usd": 0.018541,
        "output_cost_usd": 0.306651,
        "total_cost_usd": 0.325192,
        "pricing_date": "2025-10-01",
        "input_price_per_million": 0.1,
        "output_price_per_million": 0.4
    }
}