{
    "fuzzy": 0.727,
    "cer": 0.314,
    "cost_summary": {
        "total_input_tokens": 39408,
        "total_output_tokens": 3014,
        "total_tokens": 42422,
        "input_cost_usd": 0.011822400000000002,
        "output_cost_usd": 0.0072336,
        "total_cost_usd": 0.019056
    }
}