{
    "f1_micro": 0.4977375565610859,
    "f1_macro": 0.49333333333333335,
    "micro_precision": 0.49648946840521563,
    "micro_recall": 0.49899193548387094,
    "total_instances": 15,
    "total_tp": 495,
    "total_fp": 502,
    "total_fn": 497,
    "cost_summary": {
        "total_input_tokens": 28042,
        "total_output_tokens": 16995,
        "total_tokens": 45037,
        "input_cost_usd": 0.42063,
        "output_cost_usd": 1.274625,
        "total_cost_usd": 1.695255,
        "pricing_date": "2025-10-28",
        "input_price_per_million": 15.0,
        "output_price_per_million": 75.0
    }
}