{
    "f1_micro": 0.8072209340841339,
    "f1_macro": 0.8011026615969582,
    "micro_precision": 0.765149136577708,
    "micro_recall": 0.8541885734314757,
    "total_instances": 263,
    "total_tp": 2437,
    "total_fp": 748,
    "total_fn": 416
}