{
    "f1_micro": 0.8368117670443251,
    "f1_macro": 0.8326996197718631,
    "micro_precision": 0.8124276341181011,
    "micro_recall": 0.8627049180327869,
    "total_instances": 263,
    "total_tp": 2105,
    "total_fp": 486,
    "total_fn": 335
}