{
    "f1_micro": 0.8772510867315255,
    "f1_macro": 0.8709125475285171,
    "micro_precision": 0.8770695364238411,
    "micro_recall": 0.8774327122153209,
    "total_instances": 263,
    "total_tp": 2119,
    "total_fp": 297,
    "total_fn": 296
}