{
    "f1_micro": 0.8240242261103633,
    "f1_macro": 0.8189733840304182,
    "micro_precision": 0.7940985732814526,
    "micro_recall": 0.8562937062937063,
    "total_instances": 263,
    "total_tp": 2449,
    "total_fp": 635,
    "total_fn": 411
}