{
    "f1_micro": 0.8568464730290457,
    "f1_macro": 0.8514448669201521,
    "micro_precision": 0.8547185430463576,
    "micro_recall": 0.8589850249584027,
    "total_instances": 263,
    "total_tp": 2065,
    "total_fp": 351,
    "total_fn": 339
}