{
    "f1_micro": 0.8596237337192475,
    "f1_macro": 0.853041825095057,
    "micro_precision": 0.8605132450331126,
    "micro_recall": 0.8587360594795539,
    "total_instances": 263,
    "total_tp": 2079,
    "total_fp": 337,
    "total_fn": 342
}