{
    "f1_micro": 0.8669012626785344,
    "f1_macro": 0.8603802281368821,
    "micro_precision": 0.8667218543046358,
    "micro_recall": 0.867080745341615,
    "total_instances": 263,
    "total_tp": 2094,
    "total_fp": 322,
    "total_fn": 321
}