{
    "f1_micro": 0.8101223949718823,
    "f1_macro": 0.8041444866920152,
    "micro_precision": 0.7689167974882261,
    "micro_recall": 0.8559944075498077,
    "total_instances": 263,
    "total_tp": 2449,
    "total_fp": 736,
    "total_fn": 412
}