{
    "f1_micro": 0.4282765737874097,
    "f1_macro": 0.42933333333333334,
    "micro_precision": 0.43868921775898523,
    "micro_recall": 0.4183467741935484,
    "total_instances": 15,
    "total_tp": 415,
    "total_fp": 531,
    "total_fn": 577,
    "cost_summary": {
        "total_input_tokens": 23880,
        "total_output_tokens": 8635,
        "total_tokens": 32515,
        "input_cost_usd": 0.05969999999999998,
        "output_cost_usd": 0.08635000000000001,
        "total_cost_usd": 0.14604999999999999
    }
}