{
    "f1_micro": 0.45265822784810134,
    "f1_macro": 0.45466666666666666,
    "micro_precision": 0.4547304170905392,
    "micro_recall": 0.45060483870967744,
    "total_instances": 15,
    "total_tp": 447,
    "total_fp": 536,
    "total_fn": 545,
    "cost_summary": {
        "total_input_tokens": 37509,
        "total_output_tokens": 16993,
        "total_tokens": 54502,
        "input_cost_usd": 0.11252700000000002,
        "output_cost_usd": 0.25489500000000004,
        "total_cost_usd": 0.367422
    }
}