{
    "fuzzy": 72.39829644923977,
    "n": 50,
    "cost_summary": {
        "total_input_tokens": 31538,
        "total_output_tokens": 727350,
        "total_tokens": 758888,
        "input_cost_usd": 0.0094614,
        "output_cost_usd": 1.8183749999999996,
        "total_cost_usd": 1.8278364000000005
    }
}