{
    "f1_macro": 0.48,
    "f1_micro": 0.54,
    "cost_summary": {
        "total_input_tokens": 1301450,
        "total_output_tokens": 1711,
        "total_tokens": 1303161,
        "input_cost_usd": 0.19521750000000004,
        "output_cost_usd": 0.0010266000000000001,
        "total_cost_usd": 0.19624410000000003
    }
}