{
    "f1_macro": 0.48,
    "f1_micro": 0.57,
    "cost_summary": {
        "total_input_tokens": 44050,
        "total_output_tokens": 1475,
        "total_tokens": 45525,
        "input_cost_usd": 0.05506249999999998,
        "output_cost_usd": 0.014750000000000001,
        "total_cost_usd": 0.06981249999999999
    }
}