{
    "f1_macro": 0.57,
    "f1_micro": 0.58,
    "cost_summary": {
        "total_input_tokens": 126168,
        "total_output_tokens": 4552,
        "total_tokens": 130720,
        "input_cost_usd": 0.03154199999999998,
        "output_cost_usd": 0.006827999999999997,
        "total_cost_usd": 0.03837000000000002
    }
}