{
    "f1_micro": 0.4400826446280992,
    "f1_macro": 0.4233333333333334,
    "micro_precision": 0.451271186440678,
    "micro_recall": 0.42943548387096775,
    "total_instances": 15,
    "total_tp": 426,
    "total_fp": 518,
    "total_fn": 566,
    "cost_summary": {
        "total_input_tokens": 16800,
        "total_output_tokens": 26894,
        "total_tokens": 43694,
        "input_cost_usd": 0.03359999999999999,
        "output_cost_usd": 0.21515200000000004,
        "total_cost_usd": 0.24875199999999997
    }
}