{
    "f1_micro": 0.7885290674990246,
    "f1_macro": 0.7841444866920152,
    "micro_precision": 0.7454813721873847,
    "micro_recall": 0.8368530020703934,
    "total_instances": 263,
    "total_tp": 2021,
    "total_fp": 690,
    "total_fn": 394,
    "cost_summary": {
        "total_input_tokens": 302269,
        "total_output_tokens": 845420,
        "total_tokens": 1147689,
        "input_cost_usd": 0.11788490999999958,
        "output_cost_usd": 1.9782828000000015,
        "total_cost_usd": 2.096167710000001
    }
}