{
    "f1_micro": 0.823976023976024,
    "f1_macro": 0.8118032786885246,
    "micro_precision": 0.8291113791716928,
    "micro_recall": 0.8189038919777601,
    "total_instances": 61,
    "total_tp": 2062,
    "total_fp": 425,
    "total_fn": 456,
    "cost_summary": {
        "total_input_tokens": 159217,
        "total_output_tokens": 51305,
        "total_tokens": 210522,
        "input_cost_usd": 0.31843400000000016,
        "output_cost_usd": 0.30783000000000005,
        "total_cost_usd": 0.626264
    }
}