{
    "f1_micro": 0.44182621502209135,
    "f1_macro": 0.45933333333333337,
    "micro_precision": 0.430622009569378,
    "micro_recall": 0.4536290322580645,
    "total_instances": 15,
    "total_tp": 450,
    "total_fp": 595,
    "total_fn": 542,
    "cost_summary": {
        "total_input_tokens": 28230,
        "total_output_tokens": 15764,
        "total_tokens": 43994,
        "input_cost_usd": 0.00211725,
        "output_cost_usd": 0.004729199999999999,
        "total_cost_usd": 0.006846449999999999
    }
}