{
    "f1_micro": 0.402457757296467,
    "f1_macro": 0.38866666666666666,
    "micro_precision": 0.40894901144641,
    "micro_recall": 0.3961693548387097,
    "total_instances": 15,
    "total_tp": 393,
    "total_fp": 568,
    "total_fn": 599,
    "cost_summary": {
        "total_input_tokens": 41604,
        "total_output_tokens": 17407,
        "total_tokens": 59011,
        "input_cost_usd": 0.12481200000000002,
        "output_cost_usd": 0.261105,
        "total_cost_usd": 0.385917
    }
}