{
    "fuzzy": 0.5933719304096694,
    "cost_summary": {
        "total_input_tokens": 14549,
        "total_output_tokens": 58001,
        "total_tokens": 72550,
        "input_cost_usd": 0.00072745,
        "output_cost_usd": 0.023200400000000003,
        "total_cost_usd": 0.02392785
    }
}