{
    "fuzzy": 0.6150112626555682,
    "cost_summary": {
        "total_input_tokens": 15016,
        "total_output_tokens": 8659,
        "total_tokens": 23675,
        "input_cost_usd": 0.007508,
        "output_cost_usd": 0.0129885,
        "total_cost_usd": 0.0204965
    }
}