{
    "f1_micro": 0.3478701825557809,
    "f1_macro": 0.3993333333333334,
    "micro_precision": 0.35,
    "micro_recall": 0.34576612903225806,
    "total_instances": 15,
    "total_tp": 343,
    "total_fp": 637,
    "total_fn": 649,
    "cost_summary": {
        "total_input_tokens": 34650,
        "total_output_tokens": 13081,
        "total_tokens": 47731,
        "input_cost_usd": 0.01386,
        "output_cost_usd": 0.026162,
        "total_cost_usd": 0.04002200000000001
    }
}