{
    "f1_macro": 0.6,
    "f1_micro": 0.7,
    "cost_summary": {
        "total_input_tokens": 103495,
        "total_output_tokens": 19108,
        "total_tokens": 122603,
        "input_cost_usd": 0.026908699999999987,
        "output_cost_usd": 0.02980848,
        "total_cost_usd": 0.05671718000000001
    }
}