{
    "fuzzy": 0.726,
    "cer": 0.284,
    "cost_summary": {
        "total_input_tokens": 11934,
        "total_output_tokens": 36481,
        "total_tokens": 48415,
        "input_cost_usd": 0.001939275,
        "output_cost_usd": 0.047425300000000004,
        "total_cost_usd": 0.049364575
    }
}