{
    "f1_macro": 0.51,
    "f1_micro": 0.52,
    "cost_summary": {
        "total_input_tokens": 281805,
        "total_output_tokens": 4737,
        "total_tokens": 286542,
        "input_cost_usd": 0.07326930000000002,
        "output_cost_usd": 0.009852959999999997,
        "total_cost_usd": 0.08312226000000004
    }
}