{
    "f1_macro": 0.63,
    "f1_micro": 0.57,
    "cost_summary": {
        "total_input_tokens": 137390,
        "total_output_tokens": 3019,
        "total_tokens": 140409,
        "input_cost_usd": 0.6869499999999998,
        "output_cost_usd": 0.075475,
        "total_cost_usd": 0.7624250000000001
    }
}