{
    "f1_macro": 0.0,
    "f1_micro": 0.0,
    "cost_summary": {
        "total_input_tokens": 33345,
        "total_output_tokens": 2528,
        "total_tokens": 35873,
        "input_cost_usd": 0.003334499999999998,
        "output_cost_usd": 0.0007584000000000001,
        "total_cost_usd": 0.0040929
    }
}