{
    "fuzzy": 0.79,
    "cer": 0.216,
    "cost_summary": {
        "total_input_tokens": 19035,
        "total_output_tokens": 15143,
        "total_tokens": 34178,
        "input_cost_usd": 0.09517499999999998,
        "output_cost_usd": 0.378575,
        "total_cost_usd": 0.47375
    }
}