{
    "f1_micro": 0.8020366598778004,
    "f1_macro": 0.7969961977186312,
    "micro_precision": 0.7891783567134268,
    "micro_recall": 0.8153209109730849,
    "total_instances": 263,
    "total_tp": 1969,
    "total_fp": 526,
    "total_fn": 446
}